name,t_l1,t_rmse,t_pred_mean,t_gt_mean,t_pred_std,t_gt_std,spearman_tpred_tgt,spearman_depth_neglogt,rank_loss,tv_loss,proxy_loss,confidence_mean,airlight,stage2_gate_mean,stage2_gate_max,stage2_conf_mean,stage2_conf_min,stage2_gamma_abs_mean,stage2_beta_abs_mean,stage2_delta_abs_mean,stage3_gate_mean,stage3_gate_max,stage3_conf_mean,stage3_conf_min,stage3_gamma_abs_mean,stage3_beta_abs_mean,stage3_delta_abs_mean,output_delta_abs_mean
1001_0.89_1.66.png,0.18594126403331757,0.21709880232810974,0.2758539021015167,0.45859789848327637,0.21836461126804352,0.19351816177368164,0.8521301633682261,0.6113952936231312,0.5775682926177979,0.027660081163048744,0.2529774010181427,0.9470785856246948,0.8899999856948853,7.539253419963643e-05,8.029511081986129e-05,0.48108232021331787,0.1377507597208023,0.0010515409521758556,0.0009080872405320406,1.1189781190523718e-07,8.960770355770364e-05,0.00010165960702579468,0.48333701491355896,0.14078933000564575,0.0013852280098944902,0.0013808519579470158,2.1273373818075925e-07,0.000896499608643353
1003_0.9_1.06.png,0.1930805891752243,0.22918657958507538,0.32753339409828186,0.5177175402641296,0.22485867142677307,0.1961594969034195,0.8441096083762957,0.6007051011214437,0.5837445259094238,0.03131480887532234,0.20959608256816864,0.9466876983642578,0.8999999761581421,7.538484351243824e-05,8.027465810300782e-05,0.48091691732406616,0.1380259096622467,0.0010554023319855332,0.0009114962886087596,1.1811709299536233e-07,8.959163096733391e-05,0.00010161141108255833,0.48306044936180115,0.1410682052373886,0.0013870570110157132,0.0013828102964907885,2.1501327296391537e-07,0.0009688257123343647
1006_0.89_1.55.png,0.04706452041864395,0.05922559276223183,0.2791139483451843,0.29597070813179016,0.2309611290693283,0.24085621535778046,0.8403500785712494,0.8039626313856569,0.5943083167076111,0.02866310626268387,0.2468165159225464,0.9476891160011292,0.8899999856948853,7.543218816863373e-05,8.0498204624746e-05,0.48138102889060974,0.14463284611701965,0.0010522388620302081,0.0009088390506803989,9.724750071882227e-08,8.9851557277143e-05,0.00010218622628599405,0.48501068353652954,0.1492125689983368,0.001386778661981225,0.0013822444016113877,2.263918048583946e-07,0.0006019585416652262
1010_0.91_1.13.png,0.07161419093608856,0.09381722658872604,0.3775027096271515,0.4087565541267395,0.25456199049949646,0.2794443666934967,0.9663367377020221,0.9712390111884518,0.5628865361213684,0.02912846766412258,0.19820623099803925,0.9652332067489624,0.9100000262260437,7.673165237065405e-05,8.059744141064584e-05,0.49014973640441895,0.13430912792682648,0.0010427795350551605,0.0008969385526143014,1.0925970173047972e-07,9.272588067688048e-05,0.00010244429722661152,0.49974751472473145,0.1373092234134674,0.0013973434688523412,0.001391833764500916,2.392592648448044e-07,0.0006575846928171813
1012_0.85_1.28.png,0.06905888766050339,0.09140453487634659,0.36186131834983826,0.39701446890830994,0.2564249634742737,0.2772408723831177,0.9694347276024391,0.9711039163716897,0.5578997135162354,0.02779572084546089,0.21230249106884003,0.9654197096824646,0.8500000238418579,7.674847438465804e-05,8.059766696533188e-05,0.4902471899986267,0.1343071013689041,0.0010431032860651612,0.0008972239447757602,1.0686316187502598e-07,9.275221236748621e-05,0.00010244427539873868,0.49987053871154785,0.13730712234973907,0.0013975594192743301,0.0013920558849349618,2.3791159264874295e-07,0.0006364487926475704
1013_0.63_1.83.png,0.06031106412410736,0.07771372050046921,0.26909708976745605,0.3249821364879608,0.22392629086971283,0.24858742952346802,0.9759580719345609,0.9790437339538439,0.574871838092804,0.022952619940042496,0.2789838910102844,0.9754035472869873,0.6299999952316284,7.757679850328714e-05,8.058959792833775e-05,0.49536874890327454,0.13464851677417755,0.001045470591634512,0.000901702675037086,1.0146954565470878e-07,9.447926277061924e-05,0.00010241928976029158,0.5086401700973511,0.13738587498664856,0.0014046862488612533,0.0013990660663694143,2.254684119407102e-07,0.0007560416706837714
1017_0.91_1.44.png,0.061823680996894836,0.1050901785492897,0.32321858406066895,0.34812086820602417,0.2978273630142212,0.311161071062088,0.9115599316279768,0.9397873915821043,0.519989013671875,0.022598646581172943,0.23645378649234772,0.9763220548629761,0.9100000262260437,7.801987521816045e-05,8.055101352510974e-05,0.49635034799575806,0.13474711775779724,0.0011150988284498453,0.0009581889607943594,1.1414503120477093e-07,9.558721649227664e-05,0.00010231882333755493,0.5110607147216797,0.1377510279417038,0.0014435302000492811,0.0014401389053091407,2.2800328736138908e-07,0.0010193379130214453
1019_0.82_1.87.png,0.06348756700754166,0.10570167005062103,0.29640695452690125,0.3222693204879761,0.29078856110572815,0.2996896207332611,0.9245785720475358,0.940381652130175,0.5361087918281555,0.021407056599855423,0.24713720381259918,0.9764619469642639,0.8199999928474426,7.802262553013861e-05,8.054108184296638e-05,0.4964098036289215,0.13484477996826172,0.001113499398343265,0.0009569056564942002,1.1391028209573051e-07,9.559425961924717e-05,0.00010229770850855857,0.5111678242683411,0.1378498524427414,0.0014427861897274852,0.001439343555830419,2.2516825026741571e-07,0.0010224815923720598
1035_0.76_1.14.png,0.03816032037138939,0.05500316619873047,0.3227739632129669,0.33713653683662415,0.30238139629364014,0.3019190728664398,0.9694921388337147,0.9270845938975228,0.5208081603050232,0.021178383380174637,0.23692986369132996,0.9694685339927673,0.7599999904632568,7.722034933976829e-05,8.042572881095111e-05,0.4925161600112915,0.13606280088424683,0.0010654593352228403,0.0009182055364362895,1.072535980028988e-07,9.362161654280499e-05,0.00010200570977758616,0.5033418536186218,0.14016009867191315,0.0014103521825745702,0.0014056481886655092,2.2396784515876789e-07,0.000668433029204607
1038_0.87_1.29.png,0.10958307236433029,0.13791672885417938,0.3499475121498108,0.2546892762184143,0.25280892848968506,0.20392154157161713,0.9443383681051701,0.8749261578793517,0.5527361631393433,0.03136011213064194,0.1665453165769577,0.9658225178718567,0.8700000047683716,7.710941281402484e-05,8.051746408455074e-05,0.49091488122940063,0.1350887566804886,0.0011004992993548512,0.000946779502555728,1.2391842574288603e-07,9.362123819300905e-05,0.00010223480785498396,0.5017101168632507,0.1380959004163742,0.0014291646657511592,0.0014254898997023702,2.3414686722844635e-07,0.0010709087364375591
1039_0.79_1.79.png,0.07582318782806396,0.09969311207532883,0.2769918143749237,0.2186949998140335,0.23471929132938385,0.19721734523773193,0.9486384397555203,0.8747648715823964,0.5665048956871033,0.02726493962109089,0.20814462006092072,0.9665370583534241,0.7900000214576721,7.717826520092785e-05,8.052135672187433e-05,0.49129441380500793,0.13505221903324127,0.0011028845328837633,0.0009486690978519619,1.1876248606768058e-07,9.379538096254691e-05,0.00010224634752376005,0.5024816393852234,0.13805925846099854,0.0014311248669400811,0.0014275023713707924,2.334429041184194e-07,0.0009691616869531572
1040_0.78_2.0.png,0.06601253896951675,0.08834654092788696,0.25280916690826416,0.20474234223365784,0.22793306410312653,0.19427120685577393,0.9499044893507911,0.8737238113409677,0.5714290738105774,0.025663141161203384,0.22821871936321259,0.9668275713920593,0.7799999713897705,7.720750727457926e-05,8.052289922488853e-05,0.4914504885673523,0.1350340098142624,0.0011040978133678436,0.0009496338898316026,1.1700181090645856e-07,9.385855810251087e-05,0.00010224767902400345,0.5027496218681335,0.13804121315479279,0.0014319545589387417,0.001428357558324933,2.3355333667041123e-07,0.0009160205372609198
1049_0.97_1.09.png,0.08261822909116745,0.10396907478570938,0.3990724980831146,0.4028799831867218,0.21287211775779724,0.2717994153499603,0.9366637835970654,0.9501978214873165,0.5901626944541931,0.0370565764605999,0.1933966726064682,0.9431385397911072,0.9700000286102295,7.472088327631354e-05,8.04401861387305e-05,0.47858110070228577,0.1372402012348175,0.000984323676675558,0.0008527218014933169,9.721119909045228e-08,8.756371244089678e-05,0.0001019906485453248,0.4759068191051483,0.1402219831943512,0.0013442420167848468,0.0013378709554672241,2.052197629609509e-07,0.0005381982773542404
104_0.88_1.76.png,0.05510064586997032,0.07221806049346924,0.2504136860370636,0.26908621191978455,0.2575247287750244,0.22260193526744843,0.9645122179068157,0.8701174554926128,0.5653592348098755,0.020321611315011978,0.2612525224685669,0.9698321223258972,0.8799999952316284,7.735632971161976e-05,8.04110532044433e-05,0.4928499460220337,0.13650889694690704,0.0010881861671805382,0.0009360419935546815,1.1108228648026852e-07,9.433695959160104e-05,0.00010196324001299217,0.5059314966201782,0.13927903771400452,0.0014262114418670535,0.001422009663656354,2.3206244748052995e-07,0.0008146999171003699
1063_0.51_1.61.png,0.036372411996126175,0.04680340737104416,0.25230535864830017,0.25026291608810425,0.22697484493255615,0.22423754632472992,0.9390510123745255,0.889363818928094,0.5593255758285522,0.02357817254960537,0.2610931098461151,0.9702324867248535,0.5099999904632568,7.733114034635946e-05,8.045141294132918e-05,0.49297383427619934,0.13580726087093353,0.0010748544009402394,0.0009259781218133867,1.083539586943516e-07,9.386997408000752e-05,0.00010206481965724379,0.5040746927261353,0.13882194459438324,0.0014170316280797124,0.0014125424204394221,2.2327326121285296e-07,0.0008286397787742317
1069_0.66_1.4.png,0.04400485381484032,0.05266121029853821,0.28538838028907776,0.2582975924015045,0.26163578033447266,0.2838462293148041,0.937937578648646,0.9424095925936244,0.5413893461227417,0.023612510412931442,0.2410111278295517,0.9726086854934692,0.6600000262260437,7.745555194560438e-05,8.039495151024312e-05,0.49409064650535583,0.13668425381183624,0.0010635692160576582,0.0009165906230919063,1.1358324059074221e-07,9.428960038349032e-05,0.0001019223709590733,0.5069867968559265,0.13884420692920685,0.0014105619629845023,0.0014056871877983212,2.3139806160088483e-07,0.0007696604006923735
1072_0.58_0.58.png,0.12392100691795349,0.14066113531589508,0.3993319571018219,0.30615735054016113,0.23348122835159302,0.30130404233932495,0.8976664795375239,0.9398218028683414,0.5522376298904419,0.03322479873895645,0.1442888081073761,0.972554624080658,0.5799999833106995,7.738917338429019e-05,8.034350321395323e-05,0.4939768612384796,0.13730837404727936,0.0010516647016629577,0.0009069941006600857,1.2500028390149964e-07,9.415970998816192e-05,0.00010179242235608399,0.5068625807762146,0.1395391970872879,0.0014041387476027012,0.0013988781720399857,2.2921656750440889e-07,0.0009376342059113085
1079_0.77_1.21.png,0.10398238152265549,0.12906378507614136,0.3316973149776459,0.42565372586250305,0.17343257367610931,0.18128512799739838,0.8366948275766793,0.4572136945811891,0.6366339921951294,0.035329367965459824,0.2316393256187439,0.9122247695922852,0.7699999809265137,7.232066855067387e-05,8.025104034459218e-05,0.46296560764312744,0.13651373982429504,0.0009908754145726562,0.0008597729611210525,9.22924314750162e-08,8.329175034305081e-05,0.00010137676872545853,0.45359092950820923,0.13589687645435333,0.001331134932115674,0.001325844437815249,1.9445246834948193e-07,0.0006394282099790871
108_0.96_0.98.png,0.07960455864667892,0.10850521922111511,0.3007805645465851,0.23925763368606567,0.28502121567726135,0.2396918535232544,0.885519320990957,0.8893605579269412,0.5256413221359253,0.025184977799654007,0.22033536434173584,0.9539458155632019,0.9599999785423279,7.600515527883545e-05,8.040565444389358e-05,0.4846594035625458,0.13630793988704681,0.0010707159526646137,0.0009216859471052885,1.1602461569282241e-07,9.13931435206905e-05,0.00010195111826760694,0.4917142987251282,0.13932859897613525,0.0014047970762476325,0.0014006069395691156,2.2043667513571563e-07,0.0008456966606900096
1090_0.54_0.58.png,0.06811973452568054,0.08996215462684631,0.44607463479042053,0.4518183469772339,0.21559421718120575,0.23279808461666107,0.9181056700557623,0.8209718795600053,0.5883580446243286,0.03732448071241379,0.15736670792102814,0.9672070741653442,0.5400000214576721,7.704643212491646e-05,8.042176341405138e-05,0.4913780689239502,0.1361159235239029,0.0010640820255503058,0.0009182878420688212,1.1883805228762867e-07,9.299671364715323e-05,0.00010198958625551313,0.5003286600112915,0.1402140110731125,0.0014039990492165089,0.00139950355514884,2.2637952667992067e-07,0.001070489757694304
1098_0.8_0.51.png,0.19062022864818573,0.21619437634944916,0.4469894468784332,0.2761125862598419,0.26648643612861633,0.25779998302459717,0.8425534459603483,0.9023542983966375,0.5332953929901123,0.03689665347337723,0.19057375192642212,0.9651131629943848,0.800000011920929,7.717614062130451e-05,8.049073221627623e-05,0.4907243251800537,0.13536667823791504,0.0011259817983955145,0.0009662812226451933,1.5975348333086004e-07,9.388354374095798e-05,0.00010216681403107941,0.5018424391746521,0.13837669789791107,0.0014431315939873457,0.0014402942033484578,2.4792313979560276e-07,0.0012504986952990294
1104_0.89_1.59.png,0.03028508462011814,0.047716107219457626,0.20159338414669037,0.18197882175445557,0.27438870072364807,0.2585829496383667,0.8001334972384021,0.8787060804890491,0.5165404081344604,0.016338545829057693,0.26328882575035095,0.976380467414856,0.8899999856948853,7.820589235052466e-05,8.056533260969445e-05,0.49663078784942627,0.1346132904291153,0.001151421805843711,0.0009866281179711223,1.1330752158755786e-07,9.607660467736423e-05,0.00010236191883450374,0.5116974711418152,0.13761629164218903,0.001465420937165618,0.0014630842488259077,2.3637160495582066e-07,0.0007247600588016212
1108_0.58_1.2.png,0.05300220474600792,0.06857465952634811,0.25752004981040955,0.2700440585613251,0.24370567500591278,0.2279440462589264,0.8752216727770709,0.8970756583003872,0.54830002784729,0.02677871659398079,0.2152833640575409,0.9646790623664856,0.5799999833106995,7.713590457569808e-05,8.050260657910258e-05,0.4904959499835968,0.13523754477500916,0.0011233228724449873,0.0009643084486015141,1.2638186319691158e-07,9.339413372799754e-05,0.00010219971591141075,0.4994374215602875,0.1382465958595276,0.0014393458841368556,0.0014365037204697728,2.286148372832031e-07,0.0012645624810829759
1116_0.63_1.62.png,0.07106936722993851,0.09250863641500473,0.3037666976451874,0.36728253960609436,0.262104332447052,0.27735820412635803,0.9604966781783656,0.911295328139285,0.5539447069168091,0.02822565659880638,0.2522799074649811,0.967409610748291,0.6299999952316284,7.695327076362446e-05,8.02191425464116e-05,0.4913276731967926,0.13541609048843384,0.001044166274368763,0.000900919723790139,1.1057027649030715e-07,9.296416101278737e-05,0.00010148659202968702,0.5008665323257446,0.13911183178424835,0.0013958204071968794,0.0013906561071053147,2.3211327970784623e-07,0.0008967964677140117
1121_0.88_0.92.png,0.062297072261571884,0.10008660703897476,0.3435002565383911,0.3795446753501892,0.2845238447189331,0.30166736245155334,0.9490981121517106,0.9367236920758225,0.5459095239639282,0.03238924592733383,0.24550166726112366,0.9631875157356262,0.8799999952316284,7.642473065061495e-05,8.019072993192822e-05,0.4889151155948639,0.13923920691013336,0.0010084346868097782,0.0008721671183593571,1.1221291629226471e-07,9.209890413330868e-05,0.0001014072258840315,0.4983125925064087,0.14229856431484222,0.001374365878291428,0.0013680376578122377,2.2071407101975637e-07,0.00047516816994175315
1124_0.74_1.17.png,0.06524810940027237,0.10275474935770035,0.31074249744415283,0.36198750138282776,0.2779560983181,0.2969011664390564,0.9548914104367858,0.9374209539243764,0.544681191444397,0.029902301728725433,0.2684684991836548,0.9639477133750916,0.7400000095367432,7.651639316463843e-05,8.02428912720643e-05,0.48934441804885864,0.1384725421667099,0.00101470819208771,0.0008771511493250728,1.1300990365725738e-07,9.226294059772044e-05,0.00010153609764529392,0.4988614320755005,0.14152081310749054,0.0013782555470243096,0.0013721046270802617,2.2046690162369487e-07,0.0005133667145855725
1125_0.72_1.76.png,0.08726920187473297,0.13445843756198883,0.2874961197376251,0.35911840200424194,0.24498775601387024,0.285133957862854,0.9360002612416511,0.8865300227585327,0.6056629419326782,0.026562169194221497,0.3048243224620819,0.9680513739585876,0.7200000286102295,7.687057222938165e-05,8.053450437728316e-05,0.4914666414260864,0.13490645587444305,0.0010208500316366553,0.00088237359886989,1.0428039587395688e-07,9.314131602877751e-05,0.00010228168684989214,0.5030230283737183,0.13791212439537048,0.0013864339562132955,0.0013802637113258243,2.1779824521672708e-07,0.0007537280325777829
1126_0.73_0.82.png,0.10000935196876526,0.1433974653482437,0.37069323658943176,0.42834681272506714,0.23261810839176178,0.2976717948913574,0.9135910628846502,0.8689373967388428,0.5939854383468628,0.03324785456061363,0.23612800240516663,0.9664779901504517,0.7300000190734863,7.669753540540114e-05,8.046678703976795e-05,0.490601122379303,0.13560821115970612,0.0010112808085978031,0.0008746470557525754,1.1454974213620517e-07,9.28334629861638e-05,0.00010211335029453039,0.5018733739852905,0.13862097263336182,0.0013801364693790674,0.0013737177941948175,2.2256371323692292e-07,0.0007770623778924346
1127_0.91_0.61.png,0.10070990771055222,0.1348772495985031,0.4099782109260559,0.44448912143707275,0.22932741045951843,0.29990440607070923,0.9155273950691644,0.8696811859313128,0.6069586873054504,0.03441404551267624,0.20356464385986328,0.9664272665977478,0.9100000262260437,7.67052624723874e-05,8.049087773542851e-05,0.49059173464775085,0.13535600900650024,0.0010136020136997104,0.0008765049278736115,1.1625093776501672e-07,9.2841059085913e-05,0.00010216914233751595,0.5018070936203003,0.13836583495140076,0.0013813745463266969,0.001375028514303267,2.245481738327726e-07,0.0007780750747770071
1133_0.68_1.41.png,0.06419797986745834,0.09970302134752274,0.35147279500961304,0.3775787949562073,0.21411600708961487,0.23180273175239563,0.9181225213202168,0.8923782450207971,0.5812253952026367,0.03286627680063248,0.20843562483787537,0.9442964196205139,0.6800000071525574,7.497287151636556e-05,8.05899835540913e-05,0.4793916642665863,0.13571670651435852,0.0010140168014913797,0.0008771857246756554,9.578670301380043e-08,8.840963710099459e-05,0.00010242618009215221,0.47872039675712585,0.13845612108707428,0.0013641383266076446,0.0013586319983005524,2.0593405736235582e-07,0.0007996181957423687
1134_0.69_1.2.png,0.06417778879404068,0.09762489050626755,0.37943363189697266,0.3961552381515503,0.2170952707529068,0.23492483794689178,0.9134843031709896,0.8892774254686212,0.5877826809883118,0.034147538244724274,0.1850406527519226,0.9423138499259949,0.6899999976158142,7.480609201593325e-05,8.058887033257633e-05,0.4783720374107361,0.1357656717300415,0.0010119974613189697,0.0008754737209528685,9.724076477368726e-08,8.806718687992543e-05,0.00010241797281196341,0.47701746225357056,0.13842718303203583,0.001361751346848905,0.0013562495587393641,2.0592649718764733e-07,0.000807373144198209
1139_0.58_1.05.png,0.11589264869689941,0.13002313673496246,0.3122616112232208,0.38729795813560486,0.24966932833194733,0.16711227595806122,0.9171752010646894,0.880932826169051,0.563831090927124,0.030358940362930298,0.23035043478012085,0.9569498300552368,0.5799999833106995,7.619513053214177e-05,8.042214176384732e-05,0.48611801862716675,0.13613851368427277,0.0010586022399365902,0.000913179770577699,1.3736558912569308e-07,9.06962959561497e-05,0.00010198759264312685,0.48860177397727966,0.13915693759918213,0.0013950630091130733,0.00139057042542845,2.279568320773251e-07,0.0011950910557061434
113_0.65_1.81.png,0.054305851459503174,0.08105454593896866,0.23751257359981537,0.1882280856370926,0.2675231397151947,0.2418966442346573,0.9557009442462256,0.9239036059608898,0.5316699743270874,0.02101989835500717,0.23514266312122345,0.9694087505340576,0.6499999761581421,7.755147089483216e-05,8.055753278313205e-05,0.492950439453125,0.1346849650144577,0.0011327645042911172,0.0009707503486424685,1.2416464301168162e-07,9.435877291252837e-05,0.0001023377844830975,0.5038613677024841,0.13715684413909912,0.0014482238329946995,0.0014455928467214108,2.3404668070270418e-07,0.000982874073088169
1147_0.56_1.1.png,0.06850995123386383,0.087066151201725,0.3757011592388153,0.43010157346725464,0.26369473338127136,0.27366480231285095,0.977536570625482,0.9420603182205922,0.5559684038162231,0.030928445979952812,0.17539753019809723,0.9709060192108154,0.5600000023841858,7.738417480140924e-05,8.052396879065782e-05,0.49331560730934143,0.13501138985157013,0.0010745987528935075,0.0009259320795536041,1.3199317550061096e-07,9.39576857490465e-05,0.00010225214646197855,0.5047106742858887,0.13801813125610352,0.0014155308017507195,0.001411069999448955,2.3315126895795402e-07,0.0012029181234538555
1152_0.65_1.76.png,0.0257665254175663,0.03653739020228386,0.195399671792984,0.18999795615673065,0.22971183061599731,0.23800942301750183,0.9655645513417018,0.9383103036102582,0.5836794376373291,0.01775350794196129,0.3252444267272949,0.9575477838516235,0.6499999761581421,7.624605495948344e-05,8.040630928007886e-05,0.48642635345458984,0.13632382452487946,0.0010605242568999529,0.0009143349016085267,1.0125855709475218e-07,9.215540922014043e-05,0.0001019506307784468,0.49604612588882446,0.14042317867279053,0.0014024325646460056,0.001397875603288412,2.1611312206459843e-07,0.000669462198857218
1154_0.96_0.62.png,0.08818141371011734,0.11905869841575623,0.41010206937789917,0.3550942838191986,0.27712514996528625,0.27212098240852356,0.9438722035350471,0.9428866689821452,0.5419688820838928,0.038468144834041595,0.18605679273605347,0.9589968323707581,0.9599999785423279,7.657804962946102e-05,8.045269350986928e-05,0.4874640107154846,0.13576465845108032,0.0011009121080860496,0.0009470134391449392,1.2866237852904305e-07,9.192839206662029e-05,0.00010207206651102751,0.4929119944572449,0.13877896964550018,0.0014219664735719562,0.0014185813488438725,2.3185536690562003e-07,0.0010869879042729735
1155_0.63_1.27.png,0.06759113818407059,0.09658987075090408,0.3260215222835541,0.3065946698188782,0.267939031124115,0.25556862354278564,0.9624664856937607,0.9430510067296575,0.534467875957489,0.03488626331090927,0.20684494078159332,0.9590165019035339,0.6299999952316284,7.657704554731026e-05,8.045066351769492e-05,0.48747047781944275,0.13578882813453674,0.0011003699619323015,0.0009465930052101612,1.305096759551816e-07,9.196576138492674e-05,0.00010206735169049352,0.4931165277957916,0.13880375027656555,0.0014219378354027867,0.0014185337349772453,2.2955954648296029e-07,0.001129030715674162
1157_0.56_1.98.png,0.056843627244234085,0.07882682979106903,0.27172380685806274,0.27138015627861023,0.25248029828071594,0.2424876093864441,0.936574807296575,0.9582398454927924,0.5555011034011841,0.03303089365363121,0.23589688539505005,0.9676578640937805,0.5600000023841858,7.725279283476993e-05,8.052442717598751e-05,0.4918421506881714,0.1350214034318924,0.0011001707753166556,0.0009459142456762493,1.3875759918846597e-07,9.380638221045956e-05,0.00010225103324046358,0.5026401281356812,0.1380283683538437,0.0014293629210442305,0.001425689784809947,2.3707804075456806e-07,0.001095869462005794
1163_0.95_1.89.png,0.03418176993727684,0.05253292992711067,0.1936897486448288,0.17722904682159424,0.24038386344909668,0.20884259045124054,0.9213260494266982,0.9300790266800821,0.5584899187088013,0.016923759132623672,0.33103346824645996,0.9707484841346741,0.949999988079071,7.73309002397582e-05,8.045433787629008e-05,0.4931774437427521,0.1357492059469223,0.001069384510628879,0.0009208826231770217,1.0403002903558445e-07,9.405657328898087e-05,0.00010208074672846124,0.5053452849388123,0.13876323401927948,0.001415180740877986,0.0014104718575254083,2.3287751105272037e-07,0.000758543552365154
1164_0.79_1.96.png,0.034212902188301086,0.05190702900290489,0.19249702990055084,0.17344880104064941,0.23676808178424835,0.20720280706882477,0.9038323031661403,0.9298011963599991,0.5567333102226257,0.016303986310958862,0.33075907826423645,0.9707179665565491,0.7900000214576721,7.733470556559041e-05,8.046045695664361e-05,0.4931706190109253,0.13568410277366638,0.0010705760214477777,0.0009218560298904777,1.0180959009176149e-07,9.404994489159435e-05,0.0001020897543639876,0.5052654147148132,0.13869741559028625,0.0014156647957861423,0.001410988625138998,2.2988147918567847e-07,0.0007735936087556183
1167_0.95_0.68.png,0.08862970769405365,0.11450544744729996,0.3618101477622986,0.3066955804824829,0.2895524799823761,0.24643342196941376,0.9369148593965714,0.8431497749133403,0.512220025062561,0.031201079487800598,0.17319925129413605,0.9500884413719177,0.949999988079071,7.571115565951914e-05,8.035919745452702e-05,0.4827191233634949,0.1368669867515564,0.0010733065428212285,0.000923939747735858,1.2829997331209597e-07,9.131499973591417e-05,0.00010183682752540335,0.49113690853118896,0.13989414274692535,0.0014067268930375576,0.0014026184799149632,2.2592487880501722e-07,0.0009906571358442307
1174_0.74_1.33.png,0.08018943667411804,0.11833953112363815,0.25558197498321533,0.3245773911476135,0.20322948694229126,0.26274779438972473,0.959266442980884,0.9771482879119577,0.5838577747344971,0.026654521003365517,0.2274535596370697,0.9728527069091797,0.7400000095367432,7.768623618176207e-05,8.059247920755297e-05,0.4945101737976074,0.13435238599777222,0.0011014370247721672,0.0009485253831371665,1.1202055105741238e-07,9.482790483161807e-05,0.00010243058204650879,0.5077641010284424,0.13735350966453552,0.0014335612067952752,0.0014298588503152132,2.2876901084600831e-07,0.0008779261261224747
1178_0.68_0.85.png,0.14664186537265778,0.18783584237098694,0.2820824980735779,0.2677531838417053,0.1933678686618805,0.2628514766693115,0.824189741474866,0.9236216622381779,0.6104030609130859,0.03697432950139046,0.27480578422546387,0.9728305339813232,0.6800000071525574,7.747930067125708e-05,8.052145858528093e-05,0.49420979619026184,0.13504286110401154,0.0010677904356271029,0.0009188514668494463,1.5169000278092426e-07,9.471658995607868e-05,0.0001022468350129202,0.5088037848472595,0.1380496770143509,0.0014174407115206122,0.0014125484740361571,2.393886120444222e-07,0.0010560310911387205
1182_0.63_1.77.png,0.06840501725673676,0.09962495416402817,0.201999232172966,0.26262563467025757,0.2192143350839615,0.26398107409477234,0.9579026049106157,0.9703818044383532,0.5677882432937622,0.022641580551862717,0.2963867783546448,0.9650566577911377,0.6299999952316284,7.699315756326541e-05,8.052518387557939e-05,0.490447461605072,0.13479368388652802,0.0010893295984715223,0.0009370964835397899,1.1563599855435314e-07,9.35196439968422e-05,0.00010225243022432551,0.5015693306922913,0.13801415264606476,0.0014233433175832033,0.001419383566826582,2.182724898602828e-07,0.0009094949346035719
118_0.72_0.71.png,0.11145707964897156,0.12951286137104034,0.42581892013549805,0.33440959453582764,0.17396500706672668,0.190779447555542,0.851966064843337,0.584979007164826,0.6181125044822693,0.04164396971464157,0.18393030762672424,0.9397005438804626,0.7200000286102295,7.447287498507649e-05,8.03128132247366e-05,0.4768693149089813,0.13846629858016968,0.0009918003343045712,0.0008577816770412028,1.0622036228369325e-07,8.828890713630244e-05,0.00010170643508899957,0.4791255295276642,0.14127478003501892,0.0013529403368011117,0.0013467944227159023,2.057697088275745e-07,0.000698944553732872
1195_0.65_1.61.png,0.06565777212381363,0.08991602063179016,0.25852757692337036,0.3144303262233734,0.2596726715564728,0.2864956557750702,0.9696788183274389,0.9522487415566953,0.5631405115127563,0.02449832856655121,0.28653645515441895,0.9657578468322754,0.6499999761581421,7.688369805691764e-05,8.059411629801616e-05,0.4905715584754944,0.1343398541212082,0.0010588908335193992,0.0009117306326515973,1.1943318156681926e-07,9.263214451493695e-05,0.00010243172437185422,0.4984397292137146,0.13734056055545807,0.0014032364124432206,0.0013984635006636381,2.222364230419771e-07,0.0011934710200875998
1199_0.86_0.65.png,0.06301267445087433,0.08883913606405258,0.2584972083568573,0.20948724448680878,0.26207610964775085,0.2578699290752411,0.8484528748755479,0.8647815712297952,0.5153073072433472,0.022587761282920837,0.21837562322616577,0.9714758396148682,0.8600000143051147,7.774056575726718e-05,8.051935583353043e-05,0.49403563141822815,0.13506747782230377,0.0011366300750523806,0.000974658178165555,1.28683538491714e-07,9.492043318459764e-05,0.00010223854042124003,0.5065129995346069,0.13807475566864014,0.0014530477346852422,0.0014503939310088754,2.3249565117566817e-07,0.0010777133284136653
1207_0.7_1.43.png,0.04790289327502251,0.06169189512729645,0.20502141118049622,0.18376660346984863,0.1615488976240158,0.14670923352241516,0.7792029527686799,0.6304569203009045,0.6316447854042053,0.027218354865908623,0.3391391336917877,0.9261942505836487,0.699999988079071,7.357806316576898e-05,8.030426397453994e-05,0.4702622592449188,0.13999156653881073,0.0010222095297649503,0.0008834764594212174,9.724520566578576e-08,8.507440361427143e-05,0.00010170118912355974,0.4613039791584015,0.14647004008293152,0.0013528544222936034,0.001348255667835474,2.0336939599019388e-07,0.0006709459703415632
1216_0.65_1.09.png,0.05411485210061073,0.07138518989086151,0.2710495591163635,0.3179781436920166,0.25375521183013916,0.2715398967266083,0.9647273789185236,0.967867674671741,0.5345044732093811,0.02476375550031662,0.21197053790092468,0.9701646566390991,0.6499999761581421,7.754038961138576e-05,8.060933760134503e-05,0.4932360351085663,0.13419458270072937,0.0011167156044393778,0.0009588475222699344,1.2934769699768367e-07,9.452396625420079e-05,0.00010247536556562409,0.5053851008415222,0.13719402253627777,0.001441241824068129,0.0014380821958184242,2.353241939090367e-07,0.0011646642815321684
1217_0.82_0.83.png,0.040643539279699326,0.06224216893315315,0.32973769307136536,0.3402165472507477,0.3303433060646057,0.3589027523994446,0.9382571736794217,0.9171681397574092,0.47613847255706787,0.020271118730306625,0.22793857753276825,0.9534778594970703,0.8199999928474426,7.61396877351217e-05,8.041379624046385e-05,0.4846591353416443,0.13620363175868988,0.0010998827638104558,0.0009442585869692266,1.1800518251448011e-07,9.126363147515804e-05,0.00010197343362960964,0.48891517519950867,0.13922294974327087,0.0014190087094902992,0.00141602149233222,2.2140064004361193e-07,0.0008879379602149129
1220_0.82_1.9.png,0.024224378168582916,0.04104476422071457,0.2865821421146393,0.29260167479515076,0.33596333861351013,0.3413851261138916,0.9244952423763595,0.9200756331377913,0.4771539270877838,0.01725929044187069,0.2569348216056824,0.9528982043266296,0.8199999928474426,7.609518070239574e-05,8.041862020036206e-05,0.4843668043613434,0.1361466348171234,0.0011002158280462027,0.0009443885064683855,1.0641880265893633e-07,9.116016735788435e-05,0.00010198608651990071,0.48832544684410095,0.1391652226448059,0.001418899861164391,0.0014159620041027665,2.1530493654609018e-07,0.0005393746541813016
1226_0.82_0.78.png,0.051446668803691864,0.06886055320501328,0.3822294771671295,0.40593191981315613,0.25074145197868347,0.2828022241592407,0.9679657483978261,0.9537676422297187,0.558050274848938,0.03027966246008873,0.2015816569328308,0.9704185724258423,0.8199999928474426,7.701604772591963e-05,8.037203224375844e-05,0.49260807037353516,0.13671168684959412,0.0010137239005416632,0.0008756060851737857,1.1265793631309862e-07,9.323561971541494e-05,0.00010186828876612708,0.5038154125213623,0.13973690569400787,0.0013827023794874549,0.0013762875460088253,2.2794164067363454e-07,0.0008131398353725672
1232_0.77_0.99.png,0.06084303557872772,0.07460124045610428,0.30645477771759033,0.3384843170642853,0.26481127738952637,0.24112296104431152,0.9721049986424949,0.909488128740928,0.5473236441612244,0.026113834232091904,0.22454491257667542,0.9688392877578735,0.7699999809265137,7.737630949122831e-05,8.046107541304082e-05,0.4924844801425934,0.13570378720760345,0.0011033123591914773,0.0009494975674897432,1.3083528926927102e-07,9.396899258717895e-05,0.00010208669846178964,0.5032055974006653,0.13871735334396362,0.0014311523409560323,0.0014275918947532773,2.3026821338589798e-07,0.0011304669314995408
1233_0.54_0.63.png,0.06784471869468689,0.08591111749410629,0.4463769197463989,0.4559091627597809,0.22979746758937836,0.275890976190567,0.956888117089911,0.942374766798909,0.5769717693328857,0.036826878786087036,0.14939938485622406,0.9560469388961792,0.5400000214576721,7.582205580547452e-05,8.039690874284133e-05,0.48523905873298645,0.13707375526428223,0.0010012390557676554,0.0008657459984533489,1.120209489613444e-07,9.057927672984079e-05,0.0001019322153297253,0.4903620481491089,0.14027097821235657,0.0013671622145920992,0.0013607501750811934,2.1631096558394347e-07,0.0007887313258834183
1246_0.62_2.0.png,0.11857740581035614,0.1514119654893875,0.3419744074344635,0.22579924762248993,0.2624977231025696,0.21125581860542297,0.95263992618846,0.9481795479161932,0.5537025928497314,0.03187965974211693,0.18413972854614258,0.9675102829933167,0.6200000047683716,7.705735333729535e-05,8.047054870985448e-05,0.4915134906768799,0.13583369553089142,0.001063863281160593,0.0009177237516269088,1.2484969147408265e-07,9.330094326287508e-05,0.0001021175121422857,0.5018106698989868,0.13859158754348755,0.0014094964135438204,0.001404650742188096,2.3447499586382037e-07,0.0010047941468656063
1267_0.75_1.55.png,0.043711379170417786,0.06381651014089584,0.29018306732177734,0.32187405228614807,0.2497575283050537,0.2656906247138977,0.935691598748311,0.9382021253386428,0.5320406556129456,0.026360616087913513,0.20178376138210297,0.9560306668281555,0.75,7.663151336601004e-05,8.056875958573073e-05,0.48635900020599365,0.13457778096199036,0.0011564269661903381,0.0009911989327520132,1.163855287700244e-07,9.242021769750863e-05,0.0001023666700348258,0.4926680326461792,0.13758060336112976,0.0014513788046315312,0.0014499443350359797,2.2885156170104892e-07,0.0011834136676043272
1270_0.74_1.52.png,0.04558189958333969,0.06567732989788055,0.28487563133239746,0.3122585415840149,0.2829371690750122,0.309478759765625,0.9176941837213628,0.9411008015075543,0.519351065158844,0.024292143061757088,0.24088053405284882,0.9688702821731567,0.7400000095367432,7.716433174209669e-05,8.03691873443313e-05,0.492200642824173,0.13675515353679657,0.0010639162501320243,0.000917046912945807,1.1825513013263844e-07,9.360152762383223e-05,0.00010185717837885022,0.503182053565979,0.1397811770439148,0.0014103238936513662,0.0014054675120860338,2.285002409507797e-07,0.0010045563103631139
1275_0.54_1.73.png,0.03710642084479332,0.049063198268413544,0.23980548977851868,0.22907257080078125,0.2434670776128769,0.24195829033851624,0.9139495638552025,0.9599650264547309,0.557786226272583,0.022105898708105087,0.2731208801269531,0.974116325378418,0.5400000214576721,7.768507930450141e-05,8.058650564635172e-05,0.4950070083141327,0.13441146910190582,0.0010861909249797463,0.0009341049590148032,1.1881481754016932e-07,9.495013364357874e-05,0.00010241367272101343,0.5090867280960083,0.13741254806518555,0.0014280255418270826,0.0014237004797905684,2.23300304469376e-07,0.0010920866625383496
1284_0.58_1.58.png,0.05504221096634865,0.0834919735789299,0.28587400913238525,0.29600003361701965,0.28315967321395874,0.28210610151290894,0.9608923709313818,0.9378239798172344,0.5305671691894531,0.026886820793151855,0.2685581147670746,0.9630423188209534,0.5799999833106995,7.659818220417947e-05,8.01917485659942e-05,0.48909783363342285,0.13918237388134003,0.001043200376443565,0.0008992868242785335,1.3106038920795982e-07,9.225751273334026e-05,0.00010141387610929087,0.4968326687812805,0.14224077761173248,0.0013942483346909285,0.001388924545608461,2.2310422309601563e-07,0.0009749796590767801
1290_0.95_1.76.png,0.035833775997161865,0.056719228625297546,0.18836642801761627,0.20685553550720215,0.23450341820716858,0.24093839526176453,0.8258387832856642,0.8531122906075196,0.521592915058136,0.01997663453221321,0.2853320837020874,0.9650917053222656,0.949999988079071,7.718694541836157e-05,8.030523167690262e-05,0.49073249101638794,0.13783682882785797,0.0011253136908635497,0.0009664545068517327,1.109628513518146e-07,9.412823419552296e-05,0.0001016913665807806,0.5029943585395813,0.1406317949295044,0.0014435647753998637,0.0014406710397452116,2.2508976371682365e-07,0.0007412178674712777
12_0.9_1.75.png,0.04763256758451462,0.06312338262796402,0.22844690084457397,0.26105552911758423,0.21926331520080566,0.25287050008773804,0.9636084671571589,0.9444462114605546,0.5907772779464722,0.022816374897956848,0.31125572323799133,0.955069899559021,0.8999999761581421,7.591731991851702e-05,8.053756027948111e-05,0.4849855899810791,0.13709041476249695,0.0010348745854571462,0.0008941544219851494,9.718718274598359e-08,9.108886297326535e-05,0.00010228412429569289,0.4919968247413635,0.1411622315645218,0.001385230803862214,0.001379875116981566,2.2865222604195878e-07,0.0005882380646653473
1307_0.92_1.87.png,0.04303006827831268,0.06074389070272446,0.26038071513175964,0.2952806353569031,0.2751607596874237,0.28191059827804565,0.9714012221930794,0.9785502713584058,0.539587676525116,0.019770782440900803,0.23681007325649261,0.9720220565795898,0.9200000166893005,7.761864981148392e-05,8.059956599026918e-05,0.49408358335494995,0.1342889368534088,0.001103333430364728,0.0009484750335104764,1.0549186413300049e-07,9.463804599363357e-05,0.0001024455123115331,0.5066512823104858,0.1372891515493393,0.0014347092946991324,0.0014310438418760896,2.2795013876475423e-07,0.0008478127419948578
1310_0.53_1.28.png,0.05327863618731499,0.0723482221364975,0.29704082012176514,0.25451257824897766,0.2506958842277527,0.23367759585380554,0.9589941789669922,0.9552070865708641,0.5495902299880981,0.024986276403069496,0.1914253979921341,0.9736947417259216,0.5299999713897705,7.778894359944388e-05,8.0565718235448e-05,0.49498412013053894,0.13460305333137512,0.0011125376913696527,0.0009553428972139955,1.209981661531856e-07,9.504154877504334e-05,0.00010236210800940171,0.5083065629005432,0.13760586082935333,0.001441527740098536,0.0014380624052137136,2.295508636507293e-07,0.0010742292506620288
1323_0.89_0.88.png,0.05871129408478737,0.07634016126394272,0.3935285210609436,0.4367794990539551,0.2623046636581421,0.28452253341674805,0.9786425076140435,0.9490486656891428,0.5483503937721252,0.031925566494464874,0.15996713936328888,0.9704985618591309,0.8899999856948853,7.730538345640525e-05,8.044872811296955e-05,0.4930446147918701,0.1358116716146469,0.0010654405923560262,0.0009186842944473028,1.1394939036790674e-07,9.381968266097829e-05,0.00010206239676335827,0.5044078230857849,0.13882644474506378,0.001410521799698472,0.0014057608786970377,2.3256620806932915e-07,0.0009564089705236256
1324_0.55_1.43.png,0.08636868000030518,0.10633991658687592,0.31510642170906067,0.39346837997436523,0.25578773021698,0.2761317789554596,0.9764478179041609,0.9489225705183414,0.5629323720932007,0.028790239244699478,0.21247710287570953,0.9703168869018555,0.550000011920929,7.732902304269373e-05,8.049760072026402e-05,0.4930049777030945,0.1352832168340683,0.0010729753412306309,0.0009246327681466937,1.232729118783027e-07,9.386497549712658e-05,0.000102186510048341,0.504286527633667,0.13829275965690613,0.0014145703753456473,0.0014100531116127968,2.3097571499874903e-07,0.001129942131228745
1333_0.79_1.62.png,0.07049178332090378,0.09539058059453964,0.3428966999053955,0.38824453949928284,0.1948404759168625,0.22740741074085236,0.9286732952135888,0.9584187001296237,0.5997653007507324,0.029478350654244423,0.29793286323547363,0.9703128933906555,0.7900000214576721,7.671707135159522e-05,8.049547614064068e-05,0.4921494424343109,0.1353587955236435,0.0009592829155735672,0.0008311083074659109,9.139930767787519e-08,9.249131835531443e-05,0.00010218098032055423,0.5025388598442078,0.13944534957408905,0.0013511590659618378,0.0013431170955300331,2.0978399106752477e-07,0.0004807376826647669
1338_0.83_1.25.png,0.05956243723630905,0.07916754484176636,0.3695939779281616,0.32073506712913513,0.2747289836406708,0.24342498183250427,0.9806404539367408,0.9589817456317254,0.5498707890510559,0.02816954255104065,0.20570121705532074,0.9639055728912354,0.8299999833106995,7.652826752746478e-05,8.019544475246221e-05,0.48934516310691833,0.13942871987819672,0.001014955691061914,0.0008779489435255527,1.0418618501262245e-07,9.248855349142104e-05,0.00010141157690668479,0.4996577203273773,0.14225426316261292,0.001381151145324111,0.0013749497011303902,2.1834985375335236e-07,0.0007519391365349293
1339_0.65_1.47.png,0.05455220490694046,0.07475476711988449,0.34133854508399963,0.3039810359477997,0.26754650473594666,0.23802298307418823,0.9777093515671114,0.9588680763211682,0.5506089925765991,0.027593379840254784,0.23211835324764252,0.964127242565155,0.6499999761581421,7.652059866813943e-05,8.01677379058674e-05,0.48942241072654724,0.1398891657590866,0.0010101251536980271,0.0008740246412344277,1.0806581940414617e-07,9.247812704415992e-05,0.0001013411019812338,0.49981942772865295,0.14272384345531464,0.0013787500793114305,0.0013723918236792088,2.165195382985985e-07,0.0008248466765508056
133_0.75_1.91.png,0.03464314714074135,0.04623667150735855,0.24144791066646576,0.24275127053260803,0.2593191862106323,0.23642805218696594,0.9178402591678564,0.9522190973478125,0.5322269797325134,0.018995732069015503,0.2349691540002823,0.9686961770057678,0.75,7.743867172393948e-05,8.060023537836969e-05,0.4925118088722229,0.13428345322608948,0.0011193713871762156,0.0009613036527298391,1.1296095436819087e-07,9.405317541677505e-05,0.00010244766599498689,0.5028673410415649,0.13728360831737518,0.001440247637219727,0.00143721466884017,2.3150887784595398e-07,0.0009537353762425482
1348_0.85_0.74.png,0.047338079661130905,0.06645885854959488,0.2520493268966675,0.2545889616012573,0.2538701593875885,0.27527469396591187,0.8861199749331737,0.8591480045446628,0.5246434807777405,0.026966463774442673,0.25058335065841675,0.970611572265625,0.8500000238418579,7.742996967863292e-05,8.028532465687022e-05,0.4932622015476227,0.13785167038440704,0.0010884744115173817,0.0009366258746013045,1.2326978549026535e-07,9.409455378772691e-05,0.0001016429450828582,0.5048276782035828,0.14089149236679077,0.001421441906131804,0.0014174593379721045,2.253654685091533e-07,0.0008879299275577068
1349_0.94_1.22.png,0.07621616125106812,0.09306126832962036,0.35633283853530884,0.28920668363571167,0.2581004202365875,0.24249497056007385,0.9710819595663961,0.9421762784962794,0.5554305911064148,0.027603909373283386,0.1755419671535492,0.9723803400993347,0.9399999976158142,7.747578638372943e-05,8.053432975430042e-05,0.4940272271633148,0.13517138361930847,0.0010740519501268864,0.0009241873049177229,1.1419491841024865e-07,9.480054723098874e-05,0.0001022808937705122,0.5089863538742065,0.13791778683662415,0.0014214575057849288,0.0014166933251544833,2.36279475984702e-07,0.0008349482086487114
1354_0.79_1.67.png,0.04443410411477089,0.06032925471663475,0.29401013255119324,0.31896552443504333,0.2754541039466858,0.2750973701477051,0.9801094098196822,0.90999315448665,0.5502598285675049,0.020592935383319855,0.25432920455932617,0.9712319374084473,0.7900000214576721,7.749012002022937e-05,8.032042387640104e-05,0.49359577894210815,0.13734817504882812,0.0010861484333872795,0.0009375361260026693,1.0813728579250892e-07,9.416938701178879e-05,0.00010173724149353802,0.5051555037498474,0.140381321310997,0.0014224505284801126,0.0014183118473738432,2.3220100331400317e-07,0.0009937717113643885
1357_0.64_1.26.png,0.053714729845523834,0.07229505479335785,0.24149756133556366,0.27568328380584717,0.2509382963180542,0.26180532574653625,0.9174923588737538,0.9536901390348124,0.5531520843505859,0.021335676312446594,0.2745431661605835,0.9582386016845703,0.6399999856948853,7.637219096068293e-05,8.045881986618042e-05,0.4868749976158142,0.13571049273014069,0.0010745361214503646,0.0009246975532732904,1.157799260909087e-07,9.155464067589492e-05,0.00010208453022642061,0.4922512471675873,0.13872426748275757,0.0014068818418309093,0.0014027596917003393,2.1797890781272145e-07,0.0010115918703377247
1359_0.92_1.46.png,0.05031469464302063,0.06725341081619263,0.23475246131420135,0.2626202404499054,0.26099005341529846,0.25862830877304077,0.9229833887519233,0.9538275407868901,0.5550509691238403,0.021031802520155907,0.2837936282157898,0.9582913517951965,0.9200000166893005,7.636636291863397e-05,8.045120193855837e-05,0.4868878424167633,0.1357937902212143,0.0010726767359301448,0.0009231735020875931,1.0884767220886715e-07,9.150727419182658e-05,0.0001020669296849519,0.49209341406822205,0.13880889117717743,0.0014057341031730175,0.0014015560736879706,2.183799949762033e-07,0.000775855325628072
135_0.95_0.78.png,0.03825083002448082,0.04904809966683388,0.32030558586120605,0.32074615359306335,0.2697949707508087,0.26153403520584106,0.940244636715945,0.9514088736995353,0.5339049696922302,0.02512838877737522,0.17766280472278595,0.9683516621589661,0.949999988079071,7.735875260550529e-05,8.059955143835396e-05,0.49226343631744385,0.13429024815559387,0.0011096922680735588,0.0009532264084555209,1.2414692207585176e-07,9.38818120630458e-05,0.00010244548320770264,0.5024431943893433,0.13729064166545868,0.0014347617980092764,0.001431433716788888,2.3445559804713412e-07,0.001095650950446725
1376_0.65_1.6.png,0.03943183273077011,0.0532306507229805,0.2219657301902771,0.21992386877536774,0.21590524911880493,0.18685773015022278,0.9303043621964091,0.8589282843138506,0.5900911092758179,0.023168526589870453,0.2619909346103668,0.9633995890617371,0.6499999761581421,7.702628499828279e-05,8.041952241910622e-05,0.489838182926178,0.13842765986919403,0.0011183558963239193,0.0009621639619581401,1.0754459367490199e-07,9.382607822772115e-05,0.00010198681411566213,0.5019033551216125,0.1426398754119873,0.0014376341132447124,0.0014346559764817357,2.3518653335941053e-07,0.0007369801751337945
1381_0.96_0.82.png,0.06393565237522125,0.07728062570095062,0.3922043442726135,0.36843904852867126,0.24837973713874817,0.2788710594177246,0.9665997027049685,0.9709435040306916,0.566274881362915,0.037337854504585266,0.18911075592041016,0.9705106616020203,0.9599999785423279,7.706649194005877e-05,8.052080374909565e-05,0.49271485209465027,0.13504768908023834,0.0010221634292975068,0.0008824841352179646,1.2733704579659388e-07,9.373842476634309e-05,0.0001022463184199296,0.5058814883232117,0.1380544900894165,0.0013907086104154587,0.0013844181085005403,2.3210304789245129e-07,0.0008799632778391242
1383_0.75_0.81.png,0.06598695367574692,0.08512374758720398,0.36858662962913513,0.36909011006355286,0.24229823052883148,0.27908042073249817,0.9550927191526211,0.9704367502001863,0.5642775893211365,0.03884583339095116,0.21193817257881165,0.9704709053039551,0.75,7.705885218456388e-05,8.051704935496673e-05,0.49268838763237,0.13508255779743195,0.0010212919441983104,0.0008817678317427635,1.3106357243941602e-07,9.371988562634215e-05,0.00010223469871561974,0.5058263540267944,0.138090118765831,0.0013901690253987908,0.0013838509330525994,2.360019379921141e-07,0.0009789667092263699
1392_0.87_0.83.png,0.04549884796142578,0.06360618025064468,0.3925930857658386,0.38363584876060486,0.28810417652130127,0.28379178047180176,0.9507916431725861,0.9370144991347483,0.5378620028495789,0.030589858070015907,0.21603050827980042,0.9656554460525513,0.8700000047683716,7.720206485828385e-05,8.040722605073825e-05,0.4909776747226715,0.13628517091274261,0.0011178639251738787,0.0009608729160390794,1.2970365048659005e-07,9.377826791023836e-05,0.00010195367940468714,0.5018291473388672,0.1403844952583313,0.0014338663313537836,0.0014310060068964958,2.3806748572496872e-07,0.0011875005438923836
1395_0.71_1.8.png,0.05105673894286156,0.07003817707300186,0.2881094217300415,0.3239609897136688,0.2426919788122177,0.25222909450531006,0.9741471851412008,0.9461381729758214,0.5743326544761658,0.027645861729979515,0.2875025272369385,0.9475462436676025,0.7099999785423279,7.517968333559111e-05,8.034479105845094e-05,0.48096975684165955,0.13730283081531525,0.0010071175638586283,0.0008707607630640268,9.571250814133236e-08,8.930499461712316e-05,0.0001017926333588548,0.4838821291923523,0.14008751511573792,0.0013631406472995877,0.0013572598109021783,2.0561843427913118e-07,0.0006514984415844083
1397_0.94_0.79.png,0.05790870264172554,0.08058770000934601,0.372327983379364,0.39466163516044617,0.26776963472366333,0.2767237424850464,0.9540004183757312,0.9142160368986245,0.5518847107887268,0.03726227208971977,0.19848571717739105,0.9405673742294312,0.9399999976158142,7.471757271559909e-05,8.020016684895381e-05,0.4775550365447998,0.1390920877456665,0.0010223127901554108,0.000882696476764977,1.1178843806192162e-07,8.796877227723598e-05,0.00010142783139599487,0.47583603858947754,0.14214913547039032,0.0013654929352924228,0.001360453781671822,2.121324200743402e-07,0.0006797021487727761
1399_0.81_0.95.png,0.06084385886788368,0.08505673706531525,0.3458453416824341,0.3818874657154083,0.26690882444381714,0.2742830514907837,0.9558683664530419,0.9137797566983273,0.5459710359573364,0.03548165783286095,0.21814614534378052,0.9406939744949341,0.8100000023841858,7.473010919056833e-05,8.019596862141043e-05,0.4776228666305542,0.13913020491600037,0.0010227591264992952,0.000883092638105154,1.1303234970228004e-07,8.799085480859503e-05,0.00010142475366592407,0.47593238949775696,0.14218783378601074,0.0013657764066010714,0.0013607465662062168,2.122727522646528e-07,0.0006981545011512935
1401_0.77_1.54.png,0.1139945238828659,0.12470180541276932,0.18904994428157806,0.2977660596370697,0.17195527255535126,0.1408521980047226,0.8587165557026698,0.8217004342377529,0.5957804322242737,0.02245950698852539,0.2625226378440857,0.9623215198516846,0.7699999809265137,7.705454481765628e-05,8.048590825637802e-05,0.4894481599330902,0.13540926575660706,0.0011422267416492105,0.0009804114233702421,1.133155080879078e-07,9.3440743512474e-05,0.00010215570364380255,0.4988332986831665,0.13768114149570465,0.0014484977582469583,0.0014462826075032353,2.3312193775382184e-07,0.0010346294147893786
140_0.99_1.0.png,0.13062158226966858,0.14982466399669647,0.3264276087284088,0.4539232552051544,0.17380011081695557,0.18299025297164917,0.9137444135893387,0.847216629429144,0.5975608825683594,0.03640768676996231,0.177089661359787,0.9602722525596619,0.9900000095367432,7.649204053450376e-05,8.045172580750659e-05,0.48785409331321716,0.135793998837471,0.0010612481273710728,0.0009172543068416417,1.1772824848321761e-07,9.162797505268827e-05,0.00010206686420133337,0.493301123380661,0.13880851864814758,0.0013993802713230252,0.0013948837295174599,2.2907143204520253e-07,0.0009568483801558614
1416_0.95_1.15.png,0.0629037469625473,0.08021260797977448,0.26539480686187744,0.3157539963722229,0.21600434184074402,0.22205378115177155,0.94532464365613,0.9041811516686441,0.5808044075965881,0.02836986631155014,0.25951436161994934,0.9478017687797546,0.949999988079071,7.545130210928619e-05,8.041826367843896e-05,0.481449156999588,0.13642451167106628,0.0010576100321486592,0.0009111841791309416,1.0557346996620254e-07,8.9874847617466e-05,0.00010198210657108575,0.4845096170902252,0.1391931027173996,0.0013919160701334476,0.00138750986661762,2.1783559134291863e-07,0.0006972025730647147
1417_0.88_0.75.png,0.16698046028614044,0.20061467587947845,0.4693661034107208,0.3057669401168823,0.30188238620758057,0.2621096968650818,0.9515569795103033,0.9629020566077672,0.5304325222969055,0.03198305517435074,0.1521199643611908,0.9734455943107605,0.8799999952316284,7.752364763291553e-05,8.049310417845845e-05,0.4945168197154999,0.1355942189693451,0.0010649304604157805,0.0009172317222692072,1.345405564734392e-07,9.447064076084644e-05,0.00010217066301265731,0.5076289176940918,0.13834816217422485,0.0014154110103845596,0.0014103978173807263,2.388675568454346e-07,0.0010574274929240346
1418_0.79_1.51.png,0.08224797993898392,0.1140839084982872,0.3322526514530182,0.2535654604434967,0.28356295824050903,0.24400325119495392,0.9700652947141285,0.9632347374806747,0.5324490666389465,0.026693856343626976,0.19899055361747742,0.9735194444656372,0.7900000214576721,7.75364096625708e-05,8.050050382735208e-05,0.49456384778022766,0.1355230063199997,0.0010662447893992066,0.0009183032088913023,1.1730331550552364e-07,9.449595381738618e-05,0.00010219011164736003,0.5076941847801208,0.13827559351921082,0.0014161828439682722,0.0014112103963270783,2.2928263376797986e-07,0.0009384026052430272
1423_0.68_1.59.png,0.06695850938558578,0.09601820260286331,0.2784139811992645,0.2344055473804474,0.25949737429618835,0.20904695987701416,0.9494675098246166,0.8747264163716031,0.5589348673820496,0.023860130459070206,0.28197771310806274,0.9482316374778748,0.6800000071525574,7.533649477409199e-05,8.029186574276537e-05,0.4814595878124237,0.13577093183994293,0.0010256643872708082,0.0008853024337440729,1.056113845265827e-07,9.071336535271257e-05,0.00010166871652472764,0.48989471793174744,0.1418440043926239,0.0013780843000859022,0.0013728011399507523,2.107101408910239e-07,0.0008311253623105586
1425_0.84_1.75.png,0.15483979880809784,0.17720264196395874,0.40023624897003174,0.24603144824504852,0.2525748312473297,0.22178661823272705,0.9481920256379188,0.9189008992487046,0.5608058571815491,0.03393399715423584,0.17017917335033417,0.9687741994857788,0.8399999737739563,7.693094084970653e-05,8.05238596512936e-05,0.49183863401412964,0.1549161970615387,0.0010222679702565074,0.0008835235494188964,1.1320531001501877e-07,9.340784163214266e-05,0.00010222504351986572,0.504417896270752,0.15797622501850128,0.0013880720362067223,0.0013818566221743822,2.282231577055427e-07,0.000566868286114186
1428_0.86_1.18.png,0.2033129632472992,0.22367872297763824,0.4892144799232483,0.2881186604499817,0.21752521395683289,0.2283066213130951,0.935670199424473,0.915935177873749,0.5902373790740967,0.04203905910253525,0.1062067449092865,0.9683948159217834,0.8600000143051147,7.6885218732059e-05,8.051768963923678e-05,0.4916243851184845,0.1559716910123825,0.0010191842447966337,0.0008810862782411277,1.2088700884760328e-07,9.332766785519198e-05,0.00010222698620054871,0.5041553378105164,0.15744657814502716,0.001386137679219246,0.001379839377477765,2.307712492211067e-07,0.000693868612870574
1431_0.81_0.84.png,0.05320268124341965,0.07429973036050797,0.33951401710510254,0.3472243845462799,0.2681952714920044,0.29208695888519287,0.9599976000879854,0.9531787177323376,0.5371147990226746,0.03038804978132248,0.19633960723876953,0.965323269367218,0.8100000023841858,7.707059558015317e-05,8.046438597375527e-05,0.4906623363494873,0.1356479823589325,0.001097981003113091,0.0009451147052459419,1.349526144167612e-07,9.337028313893825e-05,0.0001020996060105972,0.5004734396934509,0.13866107165813446,0.0014254357665777206,0.001421891851350665,2.3562317608138983e-07,0.0011233012191951275
1434_0.83_1.44.png,0.10872625559568405,0.1295800358057022,0.3187040090560913,0.42324668169021606,0.2269505113363266,0.23023012280464172,0.9263301022595,0.5676993650868846,0.6364859342575073,0.033693864941596985,0.3018034100532532,0.9080976843833923,0.8299999833106995,7.186650327639654e-05,8.018402149900794e-05,0.46069204807281494,0.13767290115356445,0.0009635877213440835,0.0008364490931853652,8.617440983016422e-08,8.235882705776021e-05,0.00010139543883269653,0.44935888051986694,0.14021770656108856,0.0013115970650687814,0.0013060100609436631,1.9656484084862313e-07,0.000627805246040225
1436_0.66_1.76.png,0.11502260714769363,0.13555987179279327,0.2834782302379608,0.39452606439590454,0.2183750718832016,0.2299211025238037,0.916539062433455,0.5699009307911401,0.6315850019454956,0.03229875862598419,0.3284654915332794,0.9081168174743652,0.6600000262260437,7.186814036685973e-05,8.01821006461978e-05,0.46070194244384766,0.13816964626312256,0.0009636314935050905,0.0008364492678083479,8.808115836700381e-08,8.23485097498633e-05,0.00010139223013538867,0.44929713010787964,0.14015674591064453,0.0013115955516695976,0.0013060118071734905,1.8991853778516088e-07,0.0007592476904392242
1437_0.74_1.01.png,0.061584074050188065,0.0869162380695343,0.2638140916824341,0.2947133183479309,0.2411905825138092,0.2540907561779022,0.9084792875308065,0.8658915716119875,0.5501287579536438,0.02960110455751419,0.25848904252052307,0.9490096569061279,0.7400000095367432,7.561373786302283e-05,8.03705261205323e-05,0.4821539521217346,0.13539525866508484,0.0010688509792089462,0.0009199238265864551,1.1552690182270453e-07,9.059418516699225e-05,0.00010186732833972201,0.48743724822998047,0.13973426818847656,0.001399976434186101,0.0013960233191028237,2.144304431794808e-07,0.000702259480021894
1441_0.58_1.73.png,0.05135595053434372,0.06798860430717468,0.17851491272449493,0.2236202210187912,0.18270054459571838,0.19900590181350708,0.9410083884810562,0.9217811052827553,0.5872880816459656,0.020163532346487045,0.2970485985279083,0.9554199576377869,0.5799999833106995,7.625771831953898e-05,8.03835573606193e-05,0.48560023307800293,0.13657093048095703,0.0010906424140557647,0.0009404279990121722,1.1170436664542649e-07,9.162320202449337e-05,0.00010189900785917416,0.49182528257369995,0.13959439098834991,0.0014153749216347933,0.0014118235558271408,2.260191820369073e-07,0.0009469353826716542
1442_0.62_0.81.png,0.04401363432407379,0.0576096810400486,0.2678731083869934,0.290311723947525,0.21204981207847595,0.22815662622451782,0.944673512388893,0.9191676868646635,0.5654367208480835,0.028260409832000732,0.22184546291828156,0.9540224671363831,0.6200000047683716,7.611075125169009e-05,8.037544466787949e-05,0.48484066128730774,0.13667649030685425,0.0010833414271473885,0.0009346146252937615,1.232450728139156e-07,9.133125422522426e-05,0.00010187141742790118,0.4906471371650696,0.1397014707326889,0.0014105427544564009,0.001406813389621675,2.2780498909469316e-07,0.0010802962351590395
1444_0.58_1.95.png,0.049350496381521225,0.06577473133802414,0.16647925972938538,0.2092321366071701,0.17733508348464966,0.1920948177576065,0.9381018180805853,0.9220205493024823,0.5866857171058655,0.019139861688017845,0.3087807297706604,0.9553903341293335,0.5799999833106995,7.625418220413849e-05,8.038528176257387e-05,0.4855835735797882,0.136544868350029,0.0010904340306296945,0.0009402502328157425,1.1000938826555284e-07,9.16089047677815e-05,0.00010190188186243176,0.49176567792892456,0.13956815004348755,0.0014151890063658357,0.001411631004884839,2.2458534942870756e-07,0.0009042959427461028
1447_0.8_1.55.png,0.1400599330663681,0.16481244564056396,0.3226650655269623,0.46067652106285095,0.2561191916465759,0.2514679431915283,0.9649432061818951,0.9463787958790361,0.5602439045906067,0.03148634731769562,0.2514558732509613,0.9608227610588074,0.800000011920929,7.624877616763115e-05,8.042850095080212e-05,0.4877304434776306,0.136039137840271,0.0010116992052644491,0.0008747786050662398,1.0430424168816899e-07,9.12120594875887e-05,0.00010201466648140922,0.49352383613586426,0.13905666768550873,0.00137371476739645,0.0013675441732630134,2.1874551237033302e-07,0.0005632399115711451
1463_1.0_1.22.png,0.05492796748876572,0.07177365571260452,0.3205411434173584,0.2816098928451538,0.2673528492450714,0.23641106486320496,0.9631016567249722,0.9677219191774177,0.5390023589134216,0.028461651876568794,0.1994330734014511,0.9695608019828796,1.0,7.756907871225849e-05,8.054087811615318e-05,0.49303972721099854,0.13484521210193634,0.0011294716969132423,0.0009709952282719314,1.1974803726388927e-07,9.479925211053342e-05,0.00010229778126813471,0.5063109993934631,0.13784906268119812,0.0014478886732831597,0.001445086905732751,2.3724697939542239e-07,0.0009604895021766424
1468_0.81_0.54.png,0.09228101372718811,0.10936722159385681,0.4083409607410431,0.3382242023944855,0.18155913054943085,0.22520862519741058,0.9093006488006866,0.9241776386450152,0.595746636390686,0.036331214010715485,0.11285323649644852,0.950228214263916,0.8100000023841858,7.573873153887689e-05,8.048783638514578e-05,0.48281508684158325,0.13715212047100067,0.0010735576506704092,0.000925781496334821,1.1153431955790438e-07,9.066628263099119e-05,0.0001021627540467307,0.48809775710105896,0.14129899442195892,0.0014020632952451706,0.0013981173979118466,2.2274277000633447e-07,0.000959615281317383
146_0.96_1.51.png,0.06648749858140945,0.08391109853982925,0.3314433991909027,0.27916446328163147,0.22402779757976532,0.21784868836402893,0.9105501679178666,0.9199788949286778,0.5746845006942749,0.03217103332281113,0.23372140526771545,0.9309316277503967,0.9599999785423279,7.386258221231401e-05,8.03749353508465e-05,0.47253844141960144,0.13880829513072968,0.0010067917173728347,0.0008704925421625376,1.0010454332132213e-07,8.68806237122044e-05,0.00010186828876612708,0.47107845544815063,0.14301162958145142,0.0013545560650527477,0.0013491621939465404,2.0750336204855557e-07,0.0005378097994253039
1482_0.59_1.05.png,0.03817174583673477,0.052223194390535355,0.3185456097126007,0.304568886756897,0.288297563791275,0.28623318672180176,0.9681664486885049,0.9602692047009687,0.5173088908195496,0.02253769338130951,0.20211321115493774,0.9714904427528381,0.5899999737739563,7.768740761093795e-05,8.055316720856354e-05,0.49396899342536926,0.13472874462604523,0.001124560832977295,0.0009659793577156961,1.305764243397789e-07,9.477386629441753e-05,0.00010232827480649576,0.5063797831535339,0.1377330869436264,0.001445957226678729,0.0014429177390411496,2.3520890124473226e-07,0.001271877670660615
1484_0.75_0.81.png,0.04194149002432823,0.05472148209810257,0.3403523862361908,0.32039546966552734,0.29172781109809875,0.29090404510498047,0.9641502941428248,0.9599007072530342,0.5240788459777832,0.02361449785530567,0.1949354112148285,0.9713925123214722,0.75,7.76755332481116e-05,8.055418584262952e-05,0.49391356110572815,0.134719580411911,0.0011238103033974767,0.0009653668967075646,1.2942618354827573e-07,9.474115358898416e-05,0.00010232866043224931,0.5062548518180847,0.1377236545085907,0.001445415779016912,0.00144235510379076,2.3488534850457654e-07,0.0012164561776444316
1486_0.98_1.1.png,0.05424349009990692,0.07146544009447098,0.3701171875,0.3788132667541504,0.2799108326435089,0.2864380478858948,0.9344511617838922,0.9073989503549924,0.575026273727417,0.033140234649181366,0.2744973599910736,0.9532755017280579,0.9800000190734863,7.542140519944951e-05,8.040199463721365e-05,0.48357775807380676,0.13634511828422546,0.0009681047522462904,0.0008370130672119558,1.018569477650999e-07,8.94809199962765e-05,0.00010194080095971003,0.48606905341148376,0.14044466614723206,0.001345592550933361,0.0013383247423917055,2.0420266366727446e-07,0.0006453629466705024
1487_0.99_1.08.png,0.0555148720741272,0.07313698530197144,0.3718756437301636,0.380257785320282,0.2796268165111542,0.2864460349082947,0.9301582991942119,0.90727170740847,0.5806121826171875,0.03325512260198593,0.2729583978652954,0.9532473683357239,0.9900000095367432,7.54193461034447e-05,8.040328975766897e-05,0.48356372117996216,0.13633118569850922,0.0009681442170403898,0.0008370408904738724,1.0226860069906252e-07,8.948124013841152e-05,0.00010194795322604477,0.486068993806839,0.14043055474758148,0.0013456209562718868,0.0013383551267907023,2.045088507429682e-07,0.0006470336229540408
1505_0.8_0.86.png,0.08345595002174377,0.1053704172372818,0.5862945914268494,0.6228064894676208,0.16568325459957123,0.177954763174057,0.8069617193948523,0.9574894726934435,0.6144248247146606,0.04114389419555664,0.10277607291936874,0.9751593470573425,0.800000011920929,7.74107247707434e-05,8.047702431213111e-05,0.49504613876342773,0.15707004070281982,0.0010089585557579994,0.0008764629601500928,1.302422276694415e-07,9.442048030905426e-05,0.00010200222459388897,0.5101519823074341,0.16245080530643463,0.0013850731775164604,0.0013784149195998907,2.3266699145096936e-07,0.0009839212289080024
1507_0.87_0.95.png,0.08319228142499924,0.10509267449378967,0.5766185522079468,0.6164493560791016,0.1698000729084015,0.1784152239561081,0.8225004629510372,0.9562720379611824,0.6145356893539429,0.04079001396894455,0.10304050892591476,0.9751967787742615,0.8700000047683716,7.742166053503752e-05,8.048066956689581e-05,0.4950762987136841,0.15719851851463318,0.0010105047840625048,0.0008776762406341732,1.2676137828293577e-07,9.443972521694377e-05,0.00010205605940427631,0.5101752877235413,0.16255919635295868,0.0013859558384865522,0.0013793378602713346,2.3208228583371238e-07,0.0009658188791945577
1510_0.72_1.09.png,0.07597636431455612,0.09451039135456085,0.40304526686668396,0.4043290317058563,0.22063496708869934,0.23061299324035645,0.9033201708927237,0.9233796717247792,0.5848094820976257,0.03765901178121567,0.15000544488430023,0.9735511541366577,0.7200000286102295,7.788171205902472e-05,8.057285594986752e-05,0.49505943059921265,0.1681894212961197,0.0011288231471553445,0.0009699175716377795,1.3175765900541592e-07,9.606799721950665e-05,0.00010233807552140206,0.5129505395889282,0.16660672426223755,0.0014557180693373084,0.001452494878321886,2.3831663042983564e-07,0.001417262596078217
1551_0.97_1.18.png,0.1989259421825409,0.23135344684123993,0.6041770577430725,0.41948577761650085,0.1706966608762741,0.2669225335121155,0.8684843456794592,0.9090782363385903,0.6107534766197205,0.042085811495780945,0.14830483496189117,0.9691599607467651,0.9700000286102295,7.732753147138283e-05,8.060546679189429e-05,0.4925464987754822,0.14269573986530304,0.001088289194740355,0.0009391859639436007,1.1628637253124907e-07,9.381468407809734e-05,0.00010239937546430156,0.5036758184432983,0.14815407991409302,0.0014239925658330321,0.0014197961427271366,2.3819593764073943e-07,0.0012522856704890728
1563_0.95_1.85.png,0.04476569592952728,0.06412620842456818,0.29331880807876587,0.3135714828968048,0.32869526743888855,0.360032856464386,0.891552030119392,0.9364940059156993,0.5244866013526917,0.02156931534409523,0.23222677409648895,0.9758785367012024,0.949999988079071,7.786740752635524e-05,8.053115016082302e-05,0.49595847725868225,0.14486832916736603,0.0010974013712257147,0.000941285805311054,1.0741015188386882e-07,9.560732723912224e-05,0.00010226503945887089,0.5119399428367615,0.15102989971637726,0.001435941201634705,0.0014317587483674288,2.404107419806678e-07,0.0010767020285129547
1564_0.56_1.56.png,0.05787203460931778,0.07897839695215225,0.29543742537498474,0.3243246078491211,0.3084457814693451,0.3566344678401947,0.8638291147587316,0.9576209578177991,0.5392209887504578,0.02319786511361599,0.23915909230709076,0.9726793766021729,0.5600000023841858,7.754855323582888e-05,8.04794326541014e-05,0.4942448139190674,0.16191792488098145,0.0010846200166270137,0.0009311787434853613,1.1686546486089355e-07,9.521786705590785e-05,0.00010213431232841685,0.5106610059738159,0.16521672904491425,0.0014281480107456446,0.0014236090937629342,2.2918771946933703e-07,0.0014156063552945852
157_0.81_1.26.png,0.06963484734296799,0.09625621140003204,0.3378097414970398,0.3934672176837921,0.2342890501022339,0.25758883357048035,0.9545078707183516,0.9051700227945975,0.5748846530914307,0.03077947162091732,0.2339811474084854,0.9571815133094788,0.8100000023841858,7.602278492413461e-05,8.041121327551082e-05,0.48596876859664917,0.13621114194393158,0.001025341683998704,0.0008848530706018209,1.028836891237006e-07,9.099591261474416e-05,0.00010196847142651677,0.4920090436935425,0.13988211750984192,0.0013775696279481053,0.0013719997368752956,2.1722188137118792e-07,0.0007359526352956891
1587_0.73_1.54.png,0.07198561728000641,0.09276516735553741,0.35092422366142273,0.39266932010650635,0.18403160572052002,0.19935165345668793,0.9236049831132226,0.8807344691910831,0.5943028330802917,0.03378306329250336,0.17104381322860718,0.9777831435203552,0.7300000190734863,7.812464173184708e-05,8.040451939450577e-05,0.4970815181732178,0.17789356410503387,0.001108048134483397,0.0009549101232551038,1.1480324957346966e-07,9.656781912781298e-05,0.0001019144692691043,0.5164934396743774,0.1668713390827179,0.0014458115911111236,0.0014417932834476233,2.3691372064149618e-07,0.001273376983590424
1588_0.93_1.69.png,0.07618398219347,0.09666445106267929,0.3348207473754883,0.3834422826766968,0.18040476739406586,0.19780521094799042,0.9188476203159589,0.8856861504076577,0.6041136384010315,0.032965440303087234,0.17592594027519226,0.9780137538909912,0.9300000071525574,7.814669515937567e-05,8.040461398195475e-05,0.4972037971019745,0.1744067668914795,0.001108770607970655,0.0009554927819408476,1.104334188539724e-07,9.657486225478351e-05,0.00010191776527790353,0.5164738297462463,0.17431066930294037,0.0014463008847087622,0.0014422954991459846,2.4296485889863106e-07,0.0011687332298606634
158_0.56_1.42.png,0.08381994068622589,0.11544912308454514,0.30588698387145996,0.3804234564304352,0.22333575785160065,0.25515902042388916,0.9470073936902558,0.9025968986458524,0.5879008173942566,0.030883312225341797,0.2601824104785919,0.9574689865112305,0.5600000023841858,7.606800500070676e-05,8.045074355322868e-05,0.486145555973053,0.13578347861766815,0.0010299456771463156,0.0008883962873369455,1.0641951320167209e-07,9.102482727030292e-05,0.00010206736624240875,0.49194714426994324,0.13955385982990265,0.0013800367014482617,0.0013746112817898393,2.1416153117570502e-07,0.000858306186273694
1590_0.78_0.63.png,0.2108580768108368,0.22809617221355438,0.5601069331169128,0.35322093963623047,0.13605615496635437,0.16543243825435638,0.7856972636634235,0.9214877157956085,0.634726345539093,0.04169577360153198,0.12349486351013184,0.9740850329399109,0.7799999713897705,7.785936031723395e-05,8.058707317104563e-05,0.49524134397506714,0.14650435745716095,0.0011173723032698035,0.0009607925312593579,1.2481811495490547e-07,9.54425850068219e-05,0.0001023626173264347,0.5103222727775574,0.1523027867078781,0.0014466275461018085,0.0014429567381739616,2.3759498901654297e-07,0.0013748627388849854
1594_0.71_0.5.png,0.08279599249362946,0.10717150568962097,0.6847073435783386,0.713090181350708,0.14303600788116455,0.18312610685825348,0.7730181866505578,0.5411060010406887,0.6772914528846741,0.039277903735637665,0.24283799529075623,0.9707012176513672,0.7099999785423279,7.760486187180504e-05,8.05877207312733e-05,0.49354350566864014,0.15857264399528503,0.0011196660343557596,0.0009628648986108601,1.377497227394997e-07,9.482459427090362e-05,0.00010229832696495578,0.5073450803756714,0.16846023499965668,0.0014425484696403146,0.0014392868615686893,2.429889889299375e-07,0.0013980282237753272
1603_0.54_0.74.png,0.13492172956466675,0.1646009236574173,0.5612373948097229,0.4631328582763672,0.19592706859111786,0.2885579466819763,0.924921618228872,0.9284969182345147,0.5880370140075684,0.04343868046998978,0.16025575995445251,0.971869707107544,0.5400000214576721,7.773439574521035e-05,8.059968240559101e-05,0.49418753385543823,0.1696038544178009,0.0011251656105741858,0.0009678008500486612,1.4017014393630234e-07,9.566413064021617e-05,0.00010241456766379997,0.5111004710197449,0.1839369237422943,0.0014516478404402733,0.0014483962440863252,2.505173313238629e-07,0.001474803313612938
1605_1.0_1.37.png,0.08923041075468063,0.1093946173787117,0.39130622148513794,0.46006476879119873,0.20956142246723175,0.2292986959218979,0.8982439411224193,0.815697971226239,0.5945560932159424,0.03652815893292427,0.1468176394701004,0.9727301001548767,1.0,7.77081077103503e-05,8.059765241341665e-05,0.4944939911365509,0.17420047521591187,0.0011056470684707165,0.0009525817586109042,1.1559606605260342e-07,9.52070695348084e-05,0.0001024402299663052,0.5096914768218994,0.17101413011550903,0.001438556588254869,0.0014347420074045658,2.389920723544492e-07,0.001212370814755559
1611_0.9_1.98.png,0.06372327357530594,0.08489488810300827,0.2800150513648987,0.32153555750846863,0.21531635522842407,0.2177046537399292,0.9415369046457631,0.9293199388181984,0.5910043120384216,0.028388284146785736,0.23028641939163208,0.9715489149093628,0.8999999761581421,7.766586350044236e-05,8.056430669967085e-05,0.493964284658432,0.16699491441249847,0.0011173281818628311,0.0009608803666196764,1.1215622208737841e-07,9.521556057734415e-05,0.00010229920007986948,0.5090752243995667,0.16193629801273346,0.0014444170519709587,0.0014411451993510127,2.3735930199109134e-07,0.0012957215076312423
1614_0.81_0.78.png,0.11477459222078323,0.13723427057266235,0.4633180797100067,0.36370471119880676,0.24624094367027283,0.30738747119903564,0.9251667951969139,0.9634030462498907,0.5556989908218384,0.03294006362557411,0.1284860223531723,0.9766622185707092,0.8100000023841858,7.797466969350353e-05,8.052833436522633e-05,0.49642375111579895,0.16776831448078156,0.0010999941732734442,0.0009467023774050176,1.1787931697426757e-07,9.619494085200131e-05,0.00010224767174804583,0.5150285363197327,0.18093125522136688,0.0014406217960640788,0.001436500228010118,2.3890538614068646e-07,0.0013402663171291351
1623_0.78_1.81.png,0.05624132975935936,0.0752883031964302,0.37184301018714905,0.4121873378753662,0.21960486471652985,0.2327757030725479,0.9532666070867509,0.9086271757726665,0.5810636281967163,0.03243430703878403,0.15050426125526428,0.9772900342941284,0.7799999713897705,7.795681449351832e-05,8.058254752540961e-05,0.4966503083705902,0.163186714053154,0.001085992669686675,0.0009363178396597505,9.859758876018532e-08,9.587824752088636e-05,0.00010235897207167,0.5142540335655212,0.17424771189689636,0.001431274926289916,0.0014267031801864505,2.4311171387125796e-07,0.0010440959595143795
1626_0.53_1.25.png,0.14586003124713898,0.16028322279453278,0.4046235680580139,0.2641705274581909,0.16793279349803925,0.18772698938846588,0.8442047383924256,0.8586576290735334,0.6208299398422241,0.03853163123130798,0.1010676696896553,0.9704071283340454,0.5299999713897705,7.765119516989216e-05,8.060735854087397e-05,0.49348968267440796,0.17704617977142334,0.0011337033938616514,0.0009736603824421763,1.1351529849434883e-07,9.520344610791653e-05,0.00010245185694657266,0.5085896849632263,0.18916009366512299,0.0014531449414789677,0.0014502797275781631,2.3447394426057144e-07,0.0014343996299430728
1628_0.8_1.49.png,0.09090569615364075,0.10559051483869553,0.337016224861145,0.2548629343509674,0.16981187462806702,0.1860189586877823,0.8518493189664984,0.8572209736640929,0.6178128123283386,0.034987784922122955,0.12104342132806778,0.9722070693969727,0.800000011920929,7.787344657117501e-05,8.060818072408438e-05,0.4945127069950104,0.16919416189193726,0.0011499094543978572,0.0009861512808129191,1.0469809552660081e-07,9.58349701249972e-05,0.00010245560406474397,0.510974109172821,0.1767743080854416,0.001464546425268054,0.001462074345909059,2.451634486533294e-07,0.001319647184573114
162_0.75_0.98.png,0.04508595913648605,0.05736405774950981,0.25738051533699036,0.2533200681209564,0.23380626738071442,0.24894548952579498,0.8056631050041183,0.871313839298936,0.5269657373428345,0.027623381465673447,0.2238856852054596,0.964631974697113,0.75,7.724231545580551e-05,8.048892777878791e-05,0.4906264543533325,0.13538385927677155,0.0011423785472288728,0.0009806889574974775,1.224244954300957e-07,9.380438859807327e-05,0.00010216328519163653,0.5006217360496521,0.13839437067508698,0.0014502600533887744,0.001448033144697547,2.28504816845998e-07,0.0011068725725635886
1638_0.83_1.06.png,0.07931284606456757,0.09863485395908356,0.4478674530982971,0.4269025921821594,0.19892404973506927,0.23829156160354614,0.9097479837174985,0.8984775588290593,0.6102215051651001,0.037359703332185745,0.13615578413009644,0.975847065448761,0.8299999833106995,7.766507042106241e-05,8.056691149249673e-05,0.49567246437072754,0.18185605108737946,0.0010494597954675555,0.0009079806040972471,1.1427776769323827e-07,9.4692237325944e-05,0.00010229335020994768,0.509777843952179,0.18534955382347107,0.0014064944116398692,0.0014010709710419178,2.3180085406693252e-07,0.0011739558540284634
1643_0.77_0.66.png,0.11363037675619125,0.13437123596668243,0.4577159881591797,0.3906572163105011,0.23166482150554657,0.30626270174980164,0.8643922340014795,0.9431408777956104,0.5799022316932678,0.03433256596326828,0.1375022977590561,0.974563717842102,0.7699999809265137,7.783721957821399e-05,8.05509916972369e-05,0.4953998029232025,0.17011038959026337,0.0011048611486330628,0.0009507295908406377,1.2596275666965084e-07,9.56065850914456e-05,0.00010231290070805699,0.5116971731185913,0.15985459089279175,0.0014400568325072527,0.0014362185029312968,2.4118440933307284e-07,0.0013623804552480578
1645_0.87_1.02.png,0.06792660057544708,0.08600736409425735,0.39847448468208313,0.4031871259212494,0.17513440549373627,0.22523610293865204,0.9320709859200099,0.9597227880289425,0.6055936217308044,0.034008704125881195,0.11742641776800156,0.9765027165412903,0.8700000047683716,7.798452861607075e-05,8.059966785367578e-05,0.4963759481906891,0.1697337031364441,0.0011016982607543468,0.0009490924421697855,1.0990979149028135e-07,9.611084533389658e-05,0.00010243790165986866,0.514478862285614,0.18227721750736237,0.0014400305226445198,0.0014360531931743026,2.292155443228694e-07,0.0013462353963404894
