name,split,A0_PSNR,A0_SSIM,actual_scale,actual_PSNR,actual_SSIM,actual_dPSNR,actual_dSSIM,image_oracle_best_scale,image_oracle_PSNR,image_oracle_dPSNR,image_oracle_dSSIM,patch_oracle_PSNR,patch_oracle_dPSNR,patch_oracle_dSSIM,band_independent_PSNR,band_independent_dPSNR,band_independent_dSSIM,teacher_margin,raw_residual_mean_abs,ll_residual_mean_abs,lh_residual_mean_abs,hl_residual_mean_abs,hh_residual_mean_abs,actual_color_shift,actual_clip_ratio,input_dark_channel_mean,input_low_texture_proxy,sky_highlight_proxy,ll_best_scale,ll_dPSNR,lh_best_scale,lh_dPSNR,hl_best_scale,hl_dPSNR,hh_best_scale,hh_dPSNR,high_best_scale,high_dPSNR,haze_param_t,haze_param_beta
1016_0.8_1.72.png,val_regular,39.61286163330078,0.9955519437789917,0.5,39.317413330078125,0.995174765586853,-0.29544830322265625,-0.0003771781921386719,0.1,39.62776184082031,0.01490020751953125,-4.875659942626953e-05,40.118072509765625,0.5052108764648438,6.22868537902832e-05,39.62867736816406,0.01581573486328125,-4.684925079345703e-05,1.8426170349121094,0.006196379661560059,0.012392755597829819,0.0001372107508359477,0.0001823728671297431,1.6884887372725643e-05,0.003107349155470729,0.0031500000040978193,0.6149551868438721,0.011579803191125393,0.31971248984336853,0.1,0.014614105224609375,0.6,0.00547027587890625,0.6,0.00528717041015625,0.25,0.0047760009765625,0.6,0.0059814453125,0.8,1.72
1031_0.76_0.7.png,val_regular,42.83445358276367,0.99848473072052,0.5,41.8644905090332,0.9984699487686157,-0.9699630737304688,-1.4781951904296875e-05,0.0,42.84375762939453,0.009304046630859375,5.030632019042969e-05,42.92301940917969,0.08856582641601562,0.000148773193359375,42.8437614440918,0.009307861328125,5.042552947998047e-05,1.8991661071777344,0.0030817242804914713,0.0061634015291929245,8.87935675564222e-05,7.23502307664603e-05,1.0720576938183513e-05,0.0015150606632232666,0.011860417202115059,0.5576941967010498,0.02238466590642929,0.37184998393058777,0.0,0.009304046630859375,0.0,0.009304046630859375,0.0,0.009304046630859375,0.3,0.009307861328125,0.0,0.009304046630859375,0.76,0.7
1037_0.89_0.54.png,val_regular,35.944435119628906,0.9982537031173706,0.5,35.5714111328125,0.9981950521469116,-0.37302398681640625,-5.8650970458984375e-05,0.0,35.944435119628906,0.0,0.0,35.947059631347656,0.00262451171875,2.682209014892578e-06,35.94450378417969,6.866455078125e-05,7.748603820800781e-07,3.015583038330078,0.0025123655796051025,0.0050245411694049835,5.4740390623919666e-05,5.1813094614772126e-05,6.814649623265723e-06,0.0012556016445159912,2.0833333564951317e-06,0.4881669282913208,0.02246810495853424,0.24946250021457672,0.0,0.0,0.3,1.1444091796875e-05,0.55,6.103515625e-05,0.0,0.0,0.6,7.2479248046875e-05,0.89,0.54
1039_0.79_1.79.png,val_regular,32.14397430419922,0.9955849051475525,0.5,31.90081787109375,0.9954330325126648,-0.24315643310546875,-0.0001518726348876953,0.0,32.14398956298828,1.52587890625e-05,0.0,32.27548599243164,0.13151168823242188,3.4749507904052734e-05,32.14415740966797,0.00018310546875,1.1920928955078125e-06,3.4116058349609375,0.005741228815168142,0.011482448317110538,9.13346593733877e-05,9.582500206306577e-05,1.0709457455959637e-05,0.0028708777390420437,0.00018124999769497663,0.6588711738586426,0.015557206235826015,0.37017500400543213,0.0,1.52587890625e-05,0.55,7.2479248046875e-05,0.6,0.000125885009765625,0.0,1.52587890625e-05,0.6,0.00019073486328125,0.79,1.79
1133_0.68_1.41.png,val_regular,32.858558654785156,0.9952945113182068,0.5,32.49801254272461,0.9951125383377075,-0.3605461120605469,-0.00018197298049926758,0.0,32.86006164550781,0.00150299072265625,7.337331771850586e-05,32.868858337402344,0.0102996826171875,9.399652481079102e-05,32.86006546020508,0.001506805419921875,7.31348991394043e-05,3.231555938720703,0.003171187825500965,0.0063374838791787624,0.00012827321188524365,0.00011922900011995807,1.6218800737988204e-05,0.0014996826648712158,0.005845833569765091,0.4289070665836334,0.019614551216363907,0.0714312493801117,0.0,0.00150299072265625,0.0,0.00150299072265625,0.2,0.001506805419921875,0.0,0.00150299072265625,0.0,0.00150299072265625,0.68,1.41
1134_0.69_1.2.png,val_regular,32.35816955566406,0.99577397108078,0.5,31.980140686035156,0.9955523014068604,-0.37802886962890625,-0.00022166967391967773,0.0,32.35954666137695,0.001377105712890625,7.343292236328125e-05,32.361915588378906,0.00374603271484375,8.392333984375e-05,32.35954666137695,0.001377105712890625,7.343292236328125e-05,3.3688011169433594,0.0030406161677092314,0.0060766637325286865,0.00011921161785721779,0.0001102748719858937,1.511116079200292e-05,0.001430730102583766,0.0060166665352880955,0.4099627733230591,0.021124310791492462,0.07661249488592148,0.0,0.001377105712890625,0.0,0.001377105712890625,0.0,0.001377105712890625,0.0,0.001377105712890625,0.0,0.001377105712890625,0.69,1.2
1233_0.54_0.63.png,val_regular,37.336830139160156,0.9981050491333008,0.5,36.9516716003418,0.9980093836784363,-0.3851585388183594,-9.566545486450195e-05,0.0,37.33698654174805,0.000156402587890625,9.5367431640625e-07,37.47492599487305,0.13809585571289062,3.647804260253906e-05,37.33742141723633,0.000591278076171875,2.6226043701171875e-06,3.3715591430664062,0.0029014497995376587,0.005802534054964781,9.361973934574053e-05,6.192834553075954e-05,8.44866008264944e-06,0.0014494260540232062,0.00017500000831205398,0.43491771817207336,0.02021314762532711,0.2199624925851822,0.0,0.000156402587890625,0.6,0.000476837158203125,0.6,0.000270843505859375,0.55,0.00016021728515625,0.6,0.0005950927734375,0.54,0.63
126_0.75_1.47.png,val_regular,28.262712478637695,0.9916788339614868,0.5,28.044069290161133,0.9915096163749695,-0.2186431884765625,-0.00016921758651733398,0.0,28.263137817382812,0.0004253387451171875,9.894371032714844e-06,28.27059555053711,0.007883071899414062,6.413459777832031e-05,28.263153076171875,0.0004405975341796875,1.0013580322265625e-05,4.404788970947266,0.00469027878716588,0.009380189701914787,7.345709309447557e-05,0.0001472022122470662,1.0573652616585605e-05,0.0023574731312692165,0.013375000096857548,0.603663980960846,0.020540229976177216,0.26948124170303345,0.0,0.0004253387451171875,0.2,0.0004291534423828125,0.4,0.0004367828369140625,0.4,0.00042724609375,0.35,0.0004405975341796875,0.75,1.47
1333_0.79_1.62.png,val_regular,33.56443786621094,0.9950178861618042,0.5,32.89929962158203,0.9946803450584412,-0.6651382446289062,-0.0003375411033630371,0.0,33.56541442871094,0.0009765625,1.5497207641601562e-06,33.58126449584961,0.016826629638671875,3.916025161743164e-05,33.56541442871094,0.0009765625,1.5497207641601562e-06,3.0402984619140625,0.005750986747443676,0.01150165032595396,0.00011179850116604939,0.00010065371316159144,1.2562609299493488e-05,0.002869000192731619,0.0003854166716337204,0.5703206658363342,0.013119773007929325,0.14051249623298645,0.0,0.0009765625,0.0,0.0009765625,0.0,0.0009765625,0.0,0.0009765625,0.0,0.0009765625,0.79,1.62
1334_0.64_1.51.png,val_regular,36.25510787963867,0.9967682361602783,0.5,35.62776565551758,0.9966375231742859,-0.6273422241210938,-0.00013071298599243164,0.0,36.25647735595703,0.001369476318359375,7.152557373046875e-07,36.3099365234375,0.054828643798828125,8.940696716308594e-05,36.25647735595703,0.001369476318359375,7.152557373046875e-07,3.2224159240722656,0.0046905772760510445,0.009379911236464977,9.338637755718082e-05,8.544782031094655e-05,1.071668702934403e-05,0.002274086233228445,0.0004291666846256703,0.5061408877372742,0.014627955853939056,0.05778750032186508,0.0,0.001369476318359375,0.0,0.001369476318359375,0.0,0.001369476318359375,0.0,0.001369476318359375,0.0,0.001369476318359375,0.64,1.51
1413_0.65_1.47.png,val_regular,40.02935791015625,0.9981329441070557,0.5,39.03540802001953,0.9980307817459106,-0.9939498901367188,-0.00010216236114501953,0.0,40.029693603515625,0.000335693359375,1.7881393432617188e-07,40.103721618652344,0.07436370849609375,2.491474151611328e-05,40.029693603515625,0.000335693359375,1.7881393432617188e-07,1.8968772888183594,0.004734986461699009,0.009468713775277138,0.00013261647836770862,0.00012577505549415946,1.3956223483546637e-05,0.0023631255608052015,0.00010416666918899864,0.5265417695045471,0.017294254153966904,0.01373124960809946,0.0,0.000335693359375,0.0,0.000335693359375,0.0,0.000335693359375,0.0,0.000335693359375,0.0,0.000335693359375,0.65,1.47
1435_0.87_0.57.png,val_regular,43.403011322021484,0.9970235824584961,0.5,42.75419616699219,0.997117280960083,-0.6488151550292969,9.369850158691406e-05,0.0,43.45905685424805,0.0560455322265625,0.00026810169219970703,43.60884094238281,0.20582962036132812,0.0002911090850830078,43.45905685424805,0.0560455322265625,0.00026810169219970703,1.784820556640625,0.002543258247897029,0.005077517591416836,0.0001844301586970687,0.00019135723414365202,2.2307989638647996e-05,0.0009795924415811896,0.03168333321809769,0.32238128781318665,0.028473876416683197,0.06876874715089798,0.0,0.0560455322265625,0.0,0.0560455322265625,0.0,0.0560455322265625,0.0,0.0560455322265625,0.0,0.0560455322265625,0.87,0.57
1456_0.66_1.83.png,val_regular,33.7647590637207,0.995869517326355,0.5,33.203704833984375,0.9957383871078491,-0.5610542297363281,-0.00013113021850585938,0.0,33.7647590637207,0.0,0.0,33.77308654785156,0.008327484130859375,-7.152557373046875e-07,33.7647819519043,2.288818359375e-05,-8.344650268554688e-07,3.2380905151367188,0.005256249103695154,0.010512231849133968,7.212314812932163e-05,7.40393516025506e-05,8.276235348603223e-06,0.002627213951200247,2.0833333564951317e-06,0.6809804439544678,0.009034129790961742,0.44279372692108154,0.0,0.0,0.35,1.9073486328125e-05,0.25,3.814697265625e-06,0.0,0.0,0.3,2.288818359375e-05,0.66,1.83
1461_0.59_0.54.png,val_regular,37.49542999267578,0.9987146258354187,0.5,37.013038635253906,0.9986284971237183,-0.482391357421875,-8.612871170043945e-05,0.0,37.49658203125,0.00115203857421875,1.5079975128173828e-05,37.49658203125,0.00115203857421875,1.5079975128173828e-05,37.49658203125,0.00115203857421875,1.5079975128173828e-05,3.3438682556152344,0.0017342232167720795,0.0034676899667829275,4.633502248907462e-05,5.4678221204085276e-05,5.336338290362619e-06,0.0008422931423410773,0.0025250001344829798,0.38615262508392334,0.020573075860738754,0.12308749556541443,0.0,0.00115203857421875,0.0,0.00115203857421875,0.0,0.00115203857421875,0.0,0.00115203857421875,0.0,0.00115203857421875,0.59,0.54
1467_0.61_1.24.png,val_regular,40.423423767089844,0.9966234564781189,0.5,39.49597930908203,0.9964081048965454,-0.9274444580078125,-0.00021535158157348633,0.0,40.502967834472656,0.0795440673828125,5.984306335449219e-05,40.671119689941406,0.2476959228515625,0.00022912025451660156,40.502967834472656,0.0795440673828125,5.984306335449219e-05,2.0028152465820312,0.004299620166420937,0.008595268242061138,0.00014390863361768425,0.00013011510600335896,1.675224666541908e-05,0.002215862274169922,0.05062916874885559,0.4998036026954651,0.01614638790488243,0.08773750066757202,0.0,0.0795440673828125,0.0,0.0795440673828125,0.0,0.0795440673828125,0.0,0.0795440673828125,0.0,0.0795440673828125,0.61,1.24
1589_0.74_1.06.png,val_regular,42.39085388183594,0.9970111846923828,0.5,42.086177825927734,0.9970059394836426,-0.3046760559082031,-5.245208740234375e-06,0.0,42.409263610839844,0.01840972900390625,3.0994415283203125e-06,42.686180114746094,0.29532623291015625,6.622076034545898e-05,42.409263610839844,0.01840972900390625,3.0994415283203125e-06,-0.01403045654296875,0.0026155372615903616,0.005229634698480368,4.861697743763216e-05,5.150387733010575e-05,4.216082743369043e-06,0.0013529162388294935,0.022149523720145226,0.43285492062568665,0.008426348678767681,0.05537760630249977,0.0,0.01840972900390625,0.0,0.01840972900390625,0.0,0.01840972900390625,0.0,0.01840972900390625,0.0,0.01840972900390625,0.74,1.06
1612_0.77_1.4.png,val_regular,41.314674377441406,0.9953316450119019,0.5,40.83985137939453,0.9952210783958435,-0.474822998046875,-0.00011056661605834961,0.0,41.40035629272461,0.08568191528320312,4.947185516357422e-05,41.82247543334961,0.5078010559082031,0.00013071298599243164,41.40035629272461,0.08568191528320312,4.947185516357422e-05,0.4845085144042969,0.003988480661064386,0.007975735701620579,7.441520574502647e-05,7.321676093852147e-05,5.941625204286538e-06,0.0021476647816598415,0.03878038376569748,0.5880388617515564,0.008066480979323387,0.2538932263851166,0.0,0.08568191528320312,0.0,0.08568191528320312,0.0,0.08568191528320312,0.0,0.08568191528320312,0.0,0.08568191528320312,0.77,1.4
1729_0.85_0.57.png,val_regular,46.16436004638672,0.9988154768943787,0.5,45.76287841796875,0.998805046081543,-0.40148162841796875,-1.043081283569336e-05,0.0,46.273719787597656,0.1093597412109375,1.1265277862548828e-05,46.44773483276367,0.2833747863769531,2.0444393157958984e-05,46.27375030517578,0.1093902587890625,1.1265277862548828e-05,0.7053985595703125,0.0023476933129131794,0.004693064372986555,0.00016303588927257806,0.00010849462705664337,1.568377592775505e-05,0.0012273192405700684,0.03646267578005791,0.4440120458602905,0.03131226450204849,0.25521159172058105,0.0,0.1093597412109375,0.1,0.10938644409179688,0.0,0.1093597412109375,0.15,0.10936355590820312,0.0,0.1093597412109375,0.85,0.57
1741_0.52_0.81.png,val_regular,49.31453323364258,0.9990150332450867,0.5,49.0386962890625,0.9990423917770386,-0.2758369445800781,2.7358531951904297e-05,0.05,49.39289855957031,0.07836532592773438,4.708766937255859e-06,49.68529510498047,0.3707618713378906,3.212690353393555e-05,49.392974853515625,0.07844161987304688,4.708766937255859e-06,0.32341766357421875,0.0018834274960681796,0.0037635634653270245,0.00012274521577637643,0.00011013889161404222,1.137425351771526e-05,0.0009627342224121094,0.022649740800261497,0.41065987944602966,0.029682161286473274,0.15047526359558105,0.05,0.07841873168945312,0.0,0.07423019409179688,0.1,0.07425308227539062,0.0,0.07423019409179688,0.0,0.07423019409179688,0.52,0.81
1744_0.79_1.18.png,val_regular,45.9113883972168,0.998449444770813,0.5,45.40351867675781,0.9985427260398865,-0.5078697204589844,9.328126907348633e-05,0.0,45.94437026977539,0.03298187255859375,6.198883056640625e-06,46.26808166503906,0.3566932678222656,0.00010353326797485352,45.944419860839844,0.033031463623046875,6.079673767089844e-06,-0.17605972290039062,0.0031235399655997753,0.006245487369596958,0.0001343934127362445,0.0001281949080293998,1.262869409401901e-05,0.0015795131912454963,0.01861002668738365,0.4675896167755127,0.02791113406419754,0.16116861999034882,0.0,0.03298187255859375,0.0,0.03298187255859375,0.15,0.033031463623046875,0.0,0.03298187255859375,0.1,0.033016204833984375,0.79,1.18
1851_0.7_1.14.png,val_regular,43.50969696044922,0.9977089762687683,0.5,43.27152633666992,0.9976319670677185,-0.23817062377929688,-7.700920104980469e-05,0.0,43.699893951416016,0.19019699096679688,-2.4378299713134766e-05,43.75320816040039,0.24351119995117188,2.193450927734375e-05,43.700218200683594,0.190521240234375,-2.4139881134033203e-05,2.078105926513672,0.0014541790587827563,0.0029011270962655544,0.00010442142229294404,8.166315092239529e-05,7.543137144239154e-06,0.0001466969697503373,0.05346354469656944,0.5113167762756348,0.012232298962771893,0.22408854961395264,0.0,0.19019699096679688,0.5,0.190521240234375,0.0,0.19019699096679688,0.0,0.19019699096679688,0.3,0.190338134765625,0.7,1.14
1893_0.53_1.29.png,val_regular,42.0767822265625,0.9985455274581909,0.5,41.80134582519531,0.9985814094543457,-0.2754364013671875,3.5881996154785156e-05,0.0,42.14978790283203,0.07300567626953125,5.543231964111328e-05,42.18711471557617,0.11033248901367188,5.936622619628906e-05,42.14978790283203,0.07300567626953125,5.543231964111328e-05,2.978191375732422,0.0008461739635095,0.0016878655878826976,5.856528878211975e-05,5.857843643752858e-05,5.369863174564671e-06,0.00043192505836486816,0.03666992112994194,0.34180182218551636,0.012636890634894371,0.04759114608168602,0.0,0.07300567626953125,0.0,0.07300567626953125,0.0,0.07300567626953125,0.0,0.07300567626953125,0.0,0.07300567626953125,0.53,1.29
1896_0.7_0.8.png,val_regular,41.083045959472656,0.9987804293632507,0.5,40.712562561035156,0.9988204836845398,-0.3704833984375,4.00543212890625e-05,0.0,41.113487243652344,0.0304412841796875,3.081560134887695e-05,41.20151901245117,0.11847305297851562,6.16908073425293e-05,41.113502502441406,0.03045654296875,3.081560134887695e-05,3.586376190185547,0.0012063258327543736,0.0024106272030621767,5.500585029949434e-05,6.228865822777152e-05,5.606586910289479e-06,0.0006441473960876465,0.02742621675133705,0.3534032702445984,0.013641209341585636,0.04794922098517418,0.0,0.0304412841796875,0.3,0.03045654296875,0.0,0.0304412841796875,0.0,0.0304412841796875,0.15,0.03044891357421875,0.7,0.8
1919_0.59_0.94.png,val_regular,49.531150817871094,0.9972550868988037,0.5,49.24315643310547,0.9970889091491699,-0.287994384765625,-0.00016617774963378906,0.0,49.66877365112305,0.13762283325195312,5.137920379638672e-05,50.02046585083008,0.4893150329589844,0.00015342235565185547,49.66877365112305,0.13762283325195312,5.137920379638672e-05,-0.1175384521484375,0.0017817950574681163,0.0035599947441369295,5.315330781741068e-05,6.356030644383281e-05,5.2127875278529245e-06,0.0009333888883702457,0.03438585251569748,0.37604281306266785,0.008914833888411522,0.045364584773778915,0.0,0.13762283325195312,0.0,0.13762283325195312,0.0,0.13762283325195312,0.0,0.13762283325195312,0.0,0.13762283325195312,0.59,0.94
2070_0.86_0.78.png,val_regular,44.15020751953125,0.9987574815750122,0.5,43.319000244140625,0.9986798763275146,-0.831207275390625,-7.76052474975586e-05,0.0,44.18519592285156,0.0349884033203125,1.627206802368164e-05,44.58861541748047,0.43840789794921875,2.0325183868408203e-05,44.18519592285156,0.0349884033203125,1.627206802368164e-05,1.04052734375,0.004067384172230959,0.008133203722536564,0.00012654873717110604,0.00010401530016679317,9.161896741716191e-06,0.0020688376389443874,0.021765409037470818,0.6319801211357117,0.014778228476643562,0.32109376788139343,0.0,0.0349884033203125,0.0,0.0349884033203125,0.0,0.0349884033203125,0.0,0.0349884033203125,0.0,0.0349884033203125,0.86,0.78
2080_0.53_1.58.png,val_regular,40.399478912353516,0.9966287612915039,0.5,40.12150192260742,0.9966117739677429,-0.27797698974609375,-1.6987323760986328e-05,0.0,40.51661682128906,0.11713790893554688,6.198883056640625e-06,40.63414001464844,0.23466110229492188,4.458427429199219e-05,40.51661682128906,0.11713790893554688,6.198883056640625e-06,0.4866790771484375,0.00223038112744689,0.0044526588171720505,0.0001152093245764263,0.00013563128595706075,8.465628525300417e-06,0.0006627241964451969,0.031626518815755844,0.4803149104118347,0.008231902495026588,0.022050781175494194,0.0,0.11713790893554688,0.0,0.11713790893554688,0.0,0.11713790893554688,0.0,0.11713790893554688,0.0,0.11713790893554688,0.53,1.58
210_0.87_0.81.png,val_regular,40.07377624511719,0.9975995421409607,0.5,38.90137481689453,0.9976723194122314,-1.1724014282226562,7.277727127075195e-05,0.0,40.07377624511719,0.0,0.0,40.384033203125,0.3102569580078125,0.00017386674880981445,40.07377624511719,0.0,0.0,0.9747123718261719,0.005132362712174654,0.01026469748467207,4.587314833770506e-05,5.168712232261896e-05,4.522740709944628e-06,0.002555300947278738,0.0,0.5610717535018921,0.008415229618549347,0.40234375,0.0,0.0,0.0,0.0,0.0,0.0,0.0,0.0,0.0,0.0,0.87,0.81
212_0.71_1.94.png,val_regular,37.92644119262695,0.9950463771820068,0.5,37.33465576171875,0.9952383041381836,-0.5917854309082031,0.0001919269561767578,0.0,37.92646789550781,2.6702880859375e-05,0.0,38.5484733581543,0.6220321655273438,0.00033152103424072266,37.92667770385742,0.00023651123046875,-3.5762786865234375e-07,1.9824333190917969,0.00716497702524066,0.014329938217997551,8.281806367449462e-05,8.713718852959573e-05,8.029589480429422e-06,0.0035798351746052504,6.250000296859071e-06,0.6971300840377808,0.0058111827820539474,0.44677498936653137,0.0,2.6702880859375e-05,0.3,6.103515625e-05,0.6,0.0001983642578125,0.4,3.814697265625e-05,0.6,0.0002288818359375,0.71,1.94
2170_0.98_1.62.png,val_regular,36.96137237548828,0.9938509464263916,0.5,36.14174270629883,0.9937399625778198,-0.8196296691894531,-0.00011098384857177734,0.0,36.97211837768555,0.010746002197265625,1.329183578491211e-05,37.021907806396484,0.060535430908203125,0.00010079145431518555,36.97212219238281,0.01074981689453125,1.329183578491211e-05,0.4524078369140625,0.005515375640243292,0.011030749417841434,0.00012310784950386733,0.00014360483328346163,1.085536860045977e-05,0.002817690372467041,0.029233941808342934,0.678038477897644,0.014345445670187473,0.44862955808639526,0.0,0.010746002197265625,0.0,0.010746002197265625,0.0,0.010746002197265625,0.2,0.01074981689453125,0.0,0.010746002197265625,0.98,1.62
2186_0.56_1.06.png,val_regular,45.16416549682617,0.9986881017684937,0.5,44.85752487182617,0.9986833930015564,-0.306640625,-4.708766937255859e-06,0.0,45.2315673828125,0.06740188598632812,2.5033950805664062e-06,45.296165466308594,0.13199996948242188,1.430511474609375e-05,45.2315673828125,0.06740188598632812,2.5033950805664062e-06,1.3082275390625,0.0011809227289631963,0.0023577960673719645,4.580643508234061e-05,6.012453377479687e-05,3.3121343676612014e-06,0.00045482319546863437,0.02764865569770336,0.5045912861824036,0.007294392213225365,0.05194661766290665,0.0,0.06740188598632812,0.0,0.06740188598632812,0.0,0.06740188598632812,0.0,0.06740188598632812,0.0,0.06740188598632812,0.56,1.06
2188_0.86_0.97.png,val_regular,41.70903015136719,0.9980500936508179,0.5,41.470428466796875,0.9980683326721191,-0.2386016845703125,1.823902130126953e-05,0.0,41.72505187988281,0.016021728515625,2.205371856689453e-06,42.119117736816406,0.41008758544921875,3.844499588012695e-05,41.72522735595703,0.01619720458984375,2.2649765014648438e-06,1.88330078125,0.0032838634215295315,0.006566387135535479,4.2205825593555346e-05,5.431382669485174e-05,3.526772843542858e-06,0.0016907056560739875,0.023355035111308098,0.5938546061515808,0.0075472136959433556,0.21377605199813843,0.0,0.016021728515625,0.6,0.01619720458984375,0.0,0.016021728515625,0.0,0.016021728515625,0.1,0.016033172607421875,0.86,0.97
221_0.88_1.44.png,val_regular,36.879722595214844,0.99591463804245,0.5,36.16351318359375,0.9959805011749268,-0.7162094116210938,6.586313247680664e-05,0.0,36.87973403930664,1.1444091796875e-05,0.0,37.03879928588867,0.15907669067382812,0.0002040863037109375,36.87973403930664,1.1444091796875e-05,0.0,2.2801513671875,0.005498015321791172,0.010996018536388874,8.565918687963858e-05,9.413549560122192e-05,9.250167749996763e-06,0.0027490458451211452,8.333333425980527e-06,0.6328875422477722,0.016639724373817444,0.4574500024318695,0.0,1.1444091796875e-05,0.0,1.1444091796875e-05,0.0,1.1444091796875e-05,0.0,1.1444091796875e-05,0.0,1.1444091796875e-05,0.88,1.44
2222_0.73_1.79.png,val_regular,43.96260070800781,0.990056037902832,0.5,43.7296142578125,0.9891775846481323,-0.2329864501953125,-0.000878453254699707,0.0,44.08167266845703,0.11907196044921875,0.00031006336212158203,44.449974060058594,0.48737335205078125,0.00048351287841796875,44.08198928833008,0.11938858032226562,0.00030994415283203125,0.3523712158203125,0.0029308898374438286,0.005859022494405508,9.190553100779653e-05,8.786511170910671e-05,8.065724614425562e-06,0.0015212546568363905,0.03655056655406952,0.39687836170196533,0.006909764371812344,0.04511718824505806,0.0,0.11907196044921875,0.5,0.11925888061523438,0.4,0.11920166015625,0.0,0.11907196044921875,0.5,0.11938858032226562,0.73,1.79
2242_0.99_1.49.png,val_regular,41.004364013671875,0.9876580238342285,0.5,40.57083511352539,0.9887961149215698,-0.4335289001464844,0.0011380910873413086,0.0,41.05020523071289,0.045841217041015625,0.00031369924545288086,41.283203125,0.278839111328125,0.0010706782341003418,41.05021667480469,0.0458526611328125,0.00031369924545288086,1.4472160339355469,0.003763013519346714,0.007525472901761532,0.00012957683065906167,0.0001613069762242958,1.2758513548760675e-05,0.0018831193447113037,0.03032226674258709,0.5339075922966003,0.011406050994992256,0.20941081643104553,0.0,0.045841217041015625,0.0,0.045841217041015625,0.0,0.045841217041015625,0.6,0.0458526611328125,0.0,0.045841217041015625,0.99,1.49
229_0.93_1.79.png,val_regular,36.4676513671875,0.9931097030639648,0.5,36.11424255371094,0.9927853941917419,-0.3534088134765625,-0.0003243088722229004,0.0,36.4676628112793,1.1444091796875e-05,0.0,36.940338134765625,0.472686767578125,0.0002664923667907715,36.4686279296875,0.0009765625,2.086162567138672e-06,2.5107421875,0.006374180782586336,0.012748227454721928,9.972495900001377e-05,0.00011241010361118242,1.3855089491698891e-05,0.0031869113445281982,1.4583333722839598e-05,0.6607431769371033,0.01167020108550787,0.29308125376701355,0.0,1.1444091796875e-05,0.6,0.00049591064453125,0.6,0.000476837158203125,0.55,3.0517578125e-05,0.6,0.0009765625,0.93,1.79
230_0.98_1.69.png,val_regular,36.82231140136719,0.9935182332992554,0.5,36.16362380981445,0.993121325969696,-0.6586875915527344,-0.00039690732955932617,0.0,36.82231521606445,3.814697265625e-06,0.0,37.12525177001953,0.30294036865234375,0.0002040863037109375,36.82280731201172,0.00049591064453125,1.0132789611816406e-06,2.1667137145996094,0.00634668068960309,0.012693212367594242,9.67826708802022e-05,0.00010979217040585354,1.3431017578113824e-05,0.0031731626950204372,8.333333425980527e-06,0.6535655856132507,0.011737726628780365,0.2885437309741974,0.0,3.814697265625e-06,0.6,0.0002899169921875,0.6,0.00020599365234375,0.3,7.62939453125e-06,0.6,0.000499725341796875,0.98,1.69
2325_0.93_1.76.png,val_regular,40.53710174560547,0.995659589767456,0.5,40.238956451416016,0.9956468343734741,-0.2981452941894531,-1.2755393981933594e-05,0.0,40.576690673828125,0.03958892822265625,3.337860107421875e-06,40.95330810546875,0.41620635986328125,6.455183029174805e-05,40.576759338378906,0.0396575927734375,3.4570693969726562e-06,0.3843421936035156,0.004608227871358395,0.00921643152832985,5.024947313359007e-05,6.510123785119504e-05,3.7730424082838e-06,0.002407809253782034,0.030871311202645302,0.577591061592102,0.009300252422690392,0.23964518308639526,0.0,0.03958892822265625,0.0,0.03958892822265625,0.45,0.0396575927734375,0.0,0.03958892822265625,0.35,0.039638519287109375,0.93,1.76
2377_0.59_1.32.png,val_regular,48.13477325439453,0.9957770705223083,0.5,47.93019104003906,0.9958181381225586,-0.20458221435546875,4.106760025024414e-05,0.0,48.39084243774414,0.2560691833496094,0.00017493963241577148,48.421958923339844,0.2871856689453125,0.00022476911544799805,48.39084243774414,0.2560691833496094,0.00017493963241577148,-0.7541313171386719,0.0008714376599527895,0.001739048515446484,5.2254737965995446e-05,5.646195859299041e-05,4.9113837121694814e-06,0.00042148929787799716,0.043937716633081436,0.2566905617713928,0.00857187993824482,0.045309245586395264,0.0,0.2560691833496094,0.0,0.2560691833496094,0.0,0.2560691833496094,0.0,0.2560691833496094,0.0,0.2560691833496094,0.59,1.32
2379_0.79_1.37.png,val_regular,46.4117431640625,0.994795024394989,0.5,45.927032470703125,0.9950903654098511,-0.484710693359375,0.00029534101486206055,0.0,46.562686920166016,0.15094375610351562,0.00014138221740722656,46.719688415527344,0.30794525146484375,0.00040858983993530273,46.562767028808594,0.15102386474609375,0.00014132261276245117,-0.6682243347167969,0.0014923466369509697,0.00298237893730402,5.4601590818492696e-05,5.86286696488969e-05,5.419944045570446e-06,0.0007493844022974372,0.045049913227558136,0.29610392451286316,0.008537047542631626,0.04592122510075569,0.0,0.15094375610351562,0.4,0.15102386474609375,0.0,0.15094375610351562,0.0,0.15094375610351562,0.1,0.1509552001953125,0.79,1.37
2380_0.52_1.3.png,val_regular,46.14948654174805,0.9960683584213257,0.5,45.88714599609375,0.9958314299583435,-0.2623405456542969,-0.00023692846298217773,0.0,46.27729797363281,0.12781143188476562,9.250640869140625e-05,46.28221893310547,0.13273239135742188,9.453296661376953e-05,46.27729797363281,0.12781143188476562,9.250640869140625e-05,-0.9874153137207031,0.0007040833006612957,0.0014040475944057107,5.1879807870136574e-05,5.5866126785986125e-05,4.7579196689184755e-06,0.00029343366622924805,0.03829969838261604,0.24323710799217224,0.00858917087316513,0.04519856721162796,0.0,0.12781143188476562,0.0,0.12781143188476562,0.0,0.12781143188476562,0.0,0.12781143188476562,0.0,0.12781143188476562,0.52,1.3
2405_0.56_0.59.png,val_regular,48.646018981933594,0.9991471767425537,0.5,48.43338394165039,0.9991487264633179,-0.21263504028320312,1.5497207641601562e-06,0.0,48.764373779296875,0.11835479736328125,3.2186508178710938e-06,49.144649505615234,0.4986305236816406,1.633167266845703e-05,48.76438522338867,0.11836624145507812,3.2186508178710938e-06,-0.6270713806152344,0.0018874516244977713,0.0037732592318207026,5.6596516515128314e-05,6.130115070845932e-05,4.7875710151856765e-06,0.0009520550956949592,0.026121962815523148,0.3997489809989929,0.011901885271072388,0.1026497408747673,0.0,0.11835479736328125,0.0,0.11835479736328125,0.05,0.1183624267578125,0.4,0.1183624267578125,0.0,0.11835479736328125,0.56,0.59
2427_0.71_0.9.png,val_regular,44.30303192138672,0.9979901313781738,0.5,43.58724594116211,0.997957706451416,-0.7157859802246094,-3.24249267578125e-05,0.0,44.35322189331055,0.050189971923828125,1.6689300537109375e-06,44.45003890991211,0.14700698852539062,9.179115295410156e-06,44.35322189331055,0.050189971923828125,1.6689300537109375e-06,0.545989990234375,0.0024580727331340313,0.004911916330456734,6.437367846956477e-05,8.918078674469143e-05,5.6850226428650785e-06,0.0012810826301574707,0.023765191435813904,0.5569220185279846,0.012400336563587189,0.31776368618011475,0.0,0.050189971923828125,0.0,0.050189971923828125,0.0,0.050189971923828125,0.0,0.050189971923828125,0.0,0.050189971923828125,0.71,0.9
2435_0.72_0.78.png,val_regular,44.469749450683594,0.999041736125946,0.5,43.71509552001953,0.9990009069442749,-0.7546539306640625,-4.082918167114258e-05,0.0,44.581809997558594,0.112060546875,2.3543834686279297e-05,44.627479553222656,0.1577301025390625,1.7344951629638672e-05,44.581809997558594,0.112060546875,2.3543834686279297e-05,2.577747344970703,0.00197906163521111,0.003955402411520481,8.368991984752938e-05,7.697843830101192e-05,7.941267540445551e-06,0.0010550221195444465,0.04868164286017418,0.5813345909118652,0.01582435332238674,0.4178417921066284,0.0,0.112060546875,0.0,0.112060546875,0.0,0.112060546875,0.0,0.112060546875,0.0,0.112060546875,0.72,0.78
2436_0.83_1.9.png,val_regular,41.66386413574219,0.9979405403137207,0.5,41.047767639160156,0.9979127645492554,-0.6160964965820312,-2.777576446533203e-05,0.0,41.73863220214844,0.07476806640625,6.878376007080078e-05,41.85581588745117,0.19195175170898438,7.784366607666016e-05,41.73863220214844,0.07476806640625,6.878376007080078e-05,0.36998748779296875,0.002670393791049719,0.005337321199476719,0.00011291540431557223,0.0001096640044124797,1.0824616765603423e-05,0.0014216701965779066,0.0533311627805233,0.6162810921669006,0.013228662312030792,0.46839192509651184,0.0,0.07476806640625,0.0,0.07476806640625,0.0,0.07476806640625,0.0,0.07476806640625,0.0,0.07476806640625,0.83,1.9
2511_0.82_1.93.png,val_regular,42.58266830444336,0.9956860542297363,0.5,42.0436897277832,0.9958232641220093,-0.5389785766601562,0.00013720989227294922,0.0,42.605648040771484,0.022979736328125,0.00022524595260620117,42.67793655395508,0.09526824951171875,0.00025194883346557617,42.605682373046875,0.023014068603515625,0.00022524595260620117,1.3385124206542969,0.0018342635594308376,0.003667109413072467,4.996228017262183e-05,4.798563168151304e-05,3.833815753750969e-06,0.0009261667728424072,0.028658855706453323,0.4646961987018585,0.008457837626338005,0.15743815898895264,0.0,0.022979736328125,0.35,0.023014068603515625,0.0,0.022979736328125,0.0,0.022979736328125,0.2,0.02300262451171875,0.82,1.93
2609_0.89_1.63.png,val_regular,41.88084411621094,0.9917198419570923,0.5,41.668033599853516,0.9917377233505249,-0.21281051635742188,1.7881393432617188e-05,0.0,41.94690704345703,0.06606292724609375,0.0004137754440307617,42.09575271606445,0.21490859985351562,0.0005066394805908203,41.94691467285156,0.066070556640625,0.0004137754440307617,0.9963417053222656,0.0027917881961911917,0.005582947749644518,0.0001287502091145143,0.00012318983499426395,1.2231419532326981e-05,0.0013827781658619642,0.03492296114563942,0.5196429491043091,0.011973111890256405,0.2316308617591858,0.0,0.06606292724609375,0.1,0.066070556640625,0.0,0.06606292724609375,0.0,0.06606292724609375,0.0,0.06606292724609375,0.89,1.63
2717_0.97_0.78.png,val_regular,43.19148254394531,0.9961363673210144,0.5,42.909358978271484,0.9963752627372742,-0.2821235656738281,0.00023889541625976562,0.0,43.2253303527832,0.033847808837890625,0.00012445449829101562,43.64213562011719,0.450653076171875,0.00029844045639038086,43.2253303527832,0.033847808837890625,0.00012445449829101562,1.1888809204101562,0.0032071892637759447,0.00641415873542428,9.496699931332842e-05,0.00010354816913604736,9.907432286127005e-06,0.001633336185477674,0.026522353291511536,0.507697343826294,0.014871148392558098,0.2619205713272095,0.0,0.033847808837890625,0.0,0.033847808837890625,0.0,0.033847808837890625,0.0,0.033847808837890625,0.0,0.033847808837890625,0.97,0.78
2722_0.85_0.56.png,val_regular,44.38452911376953,0.9965275526046753,0.5,43.971038818359375,0.996618926525116,-0.41349029541015625,9.137392044067383e-05,0.0,44.42556381225586,0.041034698486328125,1.1324882507324219e-05,44.66268539428711,0.2781562805175781,0.00014668703079223633,44.42556381225586,0.041034698486328125,1.1324882507324219e-05,1.3493843078613281,0.002755299676209688,0.00551002798601985,8.91238814801909e-05,0.00011330593406455591,8.820917173579801e-06,0.0014083882560953498,0.028264975175261497,0.3921825885772705,0.015287002548575401,0.13884440064430237,0.0,0.041034698486328125,0.0,0.041034698486328125,0.0,0.041034698486328125,0.0,0.041034698486328125,0.0,0.041034698486328125,0.85,0.56
2827_0.92_0.93.png,val_regular,42.209835052490234,0.9951927065849304,0.5,41.837135314941406,0.9951006770133972,-0.3726997375488281,-9.202957153320312e-05,0.0,42.22527313232422,0.015438079833984375,5.4836273193359375e-06,42.39395523071289,0.18412017822265625,3.141164779663086e-05,42.22527313232422,0.015438079833984375,5.4836273193359375e-06,0.6841812133789062,0.002217372879385948,0.004434467293322086,5.9594487538561225e-05,5.015180431655608e-05,5.18977776664542e-06,0.0011364619713276625,0.017422961071133614,0.36110150814056396,0.007997573353350163,0.04599284008145332,0.0,0.015438079833984375,0.0,0.015438079833984375,0.0,0.015438079833984375,0.0,0.015438079833984375,0.0,0.015438079833984375,0.92,0.93
2845_0.61_0.81.png,val_regular,45.48161315917969,0.9982647895812988,0.5,45.251651763916016,0.9982833862304688,-0.22996139526367188,1.8596649169921875e-05,0.0,45.55027770996094,0.06866455078125,1.8477439880371094e-06,45.743247985839844,0.26163482666015625,3.1888484954833984e-05,45.55027770996094,0.06866455078125,1.8477439880371094e-06,0.5136451721191406,0.0014133722288534045,0.002824184251949191,4.941910447087139e-05,4.6219291107263416e-05,4.0850686673366e-06,0.000773827254306525,0.03010633774101734,0.3347680866718292,0.008637625724077225,0.04822591319680214,0.0,0.06866455078125,0.0,0.06866455078125,0.0,0.06866455078125,0.0,0.06866455078125,0.0,0.06866455078125,0.61,0.81
2891_0.75_1.3.png,val_regular,41.501346588134766,0.9980546832084656,0.5,41.29505920410156,0.9980471134185791,-0.20628738403320312,-7.569789886474609e-06,0.0,41.5404167175293,0.03907012939453125,1.4781951904296875e-05,41.65168762207031,0.15034103393554688,3.17692756652832e-05,41.540504455566406,0.039157867431640625,1.4781951904296875e-05,0.6105003356933594,0.001465563545934856,0.0029287852812558413,5.9602080000331625e-05,7.246696623042226e-05,5.821590093546547e-06,0.0006777942180633545,0.02783854305744171,0.41541820764541626,0.010326516814529896,0.1282910257577896,0.0,0.03907012939453125,0.55,0.039157867431640625,0.0,0.03907012939453125,0.0,0.03907012939453125,0.0,0.03907012939453125,0.75,1.3
2904_0.97_0.81.png,val_regular,39.94993209838867,0.9982709884643555,0.5,39.57622146606445,0.9982416033744812,-0.37371063232421875,-2.9385089874267578e-05,0.0,39.98292541503906,0.032993316650390625,4.76837158203125e-07,40.49618148803711,0.5462493896484375,3.039836883544922e-06,39.98294448852539,0.03301239013671875,6.556510925292969e-07,-0.13425445556640625,0.004060576669871807,0.008121103048324585,4.154556154389866e-05,3.875512629747391e-05,3.204824906788417e-06,0.002145548816770315,0.03939236328005791,0.6091712713241577,0.00722456444054842,0.10887044668197632,0.0,0.032993316650390625,0.55,0.03301239013671875,0.0,0.032993316650390625,0.0,0.032993316650390625,0.2,0.033000946044921875,0.97,0.81
2950_0.52_1.03.png,val_regular,42.374420166015625,0.9980634450912476,0.5,42.10733413696289,0.9980419874191284,-0.2670860290527344,-2.1457672119140625e-05,0.0,42.50505065917969,0.1306304931640625,7.152557373046875e-06,42.548274993896484,0.17385482788085938,1.7464160919189453e-05,42.50505065917969,0.1306304931640625,7.152557373046875e-06,1.6714935302734375,0.001464690431021154,0.0029258166905492544,4.1577186493668705e-05,4.814265048480593e-05,2.6308161977794953e-06,0.0009150406112894416,0.03408203274011612,0.3411656320095062,0.008233536034822464,0.06701497733592987,0.0,0.1306304931640625,0.0,0.1306304931640625,0.0,0.1306304931640625,0.0,0.1306304931640625,0.0,0.1306304931640625,0.52,1.03
2992_0.95_0.97.png,val_regular,39.190696716308594,0.9955310821533203,0.5,38.744102478027344,0.9953245520591736,-0.44659423828125,-0.00020653009414672852,0.0,39.22126007080078,0.0305633544921875,9.655952453613281e-06,39.35969543457031,0.16899871826171875,5.882978439331055e-05,39.22129440307617,0.030597686767578125,9.5367431640625e-06,0.9899940490722656,0.003590367967262864,0.007180225569754839,0.00010925018432317302,0.00011066683509852737,9.486758244747762e-06,0.0018526216736063361,0.03645182400941849,0.4269263744354248,0.012756606563925743,0.2124837338924408,0.0,0.0305633544921875,0.15,0.030574798583984375,0.2,0.03058624267578125,0.0,0.0305633544921875,0.2,0.03060150146484375,0.95,0.97
2999_0.57_1.33.png,val_regular,41.59326171875,0.9967057108879089,0.5,41.1836051940918,0.9966332316398621,-0.4096565246582031,-7.2479248046875e-05,0.0,41.66831588745117,0.07505416870117188,3.993511199951172e-06,41.80301284790039,0.20975112915039062,4.607439041137695e-05,41.66835403442383,0.07509231567382812,3.993511199951172e-06,0.4001312255859375,0.0032163383439183235,0.006425380241125822,0.00013334440882317722,0.00014345561794470996,1.0195819413638674e-05,0.001485288143157959,0.02361111156642437,0.5034006834030151,0.01071542501449585,0.08227213472127914,0.0,0.07505416870117188,0.2,0.07509231567382812,0.0,0.07505416870117188,0.0,0.07505416870117188,0.1,0.0750732421875,0.57,1.33
327_0.89_1.58.png,val_regular,35.0373420715332,0.9963024854660034,0.5,34.63044738769531,0.996351420879364,-0.4068946838378906,4.89354133605957e-05,0.0,35.03750228881836,0.00016021728515625,0.0,35.14911651611328,0.11177444458007812,9.518861770629883e-05,35.03783416748047,0.000492095947265625,7.748603820800781e-07,2.8584327697753906,0.005615818314254284,0.011231599375605583,0.0001385065115755424,0.00014183092571329325,1.4873864529363345e-05,0.0028094749432057142,0.0006395833333954215,0.6275907158851624,0.01712189055979252,0.36663123965263367,0.0,0.00016021728515625,0.6,0.0002899169921875,0.6,0.000370025634765625,0.0,0.00016021728515625,0.6,0.000492095947265625,0.89,1.58
330_0.59_1.02.png,val_regular,38.7113037109375,0.9984740614891052,0.5,37.823081970214844,0.9984731674194336,-0.8882217407226562,-8.940696716308594e-07,0.0,38.7113037109375,0.0,0.0,38.78685760498047,0.07555389404296875,2.104043960571289e-05,38.7113037109375,0.0,0.0,3.3923912048339844,0.0046959370374679565,0.009391614235937595,5.8739795349538326e-05,8.254952263087034e-05,7.0368178057833575e-06,0.002347042318433523,0.0,0.5664940476417542,0.018062997609376907,0.39237499237060547,0.0,0.0,0.0,0.0,0.0,0.0,0.0,0.0,0.0,0.0,0.59,1.02
331_0.87_1.64.png,val_regular,34.58487319946289,0.99420166015625,0.5,34.234012603759766,0.9945787787437439,-0.350860595703125,0.0003771185874938965,0.0,34.58487319946289,0.0,0.0,35.268768310546875,0.6838951110839844,0.0004526972770690918,34.585052490234375,0.000179290771484375,1.3113021850585938e-06,3.1544761657714844,0.008365440182387829,0.016730640083551407,8.292213169625029e-05,0.00012536876602098346,9.675041837908793e-06,0.004182279109954834,2.0833333564951317e-06,0.7179958820343018,0.012014098465442657,0.5196312665939331,0.0,0.0,0.6,6.4849853515625e-05,0.6,0.00011444091796875,0.25,3.814697265625e-06,0.6,0.000179290771484375,0.87,1.64
343_0.84_1.57.png,val_regular,37.83766555786133,0.9963996410369873,0.5,37.59056091308594,0.9965910911560059,-0.24710464477539062,0.0001914501190185547,0.0,37.8377571105957,9.1552734375e-05,4.172325134277344e-07,38.285606384277344,0.4479408264160156,0.00025522708892822266,37.83782196044922,0.000156402587890625,3.5762786865234375e-07,0.5777664184570312,0.005601156502962112,0.01120227575302124,0.00013789132935926318,0.00013682086137123406,1.8019802155322395e-05,0.0027997097931802273,4.583333429764025e-05,0.6908153295516968,0.015505334362387657,0.39797499775886536,0.0,9.1552734375e-05,0.35,0.000156402587890625,0.0,9.1552734375e-05,0.0,9.1552734375e-05,0.25,0.0001373291015625,0.84,1.57
368_0.53_1.11.png,val_regular,42.46603012084961,0.9987272024154663,0.5,41.78689956665039,0.998629093170166,-0.6791305541992188,-9.810924530029297e-05,0.0,42.46780776977539,0.00177764892578125,1.3113021850585938e-06,42.75861740112305,0.2925872802734375,-2.5033950805664062e-06,42.4678840637207,0.00185394287109375,1.7285346984863281e-06,2.203083038330078,0.0034327751491218805,0.006861481815576553,9.941925236489624e-05,9.199427586281672e-05,1.0969746654154733e-05,0.0011688669910654426,0.002183333272114396,0.3838953673839569,0.020200788974761963,0.003974999766796827,0.0,0.00177764892578125,0.0,0.00177764892578125,0.25,0.00185394287109375,0.0,0.00177764892578125,0.05,0.00179290771484375,0.53,1.11
416_0.76_0.72.png,val_regular,36.39189147949219,0.9977664351463318,0.5,35.85177230834961,0.9977293014526367,-0.5401191711425781,-3.713369369506836e-05,0.0,36.39189147949219,0.0,0.0,36.42567825317383,0.033786773681640625,4.470348358154297e-06,36.39191436767578,2.288818359375e-05,-5.960464477539063e-08,2.3148841857910156,0.0034698452800512314,0.00693967379629612,4.6310407924465835e-05,4.3090614781249315e-05,5.381849859986687e-06,0.0017348926048725843,4.1666667129902635e-06,0.6498350501060486,0.014470359310507774,0.5477687120437622,0.0,0.0,0.0,0.0,0.5,2.288818359375e-05,0.0,0.0,0.0,0.0,0.76,0.72
422_0.82_1.34.png,val_regular,34.19041442871094,0.9942145347595215,0.5,33.76715087890625,0.994229257106781,-0.4232635498046875,1.4722347259521484e-05,0.0,34.1904182434082,3.814697265625e-06,0.0,34.30584716796875,0.1154327392578125,0.00019854307174682617,34.1904296875,1.52587890625e-05,-3.5762786865234375e-07,2.4868240356445312,0.005947086028754711,0.011894169263541698,5.431501631392166e-05,8.23707741801627e-05,5.88834700465668e-06,0.0029735169373452663,6.250000296859071e-06,0.6719521284103394,0.005708163604140282,0.45948123931884766,0.0,3.814697265625e-06,0.0,3.814697265625e-06,0.25,1.52587890625e-05,0.0,3.814697265625e-06,0.1,7.62939453125e-06,0.82,1.34
441_0.78_0.66.png,val_regular,39.132625579833984,0.9986311793327332,0.5,38.599239349365234,0.9986037611961365,-0.53338623046875,-2.7418136596679688e-05,0.0,39.13285827636719,0.000232696533203125,1.7881393432617188e-07,39.224456787109375,0.09183120727539062,5.340576171875e-05,39.13288497924805,0.0002593994140625,1.7881393432617188e-07,2.1349868774414062,0.003947190009057522,0.007894373498857021,6.96030692779459e-05,8.327305113198236e-05,1.0830312930920627e-05,0.0019734404049813747,5.833333489135839e-05,0.45785364508628845,0.024754704907536507,0.17498749494552612,0.0,0.000232696533203125,0.0,0.000232696533203125,0.3,0.0002593994140625,0.0,0.000232696533203125,0.1,0.000240325927734375,0.78,0.66
442_0.83_1.12.png,val_regular,36.60690689086914,0.9971551895141602,0.5,36.32912063598633,0.997125506401062,-0.2777862548828125,-2.968311309814453e-05,0.0,36.60702133178711,0.00011444091796875,0.0,36.96102523803711,0.35411834716796875,0.00019633769989013672,36.60715103149414,0.000244140625,-7.748603820800781e-07,2.4683685302734375,0.005519288592040539,0.011038577184081078,0.00010059048508992419,0.00012429266644176096,1.5193060789897572e-05,0.002759496448561549,9.791666525416076e-05,0.56672602891922,0.019111357629299164,0.18594375252723694,0.0,0.00011444091796875,0.3,0.00014495849609375,0.55,0.000217437744140625,0.0,0.00011444091796875,0.55,0.000240325927734375,0.83,1.12
501_0.99_0.7.png,val_regular,39.12370300292969,0.996062695980072,0.5,38.141357421875,0.9958686828613281,-0.9823455810546875,-0.00019401311874389648,0.0,39.12370300292969,0.0,0.0,39.2796630859375,0.1559600830078125,0.00017470121383666992,39.12385559082031,0.000152587890625,-4.172325134277344e-07,1.4937362670898438,0.0047921487130224705,0.009583905339241028,8.372584852622822e-05,9.303016850026324e-05,1.0875714906433132e-05,0.0023955702781677246,1.2500000593718141e-05,0.5075057744979858,0.01794588565826416,0.17175625264644623,0.0,0.0,0.0,0.0,0.6,0.000152587890625,0.0,0.0,0.35,6.103515625e-05,0.99,0.7
611_0.99_1.33.png,val_regular,36.197845458984375,0.9950463175773621,0.5,34.99862289428711,0.9946427345275879,-1.1992225646972656,-0.0004035830497741699,0.0,36.198265075683594,0.00041961669921875,6.556510925292969e-07,36.214012145996094,0.01616668701171875,1.2576580047607422e-05,36.198265075683594,0.00041961669921875,6.556510925292969e-07,2.7406158447265625,0.006182973738759756,0.012365479953587055,0.00015928971697576344,0.0001411672419635579,1.614936991245486e-05,0.0030882558785378933,0.0001645833399379626,0.6303725242614746,0.017411723732948303,0.3895937502384186,0.0,0.00041961669921875,0.0,0.00041961669921875,0.0,0.00041961669921875,0.0,0.00041961669921875,0.0,0.00041961669921875,0.99,1.33
692_0.69_1.32.png,val_regular,37.375518798828125,0.997734546661377,0.5,36.993099212646484,0.9976423978805542,-0.3824195861816406,-9.21487808227539e-05,0.0,37.3756103515625,9.1552734375e-05,1.1920928955078125e-07,37.43148422241211,0.055965423583984375,2.3245811462402344e-06,37.375633239746094,0.00011444091796875,6.556510925292969e-07,3.3257408142089844,0.0018007257021963596,0.0036004965659230947,5.1751776481978595e-05,4.99905800097622e-05,5.483208951773122e-06,0.0008160273428075016,2.2916667148820125e-05,0.5454583168029785,0.017392665147781372,0.1518625020980835,0.0,9.1552734375e-05,0.0,9.1552734375e-05,0.45,0.00011444091796875,0.0,9.1552734375e-05,0.0,9.1552734375e-05,0.69,1.32
728_0.58_1.55.png,val_regular,42.549442291259766,0.9973101019859314,0.5,42.21904373168945,0.9973704218864441,-0.3303985595703125,6.031990051269531e-05,0.0,42.54945373535156,1.1444091796875e-05,0.0,42.88737869262695,0.3379364013671875,3.2842159271240234e-05,42.54969024658203,0.000247955322265625,1.1324882507324219e-06,1.027130126953125,0.00364647526293993,0.007291668094694614,7.618804374942556e-05,0.0001017334361677058,7.412546437990386e-06,0.0017751853447407484,2.2916667148820125e-05,0.6014471650123596,0.009009001776576042,0.005624999757856131,0.0,1.1444091796875e-05,0.0,1.1444091796875e-05,0.55,0.000247955322265625,0.0,1.1444091796875e-05,0.3,0.000141143798828125,0.58,1.55
778_0.99_1.06.png,val_regular,33.92321014404297,0.9975783228874207,0.5,32.868465423583984,0.9973659515380859,-1.0547447204589844,-0.0002123713493347168,0.0,33.92324447631836,3.4332275390625e-05,1.7881393432617188e-07,33.92324447631836,3.4332275390625e-05,1.7881393432617188e-07,33.92324447631836,3.4332275390625e-05,1.7881393432617188e-07,3.4009017944335938,0.006180608179420233,0.01236103568226099,9.276004129787907e-05,7.214840297820047e-05,9.94699712464353e-06,0.0030889909248799086,2.0833333110203966e-05,0.6937277913093567,0.02144189551472664,0.36821249127388,0.0,3.4332275390625e-05,0.0,3.4332275390625e-05,0.0,3.4332275390625e-05,0.0,3.4332275390625e-05,0.0,3.4332275390625e-05,0.99,1.06
801_0.55_1.38.png,val_regular,36.47361373901367,0.9964930415153503,0.5,36.150779724121094,0.9968088865280151,-0.3228340148925781,0.0003158450126647949,0.0,36.48031234741211,0.0066986083984375,0.00017213821411132812,36.52792739868164,0.05431365966796875,0.00029277801513671875,36.48031234741211,0.0066986083984375,0.00017213821411132812,2.8936119079589844,0.0022657655645161867,0.0045249867253005505,7.570398156531155e-05,0.00010706739703891799,1.0749433386081364e-05,0.00015391907072626054,0.02408958412706852,0.42662346363067627,0.015145499259233475,0.008349999785423279,0.0,0.0066986083984375,0.0,0.0066986083984375,0.0,0.0066986083984375,0.0,0.0066986083984375,0.0,0.0066986083984375,0.55,1.38
851_0.78_0.98.png,val_regular,40.271793365478516,0.9990953803062439,0.5,39.67524719238281,0.9991058111190796,-0.5965461730957031,1.043081283569336e-05,0.0,40.27180099487305,7.62939453125e-06,5.960464477539063e-08,40.67079162597656,0.3989982604980469,4.4286251068115234e-05,40.272377014160156,0.000583648681640625,5.960464477539063e-08,2.451183319091797,0.005083045456558466,0.010166039690375328,6.916556594660506e-05,0.000108478641777765,1.1410187653382309e-05,0.002541154623031616,4.1666667129902635e-06,0.5517817139625549,0.02814612165093422,0.0952562466263771,0.0,7.62939453125e-06,0.55,8.7738037109375e-05,0.6,0.00049591064453125,0.45,1.9073486328125e-05,0.6,0.000591278076171875,0.78,0.98
861_0.95_0.65.png,val_regular,40.74633026123047,0.9982951879501343,0.5,40.4719123840332,0.9983217120170593,-0.2744178771972656,2.6524066925048828e-05,0.0,40.746341705322266,1.1444091796875e-05,0.0,41.4213752746582,0.6750450134277344,8.970499038696289e-05,40.74651336669922,0.00018310546875,-4.76837158203125e-07,2.704479217529297,0.004114088136702776,0.00822797417640686,4.043811350129545e-05,4.798876398126595e-05,5.025765403843252e-06,0.002056688070297241,2.0833333564951317e-06,0.5393202304840088,0.017603566870093346,0.2696499824523926,0.0,1.1444091796875e-05,0.6,0.000171661376953125,0.15,1.9073486328125e-05,0.5,1.52587890625e-05,0.6,0.00017547607421875,0.95,0.65
863_0.87_0.58.png,val_regular,36.93707275390625,0.9985420107841492,0.5,36.223121643066406,0.9984979629516602,-0.7139511108398438,-4.404783248901367e-05,0.0,36.93708038330078,7.62939453125e-06,0.0,36.99699783325195,0.059925079345703125,2.288818359375e-05,36.93712615966797,5.340576171875e-05,-2.384185791015625e-07,2.9139251708984375,0.003746824339032173,0.007493492681533098,3.8456462789326906e-05,4.532395178102888e-05,4.933429863740457e-06,0.0018731554737314582,2.0833333564951317e-06,0.5190310478210449,0.018007822334766388,0.2652624845504761,0.0,7.62939453125e-06,0.6,4.57763671875e-05,0.25,1.52587890625e-05,0.0,7.62939453125e-06,0.55,5.340576171875e-05,0.87,0.58
881_0.6_1.13.png,val_regular,37.47796630859375,0.998186469078064,0.5,37.223697662353516,0.9982039928436279,-0.2542686462402344,1.7523765563964844e-05,0.0,37.47826385498047,0.00029754638671875,0.0,37.598663330078125,0.120697021484375,7.230043411254883e-05,37.47860336303711,0.000637054443359375,7.748603820800781e-07,2.926136016845703,0.003459133906289935,0.006916434969753027,9.423116716789082e-05,0.00010755354742286727,1.1347923646098934e-05,0.0016802450409159064,0.0002208333316957578,0.5539674758911133,0.01657474786043167,0.3382687270641327,0.0,0.00029754638671875,0.6,0.000408172607421875,0.6,0.0005340576171875,0.0,0.00029754638671875,0.6,0.000640869140625,0.6,1.13
885_0.96_1.05.png,val_regular,39.52239990234375,0.9976500868797302,0.5,39.20573043823242,0.9979248046875,-0.3166694641113281,0.0002747178077697754,0.0,39.522891998291016,0.000492095947265625,7.152557373046875e-07,39.865203857421875,0.342803955078125,0.00029414892196655273,39.522891998291016,0.000492095947265625,7.152557373046875e-07,2.043811798095703,0.003797337180003524,0.007594550494104624,6.675433542113751e-05,6.632987788179889e-05,8.730535228096414e-06,0.0018967589130625129,0.00010208333696937189,0.659558117389679,0.018984507769346237,0.45762500166893005,0.0,0.000492095947265625,0.0,0.000492095947265625,0.0,0.000492095947265625,0.0,0.000492095947265625,0.0,0.000492095947265625,0.96,1.05
898_0.93_1.53.png,val_regular,37.85965347290039,0.9966237545013428,0.5,37.451316833496094,0.9966092109680176,-0.4083366394042969,-1.4543533325195312e-05,0.0,37.860267639160156,0.000614166259765625,1.0728836059570312e-06,38.0932731628418,0.23361968994140625,0.00011581182479858398,37.8603401184082,0.0006866455078125,1.1324882507324219e-06,1.2801399230957031,0.006323123350739479,0.012646229937672615,0.00020545154984574765,0.00015946115308906883,2.388963730481919e-05,0.003162006614729762,0.0010999999940395355,0.6461752653121948,0.021107785403728485,0.34943750500679016,0.0,0.000614166259765625,0.0,0.000614166259765625,0.35,0.0006866455078125,0.0,0.000614166259765625,0.0,0.000614166259765625,0.93,1.53
1028_0.97_1.41.png,val_hard,36.63440704345703,0.9965918064117432,0.5,36.24787902832031,0.9966853857040405,-0.38652801513671875,9.357929229736328e-05,0.0,36.6344108581543,3.814697265625e-06,-5.960464477539063e-08,37.04395294189453,0.4095458984375,0.00013172626495361328,36.63458251953125,0.00017547607421875,2.1457672119140625e-06,1.9210739135742188,0.006945384666323662,0.01389076467603445,7.610292232129723e-05,9.192553261527792e-05,8.568791599827819e-06,0.0034726858139038086,1.2500000593718141e-05,0.6868792772293091,0.014637667685747147,0.40625622868537903,0.0,3.814697265625e-06,0.6,0.000156402587890625,0.2,2.288818359375e-05,0.35,7.62939453125e-06,0.6,0.00017547607421875,0.97,1.41
105_0.74_1.06.png,val_hard,36.506126403808594,0.9975177645683289,0.5,36.174560546875,0.9974259734153748,-0.33156585693359375,-9.179115295410156e-05,0.0,36.506134033203125,7.62939453125e-06,0.0,36.69706344604492,0.19093704223632812,-1.9371509552001953e-05,36.506229400634766,0.000102996826171875,-5.960464477539063e-08,3.9715499877929688,0.005687626078724861,0.011375241912901402,6.547282100655138e-05,6.295420462265611e-05,6.2143626564648e-06,0.0028437674045562744,1.0416666555101983e-05,0.5574873685836792,0.01764843240380287,0.25981250405311584,0.0,7.62939453125e-06,0.5,3.814697265625e-05,0.55,7.2479248046875e-05,0.0,7.62939453125e-06,0.5,0.0001068115234375,0.74,1.06
106_0.91_1.85.png,val_hard,30.734567642211914,0.9912112951278687,0.5,30.32045555114746,0.9908561706542969,-0.4141120910644531,-0.00035512447357177734,0.0,30.734580993652344,1.33514404296875e-05,5.960464477539063e-08,30.856935501098633,0.12236785888671875,-5.4717063903808594e-05,30.734752655029297,0.0001850128173828125,-1.1920928955078125e-06,3.7753028869628906,0.009987689554691315,0.01997537724673748,0.00012523772602435201,0.00012315191270317882,1.110665198211791e-05,0.004993995185941458,3.125000148429535e-05,0.728377640247345,0.011810981668531895,0.5595250129699707,0.0,1.33514404296875e-05,0.6,8.96453857421875e-05,0.6,0.0001087188720703125,0.0,1.33514404296875e-05,0.6,0.0001850128173828125,0.91,1.85
1223_0.74_2.0.png,val_hard,34.76206970214844,0.9954342246055603,0.5,33.93045425415039,0.9952824115753174,-0.8316154479980469,-0.00015181303024291992,0.0,34.76213455200195,6.4849853515625e-05,7.152557373046875e-07,34.78953552246094,0.0274658203125,2.9802322387695312e-05,34.76225662231445,0.000186920166015625,1.0132789611816406e-06,2.548717498779297,0.005918846931308508,0.011836361140012741,0.00014260996249504387,0.00018264191749040037,1.7524029317428358e-05,0.0029467246495187283,0.00021458334231283516,0.6418837904930115,0.011297499760985374,0.3043999969959259,0.0,6.4849853515625e-05,0.0,6.4849853515625e-05,0.5,0.000186920166015625,0.0,6.4849853515625e-05,0.2,0.0001068115234375,0.74,2.0
1228_0.85_1.77.png,val_hard,35.974647521972656,0.9961622953414917,0.5,35.77155303955078,0.9963021278381348,-0.203094482421875,0.0001398324966430664,0.0,35.974647521972656,0.0,0.0,36.35904312133789,0.3843955993652344,0.000152587890625,35.97468948364258,4.1961669921875e-05,-8.344650268554688e-07,2.7733993530273438,0.005965034943073988,0.011930041946470737,7.774643745506182e-05,7.27705773897469e-05,8.967702342488337e-06,0.002982070203870535,0.0,0.6775776743888855,0.012986784800887108,0.38906875252723694,0.0,0.0,0.35,1.9073486328125e-05,0.45,2.6702880859375e-05,0.0,0.0,0.35,4.1961669921875e-05,0.85,1.77
1335_0.93_1.95.png,val_hard,31.31402587890625,0.9911012649536133,0.5,30.70205307006836,0.9905561804771423,-0.6119728088378906,-0.0005450844764709473,0.0,31.31443977355957,0.0004138946533203125,1.1920928955078125e-06,31.336458206176758,0.022432327270507812,2.0205974578857422e-05,31.31443977355957,0.0004138946533203125,1.1920928955078125e-06,2.574117660522461,0.0070087602362036705,0.014017519541084766,0.0001359193556709215,0.00012260109360795468,1.5206245734589174e-05,0.003502319334074855,0.0003083333431277424,0.6529698371887207,0.010833353735506535,0.30982500314712524,0.0,0.0004138946533203125,0.0,0.0004138946533203125,0.0,0.0004138946533203125,0.0,0.0004138946533203125,0.0,0.0004138946533203125,0.93,1.95
137_0.96_1.92.png,val_hard,34.9346923828125,0.9950916171073914,0.5,34.615535736083984,0.9950398206710815,-0.3191566467285156,-5.179643630981445e-05,0.0,34.934913635253906,0.00022125244140625,2.384185791015625e-07,35.070701599121094,0.13600921630859375,0.00012701749801635742,34.93496322631836,0.000270843505859375,1.7881393432617188e-07,1.9142265319824219,0.006107468158006668,0.012214931659400463,0.00012170186528237537,0.00013282400323078036,1.5593490388710052e-05,0.0030531089287251234,0.00013749999925494194,0.7446699738502502,0.01839461177587509,0.484624981880188,0.0,0.00022125244140625,0.0,0.00022125244140625,0.5,0.000270843505859375,0.1,0.000225067138671875,0.0,0.00022125244140625,0.96,1.92
1412_0.87_1.34.png,val_hard,34.53884506225586,0.9971174597740173,0.5,34.33381652832031,0.9971238970756531,-0.20502853393554688,6.4373016357421875e-06,0.0,34.5390625,0.000217437744140625,4.172325134277344e-07,34.733642578125,0.19479751586914062,1.9073486328125e-05,34.5390625,0.000217437744140625,4.172325134277344e-07,2.581554412841797,0.005842998623847961,0.011685820296406746,0.00010845436190720648,7.959907816257328e-05,9.073281034943648e-06,0.002918760059401393,0.000460416660644114,0.7376425862312317,0.014848526567220688,0.534318745136261,0.0,0.000217437744140625,0.0,0.000217437744140625,0.0,0.000217437744140625,0.0,0.000217437744140625,0.0,0.000217437744140625,0.87,1.34
1427_0.91_1.59.png,val_hard,33.29045104980469,0.9967451095581055,0.5,33.065879821777344,0.9969226717948914,-0.22457122802734375,0.00017756223678588867,0.0,33.29201889038086,0.001567840576171875,2.8789043426513672e-05,33.415306091308594,0.12485504150390625,0.00024700164794921875,33.29201889038086,0.001567840576171875,2.8789043426513672e-05,3.6319656372070312,0.005651907529681921,0.01130380854010582,0.00011983919830527157,0.00016694726946298033,1.9147220882587135e-05,0.002805958269163966,0.00910208374261856,0.5811695456504822,0.03437067195773125,0.1203874945640564,0.0,0.001567840576171875,0.0,0.001567840576171875,0.0,0.001567840576171875,0.0,0.001567840576171875,0.0,0.001567840576171875,0.91,1.59
1462_0.61_1.4.png,val_hard,35.28375244140625,0.9967565536499023,0.5,35.07270431518555,0.996650218963623,-0.21104812622070312,-0.00010633468627929688,0.0,35.28401565551758,0.000263214111328125,3.337860107421875e-06,35.31813049316406,0.0343780517578125,1.5974044799804688e-05,35.28418731689453,0.00043487548828125,3.2782554626464844e-06,4.291210174560547,0.0026983630377799273,0.005393023602664471,7.554743206128478e-05,9.385447629028931e-05,7.828262823750265e-06,0.0011035304050892591,0.001706250011920929,0.43644872307777405,0.014207885600626469,0.0002687499800231308,0.0,0.000263214111328125,0.0,0.000263214111328125,0.6,0.00043487548828125,0.0,0.000263214111328125,0.6,0.000392913818359375,0.61,1.4
1464_0.64_1.56.png,val_hard,34.536155700683594,0.9959361553192139,0.5,34.330814361572266,0.995802104473114,-0.20534133911132812,-0.00013405084609985352,0.0,34.53654479980469,0.00038909912109375,7.271766662597656e-06,34.561283111572266,0.025127410888671875,5.424022674560547e-06,34.536678314208984,0.000522613525390625,7.3909759521484375e-06,3.993175506591797,0.003122552065178752,0.006241767667233944,8.186246850527823e-05,0.000101217367046047,8.465987775707617e-06,0.0013654828071594238,0.002110416768118739,0.46147421002388,0.0132660623639822,0.00038124999264255166,0.0,0.00038909912109375,0.0,0.00038909912109375,0.6,0.000522613525390625,0.0,0.00038909912109375,0.6,0.00048828125,0.64,1.56
219_0.84_1.07.png,val_hard,37.29166793823242,0.9968540668487549,0.5,36.38462448120117,0.9966259002685547,-0.90704345703125,-0.0002281665802001953,0.0,37.29167175292969,3.814697265625e-06,0.0,37.30615234375,0.014484405517578125,2.378225326538086e-05,37.29167175292969,3.814697265625e-06,0.0,4.102813720703125,0.0035261670127511024,0.007052051369100809,4.822836126550101e-05,5.813288225908764e-05,5.373283784138039e-06,0.0017556946258991957,1.0416666555101983e-05,0.6254104375839233,0.008700305595993996,0.5310750007629395,0.0,3.814697265625e-06,0.0,3.814697265625e-06,0.0,3.814697265625e-06,0.0,3.814697265625e-06,0.0,3.814697265625e-06,0.84,1.07
238_0.87_1.74.png,val_hard,36.110435485839844,0.9943310618400574,0.5,35.719486236572266,0.9943710565567017,-0.3909492492675781,3.999471664428711e-05,0.0,36.110435485839844,0.0,0.0,36.314151763916016,0.20371627807617188,0.00010585784912109375,36.110435485839844,0.0,0.0,2.9237098693847656,0.0066427430137991905,0.013285277411341667,7.822291809134185e-05,9.746209252625704e-05,9.062056051334366e-06,0.003316521644592285,2.0833333564951317e-06,0.7073158025741577,0.007472898345440626,0.44897499680519104,0.0,0.0,0.0,0.0,0.0,0.0,0.0,0.0,0.0,0.0,0.87,1.74
2878_0.94_1.32.png,val_hard,35.477088928222656,0.9965574145317078,0.5,35.17497253417969,0.9965393543243408,-0.30211639404296875,-1.806020736694336e-05,0.0,35.48877716064453,0.011688232421875,1.2576580047607422e-05,35.56719970703125,0.09011077880859375,3.439188003540039e-05,35.488861083984375,0.01177215576171875,1.239776611328125e-05,2.2165184020996094,0.003665950382128358,0.0073318337090313435,3.865517646772787e-05,3.091620237682946e-05,2.418695657979697e-06,0.0019206603756174445,0.025975478813052177,0.5435827374458313,0.005950137972831726,0.07362955808639526,0.0,0.011688232421875,0.6,0.011749267578125,0.4,0.01171112060546875,0.0,0.011688232421875,0.6,0.01177978515625,0.94,1.32
2964_0.89_1.68.png,val_hard,36.348602294921875,0.9926218390464783,0.5,36.14445495605469,0.9923485517501831,-0.2041473388671875,-0.000273287296295166,0.0,36.3764762878418,0.027873992919921875,2.205371856689453e-06,36.82875442504883,0.4801521301269531,0.00017023086547851562,36.37660217285156,0.0279998779296875,2.205371856689453e-06,1.5495948791503906,0.005184565670788288,0.010367627255618572,0.00010042687790701166,7.894813461462036e-05,6.714546088915085e-06,0.0027398269157856703,0.029902344569563866,0.5247232913970947,0.00859113223850727,0.05069335922598839,0.0,0.027873992919921875,0.0,0.027873992919921875,0.55,0.0279998779296875,0.1,0.0278778076171875,0.0,0.027873992919921875,0.89,1.68
297_0.85_0.87.png,val_hard,36.90034103393555,0.9939664602279663,0.5,36.38549041748047,0.9941832423210144,-0.5148506164550781,0.0002167820930480957,0.0,36.90070343017578,0.000362396240234375,1.3113021850585938e-06,37.31623840332031,0.4158973693847656,0.0004372596740722656,36.90070343017578,0.000362396240234375,1.3113021850585938e-06,3.1613998413085938,0.005573115777224302,0.011146062053740025,4.662739593186416e-05,5.233886986388825e-05,3.877223662129836e-06,0.0027863383293151855,0.0011208333307877183,0.6061133742332458,0.0045931534841656685,0.3856687545776367,0.0,0.000362396240234375,0.0,0.000362396240234375,0.0,0.000362396240234375,0.0,0.000362396240234375,0.0,0.000362396240234375,0.85,0.87
320_0.75_0.76.png,val_hard,33.17612075805664,0.9982671141624451,0.5,32.838531494140625,0.9982490539550781,-0.3375892639160156,-1.806020736694336e-05,0.0,33.17612075805664,0.0,0.0,33.19554901123047,0.019428253173828125,2.580881118774414e-05,33.17612075805664,0.0,0.0,4.169586181640625,0.0031910003162920475,0.006381993647664785,3.572667992557399e-05,4.0476956201018766e-05,4.893597179034259e-06,0.0015954574337229133,2.0833333564951317e-06,0.5907335877418518,0.01364329643547535,0.39906248450279236,0.0,0.0,0.0,0.0,0.0,0.0,0.0,0.0,0.0,0.0,0.75,0.76
328_0.97_1.45.png,val_hard,35.659271240234375,0.9959551692008972,0.5,35.07103729248047,0.995964527130127,-0.5882339477539062,9.357929229736328e-06,0.0,35.65929412841797,2.288818359375e-05,5.960464477539063e-08,35.76542282104492,0.10615158081054688,8.273124694824219e-05,35.6596565246582,0.000385284423828125,7.748603820800781e-07,2.613452911376953,0.006111982278525829,0.012223918922245502,0.00013515801401808858,0.0001387593656545505,1.4552550965163391e-05,0.003056089160963893,0.00019166666606906801,0.6428054571151733,0.017590036615729332,0.39624375104904175,0.0,2.288818359375e-05,0.6,0.00016021728515625,0.6,0.000244140625,0.0,2.288818359375e-05,0.6,0.000385284423828125,0.97,1.45
332_0.74_1.24.png,val_hard,34.3131103515625,0.9975161552429199,0.5,33.35725021362305,0.9975403547286987,-0.9558601379394531,2.4199485778808594e-05,0.0,34.3131103515625,0.0,0.0,34.455482482910156,0.14237213134765625,0.00015485286712646484,34.3131103515625,0.0,0.0,3.4483909606933594,0.006953503470867872,0.0139067517593503,6.860915891593322e-05,0.00010304808529326692,8.057240847847424e-06,0.0034761629067361355,2.0833333564951317e-06,0.6455581188201904,0.01548907719552517,0.4424999952316284,0.0,0.0,0.0,0.0,0.0,0.0,0.0,0.0,0.0,0.0,0.74,1.24
379_0.78_0.78.png,val_hard,36.276432037353516,0.9978702068328857,0.5,35.770729064941406,0.9978410601615906,-0.5057029724121094,-2.9146671295166016e-05,0.0,36.27656555175781,0.000133514404296875,4.0531158447265625e-06,36.30848693847656,0.032054901123046875,6.431341171264648e-05,36.27659606933594,0.000164031982421875,4.0531158447265625e-06,2.7547607421875,0.003334387205541134,0.00666818767786026,5.7755438319873065e-05,0.00010557340283412486,7.192991233750945e-06,0.001662651775404811,0.0005020833341404796,0.5701557993888855,0.01424701139330864,0.43199998140335083,0.0,0.000133514404296875,0.45,0.000164031982421875,0.0,0.000133514404296875,0.0,0.000133514404296875,0.1,0.000141143798828125,0.78,0.78
419_0.74_1.36.png,val_hard,33.53279495239258,0.9951754808425903,0.5,33.268550872802734,0.9954404234886169,-0.26424407958984375,0.00026494264602661133,0.0,33.534149169921875,0.001354217529296875,0.0001442432403564453,33.57305908203125,0.040264129638671875,0.0002498626708984375,33.534149169921875,0.001354217529296875,0.0001442432403564453,3.5289878845214844,0.003357263747602701,0.00671367859467864,7.328877836698666e-05,9.640486678108573e-05,8.475770300719887e-06,0.0016433100681751966,0.008181249722838402,0.5346237421035767,0.01550210639834404,0.20753750205039978,0.0,0.001354217529296875,0.0,0.001354217529296875,0.0,0.001354217529296875,0.0,0.001354217529296875,0.0,0.001354217529296875,0.74,1.36
473_0.55_0.65.png,val_hard,34.935752868652344,0.9973005056381226,0.5,34.39701461791992,0.997124195098877,-0.5387382507324219,-0.00017631053924560547,0.0,34.93575668334961,3.814697265625e-06,0.0,34.93911361694336,0.003360748291015625,5.781650543212891e-06,34.93575668334961,3.814697265625e-06,0.0,4.2082061767578125,0.002506981836631894,0.005013753194361925,5.478020102600567e-05,4.891769276582636e-05,6.914365712873405e-06,0.001245995401404798,1.6666666851961054e-05,0.4482996463775635,0.02449953928589821,0.1673937439918518,0.0,3.814697265625e-06,0.0,3.814697265625e-06,0.0,3.814697265625e-06,0.0,3.814697265625e-06,0.0,3.814697265625e-06,0.55,0.65
474_0.56_1.28.png,val_hard,34.1060791015625,0.9952232241630554,0.5,33.42852783203125,0.9948662519454956,-0.67755126953125,-0.00035697221755981445,0.0,34.106082916259766,3.814697265625e-06,0.0,34.10886001586914,0.002780914306640625,-2.384185791015625e-07,34.106082916259766,3.814697265625e-06,0.0,3.183826446533203,0.004360607825219631,0.008720677345991135,6.704571569571272e-05,6.846867472631857e-05,7.868383363529574e-06,0.00217716908082366,1.2500000593718141e-05,0.5386369228363037,0.019785329699516296,0.22763124108314514,0.0,3.814697265625e-06,0.0,3.814697265625e-06,0.0,3.814697265625e-06,0.0,3.814697265625e-06,0.0,3.814697265625e-06,0.56,1.28
476_0.69_0.56.png,val_hard,35.81865692138672,0.9975966811180115,0.5,35.21205139160156,0.9974383115768433,-0.6066055297851562,-0.0001583695411682129,0.0,35.81865692138672,0.0,0.0,35.82408142089844,0.00542449951171875,6.973743438720703e-06,35.81865692138672,0.0,0.0,3.3358383178710938,0.002841590903699398,0.005682993680238724,5.271741974866018e-05,4.7154117055470124e-05,6.732563178957207e-06,0.0014114677906036377,2.0833333564951317e-06,0.46235403418540955,0.024124182760715485,0.19793124496936798,0.0,0.0,0.0,0.0,0.0,0.0,0.0,0.0,0.0,0.0,0.69,0.56
533_0.96_1.51.png,val_hard,36.9848747253418,0.9966208338737488,0.5,35.905948638916016,0.9964284896850586,-1.0789260864257812,-0.00019234418869018555,0.0,36.985137939453125,0.000263214111328125,5.960464477539063e-08,37.058509826660156,0.07363510131835938,-6.204843521118164e-05,36.98564147949219,0.000766754150390625,-1.7881393432617188e-07,2.4628067016601562,0.008380234241485596,0.01676046848297119,0.00010129668225999922,0.0001147029543062672,1.15527946036309e-05,0.004189868923276663,4.3750002078013495e-05,0.728606641292572,0.014556501060724258,0.46690624952316284,0.0,0.000263214111328125,0.6,0.000766754150390625,0.05,0.000270843505859375,0.0,0.000263214111328125,0.6,0.000667572021484375,0.96,1.51
588_0.66_1.55.png,val_hard,35.317630767822266,0.9936978220939636,0.5,35.016868591308594,0.9937686920166016,-0.3007621765136719,7.086992263793945e-05,0.0,35.317630767822266,0.0,0.0,35.52470779418945,0.2070770263671875,0.0002281665802001953,35.317630767822266,0.0,0.0,2.7608261108398438,0.005872524809092283,0.011744959279894829,9.613510337658226e-05,0.00010058155748993158,1.1377807823009789e-05,0.002934714313596487,0.0,0.6398566961288452,0.011569811031222343,0.3226437270641327,0.0,0.0,0.0,0.0,0.0,0.0,0.0,0.0,0.0,0.0,0.66,1.55
610_0.58_0.89.png,val_hard,36.79851150512695,0.9978542327880859,0.5,35.891578674316406,0.9975955486297607,-0.9069328308105469,-0.0002586841583251953,0.0,36.81359100341797,0.015079498291015625,5.692243576049805e-05,36.813968658447266,0.0154571533203125,5.716085433959961e-05,36.81359100341797,0.015079498291015625,5.692243576049805e-05,3.5601577758789062,0.0033478226978331804,0.006693628150969744,0.0001146330832852982,0.00010152481263503432,1.1990808161499444e-05,0.001737753627821803,0.032093752175569534,0.4788214862346649,0.022337105125188828,0.09747499972581863,0.0,0.015079498291015625,0.0,0.015079498291015625,0.0,0.015079498291015625,0.0,0.015079498291015625,0.0,0.015079498291015625,0.58,0.89
612_0.78_0.9.png,val_hard,34.34458923339844,0.996895432472229,0.5,33.4102668762207,0.9964547157287598,-0.9343223571777344,-0.0004407167434692383,0.0,34.34531784057617,0.000728607177734375,1.3709068298339844e-05,34.34538269042969,0.00079345703125,1.3887882232666016e-05,34.34531784057617,0.000728607177734375,1.3709068298339844e-05,3.1274032592773438,0.004395177587866783,0.008789876475930214,0.00012348880409263074,0.00010628317977534607,1.261120087292511e-05,0.0022135775070637465,0.015839584171772003,0.5280165076255798,0.021371465176343918,0.16888125240802765,0.0,0.000728607177734375,0.0,0.000728607177734375,0.0,0.000728607177734375,0.0,0.000728607177734375,0.0,0.000728607177734375,0.78,0.9
671_0.78_0.85.png,val_hard,34.886474609375,0.9984385371208191,0.5,34.558570861816406,0.9984687566757202,-0.32790374755859375,3.0219554901123047e-05,0.0,34.8864860534668,1.1444091796875e-05,0.0,34.908668518066406,0.02219390869140625,1.6391277313232422e-05,34.886505126953125,3.0517578125e-05,5.960464477539063e-08,3.5904502868652344,0.0034157338086515665,0.006831035949289799,4.110698864678852e-05,7.907975668786094e-05,5.911869720875984e-06,0.0017052491893991828,1.4583333722839598e-05,0.5682851076126099,0.014910073950886726,0.3889249861240387,0.0,1.1444091796875e-05,0.0,1.1444091796875e-05,0.4,3.0517578125e-05,0.0,1.1444091796875e-05,0.0,1.1444091796875e-05,0.78,0.85
672_0.8_0.77.png,val_hard,35.121299743652344,0.9984821677207947,0.5,34.7319221496582,0.9985018968582153,-0.3893775939941406,1.9729137420654297e-05,0.0,35.12131118774414,1.1444091796875e-05,0.0,35.1524543762207,0.031154632568359375,2.2351741790771484e-05,35.121315002441406,1.52587890625e-05,-5.364418029785156e-07,4.36126708984375,0.003480511950328946,0.006960745435208082,4.0125654777511954e-05,7.633874338353053e-05,5.811617029394256e-06,0.0017385681858286262,1.4583333722839598e-05,0.5673226714134216,0.015309803187847137,0.3897187411785126,0.0,1.1444091796875e-05,0.0,1.1444091796875e-05,0.15,1.52587890625e-05,0.0,1.1444091796875e-05,0.0,1.1444091796875e-05,0.8,0.77
807_0.72_0.62.png,val_hard,35.16879653930664,0.9978235960006714,0.5,34.924102783203125,0.9977914094924927,-0.24469375610351562,-3.218650817871094e-05,0.0,35.1689453125,0.000148773193359375,0.0,35.178253173828125,0.009456634521484375,1.3113021850585938e-06,35.1689453125,0.000148773193359375,0.0,3.2197113037109375,0.00259878346696496,0.005197486374527216,5.0029149861074984e-05,4.987702413927764e-05,5.7900542742572725e-06,0.0012992918491363525,6.0416667110985145e-05,0.4506433606147766,0.026263922452926636,0.12883125245571136,0.0,0.000148773193359375,0.0,0.000148773193359375,0.0,0.000148773193359375,0.0,0.000148773193359375,0.0,0.000148773193359375,0.72,0.62
812_0.59_0.82.png,val_hard,36.540828704833984,0.995862603187561,0.5,36.01671600341797,0.9958362579345703,-0.5241127014160156,-2.6345252990722656e-05,0.0,36.54083251953125,3.814697265625e-06,0.0,36.54083251953125,3.814697265625e-06,2.384185791015625e-07,36.540870666503906,4.1961669921875e-05,8.344650268554688e-07,5.726284027099609,0.002360111568123102,0.004720021039247513,3.3021286071743816e-05,4.787350553669967e-05,4.36352502219961e-06,0.0011794567108154297,1.8750000890577212e-05,0.5633053779602051,0.01724047027528286,0.2899249792098999,0.0,3.814697265625e-06,0.1,7.62939453125e-06,0.55,3.814697265625e-05,0.35,7.62939453125e-06,0.5,4.57763671875e-05,0.59,0.82
822_0.75_1.92.png,val_hard,31.759788513183594,0.9931819438934326,0.5,31.345643997192383,0.9929289817810059,-0.41414451599121094,-0.0002529621124267578,0.0,31.759788513183594,0.0,0.0,31.772659301757812,0.01287078857421875,6.794929504394531e-06,31.75992202758789,0.000133514404296875,-5.364418029785156e-07,3.6061973571777344,0.006078285630792379,0.012156523764133453,9.679514187155291e-05,0.00010800963354995474,1.0587145879981108e-05,0.0030370354652404785,0.0,0.6943488121032715,0.009841719642281532,0.38820624351501465,0.0,0.0,0.6,5.340576171875e-05,0.6,8.0108642578125e-05,0.0,0.0,0.6,0.0001316070556640625,0.75,1.92
867_0.89_1.83.png,val_hard,36.0997200012207,0.9963053464889526,0.5,35.659481048583984,0.996306300163269,-0.44023895263671875,9.5367431640625e-07,0.0,36.10104751586914,0.0013275146484375,8.225440979003906e-06,36.24148941040039,0.1417694091796875,8.231401443481445e-05,36.10118865966797,0.001468658447265625,7.927417755126953e-06,2.2215003967285156,0.005436990410089493,0.010873968712985516,0.00011671493848552927,0.0001237653341377154,1.4641399502579588e-05,0.002708186861127615,0.0027000000700354576,0.6265569925308228,0.022488445043563843,0.31398123502731323,0.0,0.0013275146484375,0.05,0.001331329345703125,0.6,0.00146484375,0.0,0.0013275146484375,0.45,0.001434326171875,0.89,1.83
899_0.93_1.74.png,val_hard,37.19699478149414,0.9961141347885132,0.5,36.918479919433594,0.9960947036743164,-0.2785148620605469,-1.9431114196777344e-05,0.0,37.19783401489258,0.0008392333984375,1.1920928955078125e-06,37.519500732421875,0.3225059509277344,0.0001341104507446289,37.197914123535156,0.000919342041015625,1.430511474609375e-06,1.0890007019042969,0.0065681650303304195,0.013136305846273899,0.00021972236572764814,0.0001708075578790158,2.555581522756256e-05,0.0032849411945790052,0.0020062499679625034,0.6679438948631287,0.019504796713590622,0.42194998264312744,0.0,0.0008392333984375,0.0,0.0008392333984375,0.4,0.000919342041015625,0.0,0.0008392333984375,0.0,0.0008392333984375,0.93,1.74
950_0.79_1.26.png,val_hard,32.789955139160156,0.9956590533256531,0.5,32.54644012451172,0.9955500364303589,-0.2435150146484375,-0.00010901689529418945,0.0,32.789955139160156,0.0,0.0,32.81563186645508,0.025676727294921875,4.5299530029296875e-06,32.7900390625,8.392333984375e-05,6.556510925292969e-07,2.4015655517578125,0.0036573130637407303,0.007314573973417282,7.309826469281688e-05,6.298281368799508e-05,8.288131539302412e-06,0.0018265347462147474,4.1666667129902635e-06,0.504654049873352,0.027744609862565994,0.23007498681545258,0.0,0.0,0.55,2.288818359375e-05,0.6,6.103515625e-05,0.5,3.814697265625e-06,0.6,8.392333984375e-05,0.79,1.26
952_0.74_0.72.png,val_hard,35.1894416809082,0.9976404905319214,0.5,34.786956787109375,0.9975507259368896,-0.4024848937988281,-8.976459503173828e-05,0.0,35.1894416809082,0.0,0.0,35.190673828125,0.001232147216796875,1.430511474609375e-06,35.18962097167969,0.000179290771484375,9.5367431640625e-07,2.9652175903320312,0.0025110417045652866,0.005022015422582626,6.911101081641391e-05,4.9551017582416534e-05,7.720945177425165e-06,0.0012555122375488281,2.0833333564951317e-06,0.4495598077774048,0.031032204627990723,0.2232937514781952,0.0,0.0,0.6,9.5367431640625e-05,0.6,8.392333984375e-05,0.05,3.814697265625e-06,0.6,0.00018310546875,0.74,0.72
978_0.96_1.69.png,val_hard,31.872859954833984,0.9919697642326355,0.5,31.62429428100586,0.9916178584098816,-0.248565673828125,-0.00035190582275390625,0.0,31.872928619384766,6.866455078125e-05,2.980232238769531e-07,32.197364807128906,0.3245048522949219,0.0001652836799621582,31.872941970825195,8.20159912109375e-05,-2.980232238769531e-07,2.7639694213867188,0.007644058205187321,0.01528808195143938,0.00011206784256501123,0.00019052271090913564,1.5235654245771002e-05,0.0038216710090637207,0.00031458333251066506,0.6691298484802246,0.01425669901072979,0.3716000020503998,0.0,6.866455078125e-05,0.0,6.866455078125e-05,0.25,8.20159912109375e-05,0.0,6.866455078125e-05,0.2,8.20159912109375e-05,0.96,1.69
996_0.93_0.78.png,val_hard,36.98600387573242,0.9983712434768677,0.5,36.462669372558594,0.9983258247375488,-0.5233345031738281,-4.5418739318847656e-05,0.0,36.98600387573242,0.0,0.0,37.01909255981445,0.03308868408203125,-1.3709068298339844e-06,36.98615264892578,0.000148773193359375,3.5762786865234375e-07,3.6220359802246094,0.005638371221721172,0.011276704259216785,2.9456568881869316e-05,5.186476118979044e-05,3.966956683143508e-06,0.002819160697981715,0.0,0.6881330013275146,0.013232825323939323,0.4929187297821045,0.0,0.0,0.5,1.9073486328125e-05,0.6,0.0001373291015625,0.0,0.0,0.6,0.000152587890625,0.93,0.78
