name,split,A0_PSNR,A0_SSIM,student_PSNR,student_SSIM,dPSNR,dSSIM,max_abs_vs_A0
1000_0.74_1.6.png,train_core,36.92020034790039,0.9977827072143555,38.30150604248047,0.9978711605072021,1.3813056945800781,8.845329284667969e-05,0.03462564945220947
1001_0.89_1.66.png,train_core,35.0080680847168,0.9752732515335083,35.818115234375,0.9769684076309204,0.8100471496582031,0.0016951560974121094,0.012209385633468628
1003_0.9_1.06.png,train_core,38.651920318603516,0.9868766665458679,39.60853576660156,0.987888514995575,0.9566154479980469,0.0010118484497070312,0.022094644606113434
1004_0.91_1.17.png,train_core,37.14018249511719,0.988755464553833,38.10542297363281,0.9898089170455933,0.965240478515625,0.001053452491760254,0.022056497633457184
1005_0.74_1.81.png,train_core,38.24256896972656,0.9962848424911499,37.962432861328125,0.9963914155960083,-0.2801361083984375,0.00010657310485839844,0.03560948371887207
1006_0.89_1.55.png,train_core,37.08865737915039,0.9955443143844604,36.7720947265625,0.9956830739974976,-0.3165626525878906,0.00013875961303710938,0.0253371000289917
1007_0.68_1.25.png,train_core,38.75063705444336,0.9976851940155029,38.18379592895508,0.9976893663406372,-0.5668411254882812,4.172325134277344e-06,0.025154948234558105
1008_0.52_1.98.png,train_core,39.023841857910156,0.9967288970947266,39.02540969848633,0.9969511032104492,0.001567840576171875,0.00022220611572265625,0.05364799499511719
1009_0.84_0.56.png,train_core,44.440006256103516,0.9891213178634644,43.59608459472656,0.9864615201950073,-0.8439216613769531,-0.0026597976684570312,0.021245300769805908
100_0.65_1.43.png,train_core,36.17657470703125,0.9961954951286316,36.71340560913086,0.9961821436882019,0.5368309020996094,-1.33514404296875e-05,0.02033674716949463
1010_0.91_1.13.png,train_core,39.224037170410156,0.9720012545585632,39.475929260253906,0.9747690558433533,0.25189208984375,0.002767801284790039,0.019996076822280884
1011_0.79_0.66.png,train_core,43.74749755859375,0.9900081157684326,42.83531188964844,0.9878501296043396,-0.9121856689453125,-0.0021579861640930176,0.02336174249649048
1013_0.63_1.83.png,train_core,39.75517654418945,0.9964030981063843,39.78119659423828,0.9962878227233887,0.026020050048828125,-0.00011527538299560547,0.03525054454803467
1014_0.74_1.61.png,train_core,40.07261657714844,0.9961057901382446,39.685298919677734,0.9957858920097351,-0.3873176574707031,-0.0003198981285095215,0.023798346519470215
1015_0.7_1.92.png,train_core,39.57148361206055,0.9959372282028198,39.437278747558594,0.9957489371299744,-0.13420486450195312,-0.00018829107284545898,0.02787160873413086
1017_0.91_1.44.png,train_core,33.621856689453125,0.9940203428268433,33.35920715332031,0.99407958984375,-0.2626495361328125,5.924701690673828e-05,0.019135478883981705
1018_0.88_0.54.png,train_core,38.618621826171875,0.9982056021690369,38.13063430786133,0.9981694221496582,-0.4879875183105469,-3.618001937866211e-05,0.014234080910682678
1019_0.82_1.87.png,train_core,32.746490478515625,0.9916017055511475,32.785945892333984,0.9918565154075623,0.039455413818359375,0.0002548098564147949,0.018381468951702118
1020_0.5_0.98.png,train_core,41.36623001098633,0.9977437853813171,41.586143493652344,0.9978026151657104,0.21991348266601562,5.882978439331055e-05,0.013189613819122314
1021_0.73_0.84.png,train_core,38.97457504272461,0.9988822937011719,38.782676696777344,0.9989057779312134,-0.19189834594726562,2.3484230041503906e-05,0.016786590218544006
1022_0.66_1.05.png,train_core,40.13714599609375,0.9988061785697937,40.088809967041016,0.9988417029380798,-0.048336029052734375,3.552436828613281e-05,0.021688714623451233
1025_0.95_1.79.png,train_core,34.59271240234375,0.9947077631950378,34.56543731689453,0.9948765635490417,-0.02727508544921875,0.00016880035400390625,0.006942272186279297
1026_0.77_0.89.png,train_core,35.755924224853516,0.9987044334411621,35.0482177734375,0.9986295700073242,-0.7077064514160156,-7.486343383789062e-05,0.003492116928100586
1027_0.57_1.77.png,train_core,33.52218246459961,0.9958323240280151,33.525390625,0.9959192276000977,0.003208160400390625,8.690357208251953e-05,0.02315676212310791
1029_0.71_0.56.png,train_core,44.23097229003906,0.9988729953765869,43.54430389404297,0.9989098906517029,-0.6866683959960938,3.68952751159668e-05,0.0132073312997818
1030_0.75_1.69.png,train_core,38.21603012084961,0.989622950553894,38.311790466308594,0.990843653678894,0.09576034545898438,0.001220703125,0.019775211811065674
1032_0.6_0.6.png,train_core,42.998748779296875,0.9986637830734253,42.59908676147461,0.9987449645996094,-0.3996620178222656,8.118152618408203e-05,0.013319894671440125
1034_0.55_0.77.png,train_core,37.814796447753906,0.9962673187255859,39.21446228027344,0.9965922832489014,1.3996658325195312,0.0003249645233154297,0.018917441368103027
103_0.75_1.59.png,train_core,31.22648048400879,0.9877637624740601,31.259788513183594,0.9882954955101013,0.03330802917480469,0.0005317330360412598,0.005202591419219971
1040_0.78_2.0.png,train_core,31.562419891357422,0.9948179125785828,31.395301818847656,0.9947165250778198,-0.16711807250976562,-0.00010138750076293945,0.0074005126953125
1041_0.64_0.82.png,train_core,36.11084747314453,0.997194766998291,36.531551361083984,0.9974603652954102,0.4207038879394531,0.0002655982971191406,0.018077611923217773
1042_0.91_0.56.png,train_core,42.3932991027832,0.9986444711685181,42.10878372192383,0.9986958503723145,-0.284515380859375,5.137920379638672e-05,0.020183205604553223
1043_0.68_1.87.png,train_core,34.001853942871094,0.9925280809402466,34.866573333740234,0.993212878704071,0.8647193908691406,0.0006847977638244629,0.020503878593444824
1044_0.69_0.99.png,train_core,38.08240509033203,0.9974052906036377,38.68107986450195,0.9976529479026794,0.5986747741699219,0.00024765729904174805,0.01646023988723755
1046_0.91_1.69.png,train_core,31.82157325744629,0.9695286750793457,31.945175170898438,0.971423327922821,0.12360191345214844,0.0018946528434753418,0.03245849907398224
1047_0.89_1.57.png,train_core,31.74358367919922,0.9748638868331909,31.617294311523438,0.9755419492721558,-0.12628936767578125,0.0006780624389648438,0.02296304702758789
1048_0.73_0.95.png,train_core,33.038639068603516,0.9848038554191589,32.80715560913086,0.9851281046867371,-0.23148345947265625,0.000324249267578125,0.01284511387348175
1049_0.97_1.09.png,train_core,38.178714752197266,0.9960440397262573,37.84571838378906,0.99595707654953,-0.3329963684082031,-8.696317672729492e-05,0.02421855926513672
104_0.88_1.76.png,train_core,31.509904861450195,0.9865877032279968,31.625917434692383,0.9871243834495544,0.1160125732421875,0.0005366802215576172,0.00561368465423584
1050_0.61_1.24.png,train_core,40.223941802978516,0.9977559447288513,40.83206558227539,0.9978644251823425,0.608123779296875,0.00010848045349121094,0.06532049179077148
1051_0.69_0.54.png,train_core,42.7329216003418,0.9985893964767456,43.31562423706055,0.9986263513565063,0.58270263671875,3.695487976074219e-05,0.025579452514648438
1052_0.73_1.22.png,train_core,38.57339096069336,0.9968518018722534,38.938358306884766,0.9969571828842163,0.36496734619140625,0.00010538101196289062,0.0437321662902832
1053_0.54_1.81.png,train_core,37.229095458984375,0.9685842394828796,37.711605072021484,0.9703471064567566,0.4825096130371094,0.0017628669738769531,0.03503310680389404
1054_0.86_1.22.png,train_core,38.02239990234375,0.9812166094779968,38.88104248046875,0.9827022552490234,0.858642578125,0.0014856457710266113,0.015525326132774353
1055_0.8_1.95.png,train_core,34.829917907714844,0.9561156034469604,35.64345932006836,0.9588913917541504,0.8135414123535156,0.0027757883071899414,0.0227583646774292
1057_0.96_1.31.png,train_core,39.992652893066406,0.9886795282363892,39.83380889892578,0.9938363432884216,-0.158843994140625,0.005156815052032471,0.03974742814898491
1058_0.6_1.0.png,train_core,41.97815704345703,0.9950177073478699,42.64813232421875,0.996921181678772,0.6699752807617188,0.0019034743309020996,0.027878275141119957
1059_0.87_0.7.png,train_core,42.12318801879883,0.9956287741661072,41.389041900634766,0.9984889030456543,-0.7341461181640625,0.002860128879547119,0.02181856893002987
1060_0.94_1.09.png,train_core,40.465843200683594,0.9866975545883179,40.142635345458984,0.9967029094696045,-0.3232078552246094,0.010005354881286621,0.03570789471268654
1061_0.91_0.94.png,train_core,35.503170013427734,0.9919573068618774,36.53993225097656,0.9925270080566406,1.0367622375488281,0.0005697011947631836,0.014888226985931396
1062_0.58_1.51.png,train_core,34.54256820678711,0.9884148836135864,35.07568359375,0.9894183874130249,0.5331153869628906,0.0010035037994384766,0.025963544845581055
1064_0.54_0.97.png,train_core,37.86164093017578,0.9957098960876465,38.7085075378418,0.9961380958557129,0.8468666076660156,0.00042819976806640625,0.02403084933757782
1065_0.84_1.48.png,train_core,40.082008361816406,0.9946035146713257,41.183082580566406,0.9948462843894958,1.10107421875,0.00024276971817016602,0.01772010326385498
1066_0.58_1.42.png,train_core,38.97704315185547,0.9959120750427246,40.21110153198242,0.9961373209953308,1.2340583801269531,0.00022524595260620117,0.01924598217010498
1067_0.62_1.35.png,train_core,39.57034683227539,0.9962007403373718,40.93693161010742,0.9964990615844727,1.3665847778320312,0.0002983212471008301,0.016884922981262207
1068_0.69_1.34.png,train_core,40.13697052001953,0.9960898160934448,41.604278564453125,0.9963233470916748,1.4673080444335938,0.00023353099822998047,0.020281195640563965
1070_0.79_1.57.png,train_core,34.46012878417969,0.9878884553909302,35.324214935302734,0.9888461828231812,0.8640861511230469,0.0009577274322509766,0.0052949488162994385
1071_0.69_1.75.png,train_core,31.66425895690918,0.9838303923606873,32.47602081298828,0.9851723909378052,0.8117618560791016,0.00134199857711792,0.005366861820220947
1072_0.58_0.58.png,train_core,38.13915252685547,0.9959019422531128,39.060203552246094,0.9962977170944214,0.921051025390625,0.00039577484130859375,0.005325436592102051
1073_0.51_0.98.png,train_core,39.438438415527344,0.9987523555755615,40.28661346435547,0.998801589012146,0.848175048828125,4.9233436584472656e-05,0.017474770545959473
1077_0.94_0.84.png,train_core,40.85768127441406,0.9972068667411804,40.75714874267578,0.9972546100616455,-0.10053253173828125,4.774332046508789e-05,0.024536386132240295
1078_0.96_0.54.png,train_core,43.19121551513672,0.9982726573944092,43.0543098449707,0.9983295202255249,-0.13690567016601562,5.6862831115722656e-05,0.022409014403820038
1079_0.77_1.21.png,train_core,39.7717170715332,0.996251106262207,39.965545654296875,0.9963382482528687,0.19382858276367188,8.71419906616211e-05,0.03278553485870361
107_0.77_1.67.png,train_core,34.2914924621582,0.9953268766403198,34.1946907043457,0.9952465295791626,-0.0968017578125,-8.034706115722656e-05,0.01466822624206543
1081_0.66_1.5.png,train_core,32.387081146240234,0.994041383266449,33.42228698730469,0.9945379495620728,1.0352058410644531,0.0004965662956237793,0.025024890899658203
1082_0.94_0.87.png,train_core,33.75784683227539,0.9952839612960815,34.93179702758789,0.9956017732620239,1.1739501953125,0.0003178119659423828,0.012365460395812988
1086_0.6_0.76.png,train_core,44.27601623535156,0.9991782903671265,44.41399002075195,0.9991849660873413,0.13797378540039062,6.67572021484375e-06,0.027606844902038574
1088_0.57_0.97.png,train_core,43.61103820800781,0.9989707469940186,43.62806701660156,0.9989778399467468,0.01702880859375,7.092952728271484e-06,0.028297781944274902
1089_0.76_1.23.png,train_core,38.24099349975586,0.9963192343711853,38.839900970458984,0.996444582939148,0.598907470703125,0.00012534856796264648,0.012158632278442383
108_0.96_0.98.png,train_core,31.495180130004883,0.9948986768722534,31.469615936279297,0.9947913885116577,-0.025564193725585938,-0.00010728836059570312,0.005299806594848633
1090_0.54_0.58.png,train_core,41.271392822265625,0.9981652498245239,41.87773132324219,0.998269259929657,0.6063385009765625,0.00010401010513305664,0.017353057861328125
1091_0.79_1.01.png,train_core,38.78443145751953,0.9970386028289795,39.39112091064453,0.9971458315849304,0.606689453125,0.00010722875595092773,0.012708544731140137
1093_0.65_1.34.png,train_core,33.87595748901367,0.9966282844543457,34.11021423339844,0.9967524409294128,0.23425674438476562,0.00012415647506713867,0.01931491494178772
1095_0.9_0.64.png,train_core,36.15757369995117,0.9983760118484497,36.64043045043945,0.9984257221221924,0.48285675048828125,4.971027374267578e-05,0.017235014587640762
1097_0.85_1.71.png,train_core,26.51484489440918,0.9868390560150146,27.032861709594727,0.9877461194992065,0.5180168151855469,0.0009070634841918945,0.017980292439460754
1099_0.54_1.76.png,train_core,33.768802642822266,0.9950186610221863,34.68653106689453,0.9953421354293823,0.9177284240722656,0.0003234744071960449,0.027575969696044922
109_0.54_0.97.png,train_core,38.58659362792969,0.9983677864074707,37.59095001220703,0.9981482028961182,-0.9956436157226562,-0.00021958351135253906,0.03366720676422119
10_0.78_1.56.png,train_core,38.88148880004883,0.9978351593017578,39.98834228515625,0.9980788230895996,1.1068534851074219,0.00024366378784179688,0.02999969944357872
1104_0.89_1.59.png,train_core,25.451841354370117,0.9866365194320679,26.082477569580078,0.9876378774642944,0.6306362152099609,0.0010013580322265625,0.01713639497756958
1105_0.82_0.89.png,train_core,39.08951187133789,0.9984571933746338,40.01083755493164,0.9985287189483643,0.92132568359375,7.152557373046875e-05,0.013899043202400208
1106_0.89_1.69.png,train_core,31.709598541259766,0.9945464134216309,32.31415939331055,0.9947539567947388,0.6045608520507812,0.00020754337310791016,0.051014386117458344
1107_0.98_1.25.png,train_core,31.83030891418457,0.9959411025047302,32.36873245239258,0.9960710406303406,0.5384235382080078,0.00012993812561035156,0.035139746963977814
1109_0.9_0.79.png,train_core,40.03106689453125,0.9984828233718872,40.746646881103516,0.9984692335128784,0.7155799865722656,-1.3589859008789062e-05,0.018888767808675766
110_0.55_1.08.png,train_core,38.40121078491211,0.9984811544418335,37.359169006347656,0.9982439875602722,-1.0420417785644531,-0.0002371668815612793,0.03377640247344971
1112_0.61_0.52.png,train_core,41.87837219238281,0.9992952346801758,42.85892105102539,0.9993119239807129,0.9805488586425781,1.6689300537109375e-05,0.018320798873901367
1113_0.9_0.52.png,train_core,44.63572692871094,0.9951128959655762,44.36151885986328,0.9949007034301758,-0.27420806884765625,-0.00021219253540039062,0.008315645158290863
1114_0.76_1.34.png,train_core,36.62291717529297,0.9888529181480408,37.324031829833984,0.9893147945404053,0.7011146545410156,0.00046187639236450195,0.01863129436969757
1115_0.58_1.94.png,train_core,34.017520904541016,0.9839381575584412,34.49428939819336,0.9854382276535034,0.47676849365234375,0.0015000700950622559,0.028874516487121582
1116_0.63_1.62.png,train_core,34.57466506958008,0.9872094392776489,35.032649993896484,0.9882557392120361,0.45798492431640625,0.001046299934387207,0.02817666530609131
1118_0.66_1.66.png,train_core,33.832767486572266,0.9967800378799438,34.09854507446289,0.9968935251235962,0.265777587890625,0.00011348724365234375,0.003076612949371338
1119_0.62_1.98.png,train_core,33.90437316894531,0.9962608218193054,34.16830825805664,0.996361494064331,0.2639350891113281,0.00010067224502563477,0.0029606223106384277
111_0.57_1.22.png,train_core,38.60742950439453,0.9985207915306091,37.48210906982422,0.9983025789260864,-1.1253204345703125,-0.00021821260452270508,0.035921335220336914
1120_0.78_1.11.png,train_core,34.73759841918945,0.9978429675102234,34.829132080078125,0.9979245662689209,0.09153366088867188,8.159875869750977e-05,0.011389486491680145
1121_0.88_0.92.png,train_core,38.2009162902832,0.9966715574264526,39.0074577331543,0.9967983961105347,0.8065414428710938,0.00012683868408203125,0.01795823872089386
1123_0.7_1.0.png,train_core,40.630157470703125,0.9976696968078613,41.055816650390625,0.9977560043334961,0.4256591796875,8.630752563476562e-05,0.025350332260131836
1124_0.74_1.17.png,train_core,39.12734603881836,0.9967465400695801,40.08540344238281,0.9968886375427246,0.9580574035644531,0.00014209747314453125,0.024047017097473145
1125_0.72_1.76.png,train_core,36.541954040527344,0.9957759380340576,37.1715202331543,0.996004581451416,0.6295661926269531,0.00022864341735839844,0.03605496883392334
1126_0.73_0.82.png,train_core,40.21587371826172,0.9982087016105652,40.041786193847656,0.99820876121521,-0.1740875244140625,5.960464477539063e-08,0.02329445257782936
1127_0.91_0.61.png,train_core,39.0645637512207,0.9978524446487427,38.2847900390625,0.9977065920829773,-0.7797737121582031,-0.00014585256576538086,0.023292139172554016
1129_0.92_1.33.png,train_core,37.976985931396484,0.9973955154418945,38.39850997924805,0.9974319338798523,0.4215240478515625,3.641843795776367e-05,0.007625073194503784
112_0.8_1.78.png,train_core,34.03919219970703,0.9962314367294312,33.39622116088867,0.996025025844574,-0.6429710388183594,-0.00020641088485717773,0.02528965473175049
1130_0.94_1.44.png,train_core,36.90753173828125,0.9969522953033447,37.4138069152832,0.9970011711120605,0.5062751770019531,4.887580871582031e-05,0.0073583126068115234
1131_0.66_1.99.png,train_core,37.016822814941406,0.996803879737854,37.69611740112305,0.9968878030776978,0.6792945861816406,8.392333984375e-05,0.011946797370910645
1132_0.75_0.84.png,train_core,44.95237731933594,0.998974084854126,44.34495544433594,0.9989557266235352,-0.607421875,-1.8358230590820312e-05,0.007369518280029297
1135_0.55_1.74.png,train_core,36.90754318237305,0.996745765209198,36.76106262207031,0.9967422485351562,-0.14648056030273438,-3.516674041748047e-06,0.0222051739692688
1136_0.96_0.74.png,train_core,35.30865478515625,0.996278703212738,34.964073181152344,0.9962782263755798,-0.34458160400390625,-4.76837158203125e-07,0.022138580679893494
1138_0.86_1.95.png,train_core,30.780630111694336,0.9921126365661621,31.46613883972168,0.9924566745758057,0.6855087280273438,0.0003440380096435547,0.00818181037902832
1139_0.58_1.05.png,train_core,39.83842849731445,0.9988743662834167,40.07398223876953,0.9988757967948914,0.23555374145507812,1.430511474609375e-06,0.0020987987518310547
1140_0.67_1.42.png,train_core,35.48466110229492,0.9977940320968628,35.993896484375,0.9978646039962769,0.5092353820800781,7.05718994140625e-05,0.0023689866065979004
1141_0.93_1.87.png,train_core,38.15375518798828,0.9878007769584656,38.323211669921875,0.9877845644950867,0.16945648193359375,-1.621246337890625e-05,0.021193742752075195
1142_0.64_0.53.png,train_core,44.46680450439453,0.9977027773857117,44.64931106567383,0.9977464079856873,0.18250656127929688,4.363059997558594e-05,0.015858173370361328
1143_0.73_1.33.png,train_core,38.357261657714844,0.9928786754608154,39.58979415893555,0.9933528900146484,1.2325325012207031,0.0004742145538330078,0.023172378540039062
1144_0.87_1.96.png,train_core,37.5773811340332,0.9878665804862976,38.19108200073242,0.9880837202072144,0.6137008666992188,0.00021713972091674805,0.027861714363098145
1145_0.9_1.2.png,train_core,34.376365661621094,0.9960435628890991,35.039459228515625,0.9962117075920105,0.6630935668945312,0.00016814470291137695,0.0036937594413757324
1146_0.89_0.87.png,train_core,37.84316635131836,0.9975911974906921,38.392189025878906,0.9976619482040405,0.5490226745605469,7.075071334838867e-05,0.003221869468688965
1147_0.56_1.1.png,train_core,34.27967834472656,0.996543288230896,34.4311408996582,0.9966474771499634,0.15146255493164062,0.00010418891906738281,0.0023693442344665527
1148_0.78_0.59.png,train_core,39.799522399902344,0.9983048439025879,40.201725006103516,0.9983579516410828,0.4022026062011719,5.310773849487305e-05,0.0027556419372558594
1149_0.98_1.73.png,train_core,34.56031799316406,0.995851993560791,35.18022537231445,0.9957971572875977,0.6199073791503906,-5.4836273193359375e-05,0.015616774559020996
1150_0.8_1.27.png,train_core,40.39360427856445,0.9981242418289185,40.68429946899414,0.9980416297912598,0.2906951904296875,-8.26120376586914e-05,0.015650510787963867
1151_0.92_1.56.png,train_core,36.9947395324707,0.997072160243988,38.109947204589844,0.9971190690994263,1.1152076721191406,4.690885543823242e-05,0.025332927703857422
1152_0.65_1.76.png,train_core,38.13679504394531,0.9970951080322266,38.81083679199219,0.9970742464065552,0.674041748046875,-2.086162567138672e-05,0.016232848167419434
1153_0.71_0.99.png,train_core,43.13288879394531,0.9980058670043945,44.35599899291992,0.9982046484947205,1.2231101989746094,0.00019878149032592773,0.01964437961578369
1154_0.96_0.62.png,train_core,44.19763946533203,0.9984173774719238,43.51042175292969,0.9984902143478394,-0.6872177124023438,7.283687591552734e-05,0.011374235153198242
1155_0.63_1.27.png,train_core,40.34438705444336,0.9968478083610535,41.17558288574219,0.9971523284912109,0.8311958312988281,0.0003045201301574707,0.02142930030822754
1156_0.91_1.37.png,train_core,38.92482376098633,0.9964603185653687,39.424468994140625,0.9966592788696289,0.4996452331542969,0.0001989603042602539,0.015955805778503418
1158_0.86_1.65.png,train_core,32.24124526977539,0.996670126914978,32.825931549072266,0.9967915415763855,0.584686279296875,0.0001214146614074707,0.029024455696344376
1159_0.84_1.51.png,train_core,33.26285934448242,0.9973828196525574,33.90852355957031,0.9974839687347412,0.6456642150878906,0.00010114908218383789,0.026991337537765503
115_0.86_1.29.png,train_core,33.77693557739258,0.9942101240158081,33.74311065673828,0.9943556189537048,-0.033824920654296875,0.00014549493789672852,0.004822462797164917
1160_0.83_0.65.png,train_core,41.33465576171875,0.9993143081665039,42.57170104980469,0.9993375539779663,1.2370452880859375,2.3245811462402344e-05,0.014098748564720154
1162_0.65_1.7.png,train_core,38.18867492675781,0.9918004870414734,38.30548095703125,0.9932223558425903,0.1168060302734375,0.0014218688011169434,0.010673344135284424
1163_0.95_1.89.png,train_core,34.35687255859375,0.9819591045379639,35.30488204956055,0.9840524196624756,0.9480094909667969,0.0020933151245117188,0.01613062620162964
1164_0.79_1.96.png,train_core,36.1491813659668,0.9863206148147583,36.519020080566406,0.988151490688324,0.3698387145996094,0.0018308758735656738,0.019868016242980957
1167_0.95_0.68.png,train_core,35.82524871826172,0.9972512722015381,36.035465240478516,0.997292697429657,0.21021652221679688,4.1425228118896484e-05,0.0041457414627075195
1168_0.56_0.69.png,train_core,38.895469665527344,0.9984445571899414,39.07344055175781,0.9984346628189087,0.17797088623046875,-9.894371032714844e-06,0.01435089111328125
116_0.64_1.08.png,train_core,36.548152923583984,0.9957302808761597,36.60807800292969,0.9959152936935425,0.059925079345703125,0.0001850128173828125,0.0035063326358795166
1170_0.71_1.78.png,train_core,33.9494743347168,0.9574450254440308,34.66832733154297,0.9613026976585388,0.7188529968261719,0.0038576722145080566,0.02595365047454834
1171_0.64_1.87.png,train_core,33.34541702270508,0.9548500776290894,34.03499984741211,0.9588475227355957,0.6895828247070312,0.003997445106506348,0.03357994556427002
1172_0.76_1.83.png,train_core,33.23793029785156,0.950840950012207,33.920841217041016,0.9546127319335938,0.6829109191894531,0.0037717819213867188,0.027695000171661377
1173_0.59_1.12.png,train_core,39.86546325683594,0.9974240660667419,40.19053649902344,0.9976367354393005,0.3250732421875,0.00021266937255859375,0.030849814414978027
1175_0.53_1.99.png,train_core,36.03603744506836,0.9934091567993164,36.65950012207031,0.9938174486160278,0.6234626770019531,0.0004082918167114258,0.03869962692260742
1176_0.65_1.07.png,train_core,38.41376876831055,0.9972957968711853,38.51611328125,0.9974951148033142,0.10234451293945312,0.00019931793212890625,0.024297237396240234
1178_0.68_0.85.png,train_core,37.37311553955078,0.9981433749198914,38.43915939331055,0.9981856346130371,1.0660438537597656,4.225969314575195e-05,0.015845417976379395
117_0.56_1.2.png,train_core,37.23344421386719,0.9966599345207214,36.595977783203125,0.9965114593505859,-0.6374664306640625,-0.00014847517013549805,0.009105861186981201
1180_0.68_0.5.png,train_core,41.17210388183594,0.9987723231315613,42.3630485534668,0.9987804293632507,1.1909446716308594,8.106231689453125e-06,0.016701102256774902
1181_0.57_1.2.png,train_core,43.37132263183594,0.9983654022216797,43.000186920166016,0.9983954429626465,-0.3711357116699219,3.0040740966796875e-05,0.019993504509329796
1182_0.63_1.77.png,train_core,38.45429229736328,0.9960670471191406,38.91704177856445,0.9962262511253357,0.4627494812011719,0.00015920400619506836,0.030977368354797363
1184_0.56_0.9.png,train_core,43.530330657958984,0.9988157153129578,43.75938034057617,0.9988806247711182,0.2290496826171875,6.490945816040039e-05,0.01849597506225109
1185_0.94_1.35.png,train_core,39.93061828613281,0.9988809823989868,39.043888092041016,0.9988573789596558,-0.8867301940917969,-2.3603439331054688e-05,0.03080638498067856
1186_0.53_1.08.png,train_core,35.467411041259766,0.9988390207290649,35.63990020751953,0.9988529682159424,0.17248916625976562,1.3947486877441406e-05,0.021525144577026367
1187_0.82_1.57.png,train_core,40.11311340332031,0.998654842376709,39.97061538696289,0.9986550211906433,-0.14249801635742188,1.7881393432617188e-07,0.028859995305538177
1188_0.95_1.95.png,train_core,38.91704177856445,0.9973622560501099,39.76136779785156,0.9974188208580017,0.8443260192871094,5.65648078918457e-05,0.045302506536245346
1189_0.64_0.88.png,train_core,40.065948486328125,0.998498797416687,40.467254638671875,0.9985430240631104,0.40130615234375,4.4226646423339844e-05,0.01452946662902832
118_0.72_0.71.png,train_core,40.05804443359375,0.997794508934021,39.652774810791016,0.9977601766586304,-0.4052696228027344,-3.4332275390625e-05,0.00625031441450119
1190_0.56_1.66.png,train_core,35.30643081665039,0.9959105253219604,35.595298767089844,0.9960023760795593,0.2888679504394531,9.185075759887695e-05,0.03007030487060547
1191_0.97_0.75.png,train_core,40.6561279296875,0.9987892508506775,41.27823257446289,0.998827338218689,0.6221046447753906,3.808736801147461e-05,0.008584849536418915
1192_0.85_0.98.png,train_core,39.12270736694336,0.9983974695205688,39.6763916015625,0.9984566569328308,0.5536842346191406,5.918741226196289e-05,0.008411049842834473
1193_0.97_1.06.png,train_core,39.397552490234375,0.9976485967636108,40.15642166137695,0.9977326393127441,0.7588691711425781,8.404254913330078e-05,0.009234026074409485
1195_0.65_1.61.png,train_core,36.59796905517578,0.9968791007995605,37.111297607421875,0.9969858527183533,0.5133285522460938,0.00010675191879272461,0.00783383846282959
1198_0.93_1.56.png,train_core,25.86420249938965,0.9893798232078552,26.554603576660156,0.9902042150497437,0.6904010772705078,0.0008243918418884277,0.01626640558242798
119_0.6_1.7.png,train_core,33.88690185546875,0.9933072924613953,33.37136459350586,0.9933019876480103,-0.5155372619628906,-5.304813385009766e-06,0.009782969951629639
11_0.68_1.56.png,train_core,37.36711883544922,0.997797966003418,38.49552536010742,0.9981809854507446,1.1284065246582031,0.00038301944732666016,0.02737259864807129
1202_0.79_1.51.png,train_core,38.23151779174805,0.9963673949241638,39.24706268310547,0.9968727827072144,1.0155448913574219,0.0005053877830505371,0.02879488468170166
1203_0.79_1.82.png,train_core,35.77082061767578,0.9940277934074402,36.7393913269043,0.9948808550834656,0.9685707092285156,0.0008530616760253906,0.03657674789428711
1204_0.79_1.15.png,train_core,39.591590881347656,0.9973825216293335,40.53409957885742,0.9977110624313354,0.9425086975097656,0.0003285408020019531,0.024674654006958008
1205_0.78_1.01.png,train_core,40.107269287109375,0.9987120628356934,40.48419952392578,0.9987173080444336,0.37693023681640625,5.245208740234375e-06,0.016914725303649902
1206_0.81_1.09.png,train_core,39.18656921386719,0.9984518885612488,39.57174301147461,0.9984495043754578,0.3851737976074219,-2.384185791015625e-06,0.018130898475646973
1207_0.7_1.43.png,train_core,38.67304992675781,0.9980728626251221,38.94872283935547,0.9980713129043579,0.27567291259765625,-1.5497207641601562e-06,0.02577434480190277
1208_0.63_0.83.png,train_core,41.22471237182617,0.9990099668502808,41.046390533447266,0.998980700969696,-0.17832183837890625,-2.9265880584716797e-05,0.02158057689666748
120_0.92_1.44.png,train_core,32.847564697265625,0.9891077876091003,32.75818634033203,0.9895979762077332,-0.08937835693359375,0.0004901885986328125,0.004905641078948975
1211_0.88_1.93.png,train_core,29.742691040039062,0.9928779602050781,30.65015983581543,0.993435263633728,0.9074687957763672,0.0005573034286499023,0.02185988426208496
1213_0.56_1.24.png,train_core,33.18659973144531,0.9970138072967529,33.3762321472168,0.9972310066223145,0.18963241577148438,0.00021719932556152344,0.003451436758041382
1215_0.9_0.73.png,train_core,39.0738525390625,0.9981374740600586,40.35150909423828,0.998281717300415,1.2776565551757812,0.0001442432403564453,0.0038527250289916992
1216_0.65_1.09.png,train_core,32.95298767089844,0.9972308874130249,32.9151496887207,0.9974164962768555,-0.037837982177734375,0.0001856088638305664,0.003735184669494629
1218_0.62_2.0.png,train_core,30.868318557739258,0.9884135127067566,31.697397232055664,0.9890809059143066,0.8290786743164062,0.0006673932075500488,0.007912680506706238
1219_0.76_1.2.png,train_core,33.37116622924805,0.9946523904800415,34.21486282348633,0.9950412511825562,0.8436965942382812,0.00038886070251464844,0.009052149951457977
121_0.96_0.85.png,train_core,37.89337158203125,0.9978821277618408,39.26984405517578,0.9979983568191528,1.3764724731445312,0.00011622905731201172,0.01059083454310894
1220_0.82_1.9.png,train_core,31.075647354125977,0.9884931445121765,31.897705078125,0.9890346527099609,0.8220577239990234,0.0005415081977844238,0.011154815554618835
1221_0.76_0.69.png,train_core,39.41428756713867,0.9989126920700073,38.28212356567383,0.9987902641296387,-1.1321640014648438,-0.00012242794036865234,0.0071021318435668945
1222_0.92_1.14.png,train_core,39.14023971557617,0.9977890849113464,37.813087463378906,0.9976439476013184,-1.3271522521972656,-0.00014513731002807617,0.013369232416152954
1224_0.87_0.77.png,train_core,40.166282653808594,0.998811662197113,38.793785095214844,0.9987061023712158,-1.37249755859375,-0.0001055598258972168,0.00916963815689087
1225_0.98_0.8.png,train_core,40.421852111816406,0.9981875419616699,41.186927795410156,0.9983096122741699,0.76507568359375,0.0001220703125,0.0039021968841552734
1226_0.82_0.78.png,train_core,37.41977310180664,0.9980792999267578,37.739349365234375,0.9982346892356873,0.3195762634277344,0.00015538930892944336,0.003485947847366333
1227_0.9_1.41.png,train_core,36.69629669189453,0.9965263605117798,37.6473388671875,0.9968022108078003,0.9510421752929688,0.0002758502960205078,0.004846513271331787
1229_0.6_0.6.png,train_core,38.94429016113281,0.9982045888900757,39.43421936035156,0.9982592463493347,0.48992919921875,5.46574592590332e-05,0.0027896761894226074
1230_0.55_1.4.png,train_core,29.766387939453125,0.9960006475448608,29.754531860351562,0.9960901141166687,-0.0118560791015625,8.946657180786133e-05,0.009465895593166351
1231_0.98_1.26.png,train_core,36.411136627197266,0.9965702891349792,36.62662124633789,0.9966093301773071,0.215484619140625,3.904104232788086e-05,0.012955925427377224
1232_0.77_0.99.png,train_core,36.072689056396484,0.9977093935012817,36.97158432006836,0.9978249073028564,0.898895263671875,0.00011551380157470703,0.003208160400390625
1234_0.51_1.28.png,train_core,35.12118911743164,0.9962390661239624,35.2525520324707,0.9964916110038757,0.1313629150390625,0.0002525448799133301,0.01665705256164074
1236_0.84_1.0.png,train_core,38.500526428222656,0.9969581961631775,37.9910888671875,0.9968119859695435,-0.5094375610351562,-0.0001462101936340332,0.016109660267829895
1238_0.86_1.03.png,train_core,42.11512756347656,0.9984642267227173,42.26564025878906,0.9984733462333679,0.1505126953125,9.119510650634766e-06,0.013851404190063477
1240_0.64_0.5.png,train_core,43.871299743652344,0.9993382692337036,43.18672561645508,0.9993071556091309,-0.6845741271972656,-3.1113624572753906e-05,0.01772606372833252
1241_0.63_0.93.png,train_core,40.36836624145508,0.9978248476982117,40.84050750732422,0.9979032278060913,0.4721412658691406,7.838010787963867e-05,0.02212059497833252
1242_0.99_0.57.png,train_core,40.766910552978516,0.9979623556137085,39.89071273803711,0.9979022741317749,-0.8761978149414062,-6.008148193359375e-05,0.006343960762023926
1243_0.64_1.03.png,train_core,38.7498664855957,0.9973210096359253,39.29790115356445,0.9974324107170105,0.54803466796875,0.00011140108108520508,0.02407848834991455
1244_0.95_1.91.png,train_core,33.36618423461914,0.9867164492607117,33.82449722290039,0.987078070640564,0.45831298828125,0.0003616213798522949,0.02945462241768837
1245_0.57_1.62.png,train_core,34.86363220214844,0.995243489742279,34.88916015625,0.9953407049179077,0.0255279541015625,9.721517562866211e-05,0.01759207248687744
1248_0.97_1.88.png,train_core,30.094430923461914,0.9859897494316101,30.008289337158203,0.9861065149307251,-0.08614158630371094,0.00011676549911499023,0.012590914964675903
124_0.79_1.89.png,train_core,29.296903610229492,0.992717981338501,29.794849395751953,0.9930180311203003,0.49794578552246094,0.0003000497817993164,0.0318295955657959
1250_0.57_0.61.png,train_core,32.591957092285156,0.998284101486206,33.367515563964844,0.998431384563446,0.7755584716796875,0.00014728307723999023,0.021317481994628906
1252_0.78_0.78.png,train_core,30.548660278320312,0.9972602725028992,31.396236419677734,0.9975147247314453,0.8475761413574219,0.0002544522285461426,0.021702099591493607
1253_0.91_1.15.png,train_core,39.74378204345703,0.9893143177032471,39.86278533935547,0.9899433851242065,0.1190032958984375,0.0006290674209594727,0.015639305114746094
1254_0.97_1.31.png,train_core,38.618446350097656,0.9872194528579712,39.38172149658203,0.9880973696708679,0.763275146484375,0.0008779168128967285,0.020623445510864258
1255_0.65_1.08.png,train_core,42.121620178222656,0.9930223226547241,41.75077819824219,0.9932934641838074,-0.37084197998046875,0.00027114152908325195,0.020163655281066895
1256_0.66_0.52.png,train_core,46.67148971557617,0.9974328875541687,45.61181640625,0.9973882436752319,-1.0596733093261719,-4.464387893676758e-05,0.01746988296508789
1258_0.83_1.3.png,train_core,29.104358673095703,0.9933896064758301,30.096572875976562,0.9941064119338989,0.9922142028808594,0.0007168054580688477,0.021646976470947266
1259_0.98_0.87.png,train_core,30.397844314575195,0.9946707487106323,31.472232818603516,0.995297372341156,1.0743885040283203,0.0006266236305236816,0.01914646103978157
125_0.77_0.94.png,train_core,31.14374351501465,0.995775580406189,31.02698516845703,0.9957880973815918,-0.11675834655761719,1.2516975402832031e-05,0.013913750648498535
1263_0.9_1.41.png,train_core,33.68553924560547,0.9954420924186707,34.28843688964844,0.9956002235412598,0.6028976440429688,0.00015813112258911133,0.004301100969314575
1264_0.84_1.05.png,train_core,36.04945755004883,0.9973865747451782,36.702579498291016,0.9974886178970337,0.6531219482421875,0.00010204315185546875,0.0036613047122955322
1265_0.62_1.32.png,train_core,39.972110748291016,0.9972109794616699,40.57066345214844,0.9973079562187195,0.5985527038574219,9.697675704956055e-05,0.027313753962516785
1268_0.82_1.47.png,train_core,36.459373474121094,0.9962045550346375,37.43679428100586,0.9964003562927246,0.9774208068847656,0.0001958012580871582,0.029666855931282043
1269_0.51_1.67.png,train_core,33.50811767578125,0.9947037696838379,33.97046661376953,0.9949913024902344,0.46234893798828125,0.0002875328063964844,0.02572774887084961
1270_0.74_1.52.png,train_core,35.3316650390625,0.9945181608200073,35.91476821899414,0.9948331713676453,0.5831031799316406,0.00031501054763793945,0.0183103084564209
1271_0.65_1.66.png,train_core,34.470603942871094,0.9941369891166687,35.00282669067383,0.9944776892662048,0.5322227478027344,0.0003407001495361328,0.03178906440734863
1272_0.62_0.57.png,train_core,40.69206237792969,0.9985960721969604,40.85514831542969,0.9986612796783447,0.1630859375,6.520748138427734e-05,0.006436824798583984
1273_0.96_1.43.png,train_core,28.539350509643555,0.9939764738082886,29.080793380737305,0.994296669960022,0.54144287109375,0.00032019615173339844,0.017970792949199677
1274_0.59_0.67.png,train_core,36.618011474609375,0.9989306926727295,37.29545974731445,0.9990350604057312,0.6774482727050781,0.00010436773300170898,0.03164172172546387
1276_0.95_0.5.png,train_core,34.5671501159668,0.9987062215805054,35.3359260559082,0.9988161325454712,0.7687759399414062,0.00010991096496582031,0.016644764691591263
1277_0.79_1.18.png,train_core,40.30185317993164,0.9971603751182556,40.18772506713867,0.9972020983695984,-0.11412811279296875,4.172325134277344e-05,0.02154196798801422
1278_0.81_1.62.png,train_core,37.34242630004883,0.9945621490478516,37.37474822998047,0.9946889281272888,0.032321929931640625,0.00012677907943725586,0.019117414951324463
1279_0.87_0.95.png,train_core,40.7984619140625,0.9975969195365906,40.35240936279297,0.9975346922874451,-0.44605255126953125,-6.222724914550781e-05,0.025478005409240723
1280_0.67_0.76.png,train_core,43.80241775512695,0.9988187551498413,43.698646545410156,0.9988064169883728,-0.10377120971679688,-1.233816146850586e-05,0.023283161222934723
1281_0.89_0.85.png,train_core,34.66550064086914,0.9978865385055542,35.32176971435547,0.9979569315910339,0.6562690734863281,7.039308547973633e-05,0.004501998424530029
1284_0.58_1.58.png,train_core,32.44124984741211,0.9961800575256348,32.574302673339844,0.9962402582168579,0.13305282592773438,6.020069122314453e-05,0.003242313861846924
1285_0.53_1.47.png,train_core,31.506702423095703,0.9948862791061401,31.84063720703125,0.9951032400131226,0.3339347839355469,0.00021696090698242188,0.008688211441040039
1286_0.98_0.99.png,train_core,36.50743865966797,0.9940614104270935,36.756900787353516,0.9943711161613464,0.24946212768554688,0.0003097057342529297,0.006357908248901367
1288_0.95_1.97.png,train_core,31.967029571533203,0.9866418838500977,31.91400146484375,0.9871630072593689,-0.053028106689453125,0.0005211234092712402,0.00495755672454834
1289_1.0_1.69.png,train_core,30.357694625854492,0.9925253391265869,31.56538963317871,0.9929406046867371,1.2076950073242188,0.0004152655601501465,0.03473609685897827
128_0.54_0.89.png,train_core,35.1200065612793,0.9967495799064636,34.94719314575195,0.9967536330223083,-0.17281341552734375,4.0531158447265625e-06,0.024652838706970215
1292_0.66_1.45.png,train_core,36.75630187988281,0.997093677520752,37.786399841308594,0.9972168803215027,1.0300979614257812,0.00012320280075073242,0.018907666206359863
1293_0.79_0.72.png,train_core,34.45942306518555,0.9980263113975525,35.285037994384766,0.998156726360321,0.8256149291992188,0.0001304149627685547,0.0072984881699085236
1294_0.51_1.96.png,train_core,35.50743103027344,0.9957301616668701,35.975433349609375,0.9957749247550964,0.4680023193359375,4.476308822631836e-05,0.026452183723449707
1297_0.99_0.69.png,train_core,44.6613883972168,0.9981867671012878,45.12580108642578,0.9982831478118896,0.4644126892089844,9.638071060180664e-05,0.020074602216482162
1298_0.52_1.3.png,train_core,38.401123046875,0.9965707063674927,39.37779998779297,0.997159481048584,0.9766769409179688,0.0005887746810913086,0.071402907371521
129_0.95_1.3.png,train_core,38.0033073425293,0.9971038103103638,38.38283920288086,0.9971078634262085,0.3795318603515625,4.0531158447265625e-06,0.01599837839603424
12_0.9_1.75.png,train_core,37.878021240234375,0.9971643686294556,38.93175506591797,0.9974656105041504,1.0537338256835938,0.0003012418746948242,0.03149658069014549
1302_0.53_1.14.png,train_core,35.263126373291016,0.9965493679046631,36.099578857421875,0.996799647808075,0.8364524841308594,0.00025027990341186523,0.004189193248748779
1303_0.7_0.67.png,train_core,41.754337310791016,0.998616099357605,42.85588836669922,0.9986624121665955,1.1015510559082031,4.6312808990478516e-05,0.0038142800331115723
1304_0.85_1.18.png,train_core,35.281185150146484,0.9970352053642273,36.293827056884766,0.9972658157348633,1.0126419067382812,0.00023061037063598633,0.005138218402862549
1305_1.0_1.54.png,train_core,31.860979080200195,0.9933757185935974,32.75332260131836,0.9939056634902954,0.8923435211181641,0.000529944896697998,0.007189035415649414
1307_0.92_1.87.png,train_core,35.05518341064453,0.9928205013275146,35.73882293701172,0.9932466745376587,0.6836395263671875,0.00042617321014404297,0.00515410304069519
1308_0.84_1.04.png,train_core,35.422271728515625,0.9964314699172974,35.87993240356445,0.9966955184936523,0.4576606750488281,0.00026404857635498047,0.006257249973714352
1309_0.83_1.35.png,train_core,35.791748046875,0.9933590888977051,35.818702697753906,0.9936289191246033,0.02695465087890625,0.00026983022689819336,0.006668686866760254
130_0.78_0.91.png,train_core,42.128639221191406,0.9988623857498169,42.63446807861328,0.998884379863739,0.505828857421875,2.199411392211914e-05,0.012489914894104004
1310_0.53_1.28.png,train_core,39.200164794921875,0.9972044229507446,39.73455810546875,0.9973103404045105,0.534393310546875,0.00010591745376586914,0.03400111198425293
1312_0.62_0.6.png,train_core,40.792091369628906,0.9985947608947754,41.45793151855469,0.9986073970794678,0.6658401489257812,1.2636184692382812e-05,0.016842007637023926
1314_0.66_0.77.png,train_core,40.665733337402344,0.9970061779022217,41.56517028808594,0.9972528219223022,0.8994369506835938,0.0002466440200805664,0.006897330284118652
1315_0.52_1.19.png,train_core,38.27716827392578,0.9963055849075317,39.03507614135742,0.9966850280761719,0.7579078674316406,0.0003794431686401367,0.013814330101013184
1316_0.85_1.62.png,train_core,37.046634674072266,0.9916309714317322,37.70440673828125,0.9922369718551636,0.6577720642089844,0.0006060004234313965,0.011990547180175781
1318_0.83_1.33.png,train_core,36.752685546875,0.9963439702987671,36.313209533691406,0.9962793588638306,-0.43947601318359375,-6.461143493652344e-05,0.02923797070980072
1319_0.88_1.19.png,train_core,37.060707092285156,0.996684193611145,36.493736267089844,0.9966104030609131,-0.5669708251953125,-7.37905502319336e-05,0.04100137948989868
131_0.69_1.1.png,train_core,40.02042770385742,0.998408317565918,40.574066162109375,0.9984483122825623,0.5536384582519531,3.999471664428711e-05,0.017555832862854004
1320_0.7_0.99.png,train_core,37.8370246887207,0.9977092742919922,37.46249771118164,0.997641921043396,-0.3745269775390625,-6.73532485961914e-05,0.025523290038108826
1321_0.95_0.81.png,train_core,37.888702392578125,0.9974203109741211,38.43251037597656,0.9976453185081482,0.5438079833984375,0.0002250075340270996,0.014414040371775627
1323_0.89_0.88.png,train_core,37.61425018310547,0.9974701404571533,38.100791931152344,0.9976908564567566,0.486541748046875,0.00022071599960327148,0.011508317664265633
1324_0.55_1.43.png,train_core,36.88969039916992,0.9967397451400757,37.39729309082031,0.9969822764396667,0.5076026916503906,0.00024253129959106445,0.007348537445068359
1012_0.85_1.28.png,val,38.41431427001953,0.9647197127342224,38.62575912475586,0.9678580164909363,0.21144485473632812,0.003138303756713867,0.02076050639152527
1016_0.8_1.72.png,val,39.61286163330078,0.9955519437789917,39.44771957397461,0.9952746629714966,-0.16514205932617188,-0.0002772808074951172,0.019170761108398438
1023_0.5_1.87.png,val,37.46149444580078,0.9967917203903198,37.9484977722168,0.9969642162322998,0.4870033264160156,0.00017249584197998047,0.03283032774925232
1031_0.76_0.7.png,val,42.83445358276367,0.99848473072052,42.06338882446289,0.9985050559043884,-0.7710647583007812,2.0325183868408203e-05,0.017463713884353638
1035_0.76_1.14.png,val,33.746826171875,0.9929184913635254,35.031490325927734,0.993553638458252,1.2846641540527344,0.0006351470947265625,0.023675203323364258
1037_0.89_0.54.png,val,35.944435119628906,0.9982537031173706,35.63153076171875,0.9982017278671265,-0.31290435791015625,-5.1975250244140625e-05,0.004036836326122284
1039_0.79_1.79.png,val,32.14397430419922,0.9955849051475525,31.961071014404297,0.9954713582992554,-0.18290328979492188,-0.00011354684829711914,0.006431698799133301
1063_0.51_1.61.png,val,34.0552864074707,0.9881882667541504,34.57362747192383,0.9892853498458862,0.518341064453125,0.0010970830917358398,0.03433191776275635
1076_0.71_1.18.png,val,35.237770080566406,0.9977822303771973,35.97297286987305,0.9978379607200623,0.7352027893066406,5.5730342864990234e-05,0.017201900482177734
1080_0.59_1.22.png,val,40.86412048339844,0.9971354007720947,41.4698600769043,0.9973403811454773,0.6057395935058594,0.00020498037338256836,0.03427529335021973
1085_0.71_1.3.png,val,40.45887756347656,0.9976656436920166,40.53898239135742,0.9976794123649597,0.08010482788085938,1.3768672943115234e-05,0.02860844135284424
1087_0.68_1.22.png,val,41.442237854003906,0.9981285929679871,41.52846908569336,0.9981414675712585,0.08623123168945312,1.2874603271484375e-05,0.028016209602355957
1100_0.58_1.95.png,val,31.112680435180664,0.9931523203849792,31.948089599609375,0.9936568140983582,0.8354091644287109,0.0005044937133789062,0.024871826171875
1102_0.65_0.94.png,val,29.722049713134766,0.9940279722213745,30.37462615966797,0.994558572769165,0.6525764465332031,0.0005306005477905273,0.027004122734069824
1110_0.92_0.77.png,val,39.92817306518555,0.9984459280967712,40.564125061035156,0.9984278678894043,0.6359519958496094,-1.806020736694336e-05,0.01948479562997818
1122_0.94_0.53.png,val,40.92900848388672,0.9982873201370239,41.463592529296875,0.9983026385307312,0.5345840454101562,1.531839370727539e-05,0.016823872923851013
1128_0.8_1.45.png,val,37.485660552978516,0.996299684047699,37.768699645996094,0.9963675737380981,0.2830390930175781,6.788969039916992e-05,0.021811842918395996
1133_0.68_1.41.png,val,32.858558654785156,0.9952945113182068,32.57133102416992,0.9951682090759277,-0.2872276306152344,-0.00012630224227905273,0.02295506000518799
1134_0.69_1.2.png,val,32.35816955566406,0.99577397108078,32.056129455566406,0.9956145286560059,-0.30204010009765625,-0.00015944242477416992,0.019846022129058838
114_0.75_1.45.png,val,33.99034881591797,0.9939260482788086,34.10235595703125,0.9941858053207397,0.11200714111328125,0.00025975704193115234,0.004835665225982666
1157_0.56_1.98.png,val,39.58294677734375,0.9974612593650818,40.11733627319336,0.9975078105926514,0.5343894958496094,4.655122756958008e-05,0.05069911479949951
1177_0.71_1.64.png,val,34.68379592895508,0.9957431554794312,35.371734619140625,0.9958457946777344,0.6879386901855469,0.00010263919830322266,0.010907888412475586
1183_0.84_1.24.png,val,34.04589080810547,0.9965027570724487,35.20035171508789,0.9968405961990356,1.1544609069824219,0.00033783912658691406,0.01960158348083496
1200_0.97_0.52.png,val,31.893531799316406,0.9975616335868835,32.897037506103516,0.9978624582290649,1.0035057067871094,0.0003008246421813965,0.01477290689945221
1212_0.8_1.74.png,val,30.249603271484375,0.9950138330459595,31.133554458618164,0.9954971075057983,0.8839511871337891,0.0004832744598388672,0.03714132308959961
1233_0.54_0.63.png,val,37.336830139160156,0.9981050491333008,37.02827835083008,0.998023509979248,-0.3085517883300781,-8.153915405273438e-05,0.012466199696063995
1246_0.62_2.0.png,val,33.356136322021484,0.993172287940979,33.446983337402344,0.9933597445487976,0.09084701538085938,0.00018745660781860352,0.022348880767822266
1266_0.96_1.34.png,val,35.37687683105469,0.9956516623497009,36.488277435302734,0.9958925247192383,1.1114006042480469,0.00024086236953735352,0.028259143233299255
126_0.75_1.47.png,val,28.262712478637695,0.9916788339614868,28.09246826171875,0.9915518760681152,-0.1702442169189453,-0.00012695789337158203,0.022174954414367676
1282_0.62_0.6.png,val,32.4411506652832,0.9982718229293823,32.735504150390625,0.9983317255973816,0.2943534851074219,5.990266799926758e-05,0.002551466226577759
1290_0.95_1.76.png,val,32.73866271972656,0.9931913614273071,34.074195861816406,0.9935151934623718,1.3355331420898438,0.00032383203506469727,0.032384276390075684
1291_0.62_0.59.png,val,40.37092590332031,0.9990457892417908,41.51424026489258,0.9990819692611694,1.1433143615722656,3.618001937866211e-05,0.022472500801086426
1299_0.83_1.21.png,val,41.22010040283203,0.9969713687896729,42.84626388549805,0.9974625110626221,1.6261634826660156,0.0004911422729492188,0.0335390567779541
1300_0.92_1.03.png,val,43.76705551147461,0.9975370168685913,43.95354461669922,0.9978465437889099,0.18648910522460938,0.0003095269203186035,0.022164158523082733
1313_0.75_1.8.png,val,36.15227127075195,0.9914888739585876,36.904056549072266,0.9921910762786865,0.7517852783203125,0.000702202320098877,0.01444542407989502
1317_0.53_1.87.png,val,29.31026268005371,0.991305947303772,29.333250045776367,0.9911669492721558,0.02298736572265625,-0.00013899803161621094,0.03778335452079773
1333_0.79_1.62.png,val,33.56443786621094,0.9950178861618042,33.06195831298828,0.9947735071182251,-0.5024795532226562,-0.00024437904357910156,0.04584848880767822
1334_0.64_1.51.png,val,36.25510787963867,0.9967682361602783,35.77533721923828,0.996677815914154,-0.4797706604003906,-9.042024612426758e-05,0.032462239265441895
1376_0.65_1.6.png,val,40.22069549560547,0.9945105910301208,40.610870361328125,0.9959985613822937,0.39017486572265625,0.0014879703521728516,0.027027368545532227
1390_0.57_1.23.png,val,37.17289733886719,0.9973490238189697,37.39900207519531,0.9973728060722351,0.226104736328125,2.378225326538086e-05,0.01114189624786377
1397_0.94_0.79.png,val,36.07333755493164,0.9973644018173218,37.247535705566406,0.9975465536117554,1.1741981506347656,0.00018215179443359375,0.0076627954840660095
1413_0.65_1.47.png,val,40.02935791015625,0.9981329441070557,39.24287414550781,0.998065173625946,-0.7864837646484375,-6.777048110961914e-05,0.023531511425971985
1416_0.95_1.15.png,val,39.354286193847656,0.9975528120994568,39.7940673828125,0.9977290630340576,0.43978118896484375,0.00017625093460083008,0.02360422909259796
1419_0.62_1.04.png,val,37.91752624511719,0.9978004693984985,37.99026870727539,0.9978525042533875,0.07274246215820312,5.2034854888916016e-05,0.016054391860961914
1432_0.91_1.29.png,val,32.592288970947266,0.9951907992362976,33.30870819091797,0.9955418109893799,0.7164192199707031,0.0003510117530822754,0.00459975004196167
1435_0.87_0.57.png,val,43.403011322021484,0.9970235824584961,42.95133972167969,0.9971674680709839,-0.4516716003417969,0.00014388561248779297,0.05119676887989044
1456_0.66_1.83.png,val,33.7647590637207,0.995869517326355,33.329437255859375,0.9957816004753113,-0.4353218078613281,-8.791685104370117e-05,0.004384219646453857
1461_0.59_0.54.png,val,37.49542999267578,0.9987146258354187,37.06763458251953,0.9986416697502136,-0.42779541015625,-7.295608520507812e-05,0.010733000934123993
1467_0.61_1.24.png,val,40.423423767089844,0.9966234564781189,39.748931884765625,0.9964832067489624,-0.6744918823242188,-0.00014024972915649414,0.03808606415987015
1474_0.92_0.89.png,val,30.84561538696289,0.9950827956199646,31.554241180419922,0.9953708648681641,0.7086257934570312,0.0002880692481994629,0.006807804107666016
1480_0.96_1.38.png,val,30.895841598510742,0.9845697283744812,31.410663604736328,0.9860833883285522,0.5148220062255859,0.001513659954071045,0.017054244875907898
1491_0.88_1.85.png,val,33.603580474853516,0.9803575873374939,33.67160415649414,0.9807884097099304,0.068023681640625,0.00043082237243652344,0.028343617916107178
1500_0.87_1.88.png,val,34.133277893066406,0.9912440180778503,34.86179733276367,0.991606593132019,0.7285194396972656,0.00036257505416870117,0.03286898136138916
1502_0.65_1.08.png,val,41.97490692138672,0.9977187514305115,42.780914306640625,0.9978288412094116,0.8060073852539062,0.00011008977890014648,0.01847148686647415
1528_0.91_1.9.png,val,33.68292236328125,0.9911083579063416,34.19927215576172,0.9912854433059692,0.5163497924804688,0.00017708539962768555,0.028825044631958008
1534_0.7_0.91.png,val,45.403175354003906,0.9977725744247437,45.36695098876953,0.9977757334709167,-0.036224365234375,3.159046173095703e-06,0.018149733543395996
1547_0.77_1.84.png,val,38.357994079589844,0.9882626533508301,38.4656867980957,0.988375186920166,0.10769271850585938,0.0001125335693359375,0.056249380111694336
1550_0.87_0.57.png,val,45.58212661743164,0.9983158111572266,45.74497604370117,0.998349666595459,0.16284942626953125,3.3855438232421875e-05,0.02665526419878006
1567_0.8_0.84.png,val,41.368141174316406,0.997229278087616,42.302528381347656,0.9973678588867188,0.93438720703125,0.0001385807991027832,0.01403498649597168
1575_0.51_1.39.png,val,42.3780517578125,0.9986246824264526,42.38420486450195,0.9986078143119812,0.006153106689453125,-1.6868114471435547e-05,0.03492379188537598
1579_0.67_1.31.png,val,43.26335525512695,0.9950222969055176,43.645442962646484,0.995024561882019,0.38208770751953125,2.2649765014648438e-06,0.046913981437683105
1580_0.7_1.59.png,val,40.640953063964844,0.9930599927902222,41.1963996887207,0.9931992292404175,0.5554466247558594,0.0001392364501953125,0.049703240394592285
1586_0.74_1.29.png,val,39.64473342895508,0.9954327344894409,39.75528335571289,0.9955092668533325,0.1105499267578125,7.653236389160156e-05,0.04042506217956543
1587_0.73_1.54.png,val,38.55976104736328,0.9942265748977661,38.69487380981445,0.9943517446517944,0.13511276245117188,0.0001251697540283203,0.046961307525634766
1589_0.74_1.06.png,val,42.39085388183594,0.9970111846923828,42.16623306274414,0.9970108866691589,-0.22462081909179688,-2.980232238769531e-07,0.01682424545288086
1612_0.77_1.4.png,val,41.314674377441406,0.9953316450119019,41.02268600463867,0.9952484965324402,-0.2919883728027344,-8.314847946166992e-05,0.022480737417936325
1618_0.97_1.32.png,val,42.315364837646484,0.9915467500686646,42.395713806152344,0.9916924238204956,0.08034896850585938,0.0001456737518310547,0.03675737977027893
161_0.83_1.56.png,val,28.50743865966797,0.989385724067688,29.287216186523438,0.9905411005020142,0.7797775268554688,0.0011553764343261719,0.024376511573791504
1642_0.91_0.72.png,val,42.759483337402344,0.9978270530700684,43.250484466552734,0.9978484511375427,0.4910011291503906,2.1398067474365234e-05,0.031572554260492325
164_0.84_0.62.png,val,36.692413330078125,0.998051106929779,37.982276916503906,0.9981459379196167,1.2898635864257812,9.483098983764648e-05,0.01438230276107788
165_0.71_1.57.png,val,38.04133987426758,0.9966685175895691,38.81853485107422,0.9967702627182007,0.7771949768066406,0.0001017451286315918,0.03399801254272461
1664_0.8_2.0.png,val,39.815731048583984,0.995111882686615,40.02587890625,0.9952778220176697,0.21014785766601562,0.0001659393310546875,0.04077911376953125
1674_0.9_1.32.png,val,41.195030212402344,0.9973205327987671,41.39830780029297,0.9973317384719849,0.203277587890625,1.1205673217773438e-05,0.025706075131893158
1675_0.56_1.81.png,val,40.61992263793945,0.9980150461196899,40.88973617553711,0.9980471134185791,0.26981353759765625,3.2067298889160156e-05,0.07384014129638672
1684_0.61_1.24.png,val,39.91542053222656,0.9979555606842041,40.03340148925781,0.9978246688842773,0.11798095703125,-0.0001308917999267578,0.04993441700935364
1701_0.55_0.71.png,val,45.06745910644531,0.9988845586776733,45.55454635620117,0.9989180564880371,0.4870872497558594,3.349781036376953e-05,0.03947770595550537
1704_0.9_1.06.png,val,42.09525680541992,0.9977525472640991,42.07709884643555,0.9977513551712036,-0.018157958984375,-1.1920928955078125e-06,0.03787943720817566
1716_0.87_0.59.png,val,41.093666076660156,0.9973511695861816,41.106590270996094,0.9973227977752686,0.0129241943359375,-2.8371810913085938e-05,0.015492081642150879
1729_0.85_0.57.png,val,46.16436004638672,0.9988154768943787,45.91181182861328,0.9988174438476562,-0.2525482177734375,1.9669532775878906e-06,0.03121642768383026
1739_0.98_1.18.png,val,35.70642852783203,0.9896987676620483,35.72944259643555,0.9896945953369141,0.023014068603515625,-4.172325134277344e-06,0.028001785278320312
1741_0.52_0.81.png,val,49.31453323364258,0.9990150332450867,49.16917419433594,0.9990519285202026,-0.14535903930664062,3.68952751159668e-05,0.013941764831542969
1744_0.79_1.18.png,val,45.9113883972168,0.998449444770813,45.597129821777344,0.9985373020172119,-0.3142585754394531,8.785724639892578e-05,0.03340804576873779
1753_0.96_1.66.png,val,38.75845718383789,0.9954323768615723,38.80170822143555,0.9954768419265747,0.04325103759765625,4.4465065002441406e-05,0.024157285690307617
1778_0.61_0.57.png,val,48.450042724609375,0.9992483854293823,48.64690399169922,0.9992658495903015,0.19686126708984375,1.7464160919189453e-05,0.02409040927886963
179_0.79_1.66.png,val,38.14042663574219,0.9926856756210327,38.5867805480957,0.9925786256790161,0.4463539123535156,-0.00010704994201660156,0.03153491020202637
1801_0.99_0.78.png,val,41.848228454589844,0.9973130226135254,42.39215850830078,0.9973969459533691,0.5439300537109375,8.392333984375e-05,0.02612726390361786
1811_0.62_1.47.png,val,45.238731384277344,0.9939558506011963,45.63937759399414,0.9935996532440186,0.4006462097167969,-0.0003561973571777344,0.03741765022277832
1823_0.78_0.96.png,val,46.16032409667969,0.9973982572555542,46.17511749267578,0.9973589181900024,0.01479339599609375,-3.933906555175781e-05,0.026151418685913086
1838_0.88_0.63.png,val,46.47446060180664,0.9966853857040405,46.602195739746094,0.9967063665390015,0.12773513793945312,2.09808349609375e-05,0.020439624786376953
1840_0.94_1.56.png,val,40.71682357788086,0.9913443326950073,41.1080322265625,0.9914188385009766,0.3912086486816406,7.450580596923828e-05,0.023918509483337402
1847_0.55_2.0.png,val,41.05072021484375,0.9963924288749695,41.2844123840332,0.996396541595459,0.23369216918945312,4.112720489501953e-06,0.04989051818847656
1851_0.7_1.14.png,val,43.50969696044922,0.9977089762687683,43.37812423706055,0.9976619482040405,-0.13157272338867188,-4.70280647277832e-05,0.04455924034118652
185_0.65_1.74.png,val,37.417724609375,0.996454656124115,37.558773040771484,0.9964818954467773,0.14104843139648438,2.7239322662353516e-05,0.007698416709899902
1864_0.63_1.68.png,val,42.86103057861328,0.9961556196212769,43.057674407958984,0.9960581064224243,0.19664382934570312,-9.751319885253906e-05,0.049931496381759644
1870_0.54_1.45.png,val,45.01409912109375,0.9969559907913208,45.4887809753418,0.9968868494033813,0.4746818542480469,-6.914138793945312e-05,0.020706400275230408
1893_0.53_1.29.png,val,42.0767822265625,0.9985455274581909,41.82021713256836,0.9985777735710144,-0.2565650939941406,3.224611282348633e-05,0.023430585861206055
1896_0.7_0.8.png,val,41.083045959472656,0.9987804293632507,40.76934814453125,0.9988206624984741,-0.31369781494140625,4.023313522338867e-05,0.020922422409057617
1900_0.59_0.94.png,val,46.58270263671875,0.9991617202758789,46.8846435546875,0.9992070198059082,0.30194091796875,4.5299530029296875e-05,0.01849651336669922
1901_0.77_1.18.png,val,45.50580596923828,0.9973049163818359,45.68881607055664,0.9973315000534058,0.18301010131835938,2.658367156982422e-05,0.043435484170913696
1917_0.96_1.37.png,val,40.48727035522461,0.9921127557754517,41.00316619873047,0.9927666187286377,0.5158958435058594,0.0006538629531860352,0.018603477627038956
1919_0.59_0.94.png,val,49.531150817871094,0.9972550868988037,49.355716705322266,0.9971357583999634,-0.17543411254882812,-0.00011932849884033203,0.015223473310470581
191_0.53_1.57.png,val,38.34210968017578,0.9895226359367371,38.87363815307617,0.9909785985946655,0.5315284729003906,0.0014559626579284668,0.028590917587280273
1944_0.99_1.3.png,val,37.27996063232422,0.9954249858856201,37.294639587402344,0.9954821467399597,0.014678955078125,5.716085433959961e-05,0.012232422828674316
1946_0.91_1.18.png,val,39.9794807434082,0.993177056312561,39.986305236816406,0.993078351020813,0.006824493408203125,-9.870529174804688e-05,0.033015429973602295
1953_0.73_0.63.png,val,46.17694854736328,0.9986578226089478,46.48743438720703,0.9987902641296387,0.31048583984375,0.00013244152069091797,0.020854588598012924
1994_0.55_1.79.png,val,39.89699935913086,0.9963294863700867,40.613426208496094,0.9963700175285339,0.7164268493652344,4.0531158447265625e-05,0.03442835807800293
1999_0.93_0.74.png,val,38.24642562866211,0.99583899974823,38.402793884277344,0.9957702159881592,0.15636825561523438,-6.878376007080078e-05,0.021843791007995605
2002_0.86_1.83.png,val,41.423919677734375,0.9971818327903748,41.632240295410156,0.9971752166748047,0.20832061767578125,-6.616115570068359e-06,0.051534175872802734
2036_0.8_0.55.png,val,45.372161865234375,0.9989542961120605,45.382965087890625,0.9989527463912964,0.01080322265625,-1.5497207641601562e-06,0.010449409484863281
2037_0.65_0.92.png,val,46.11079406738281,0.9977862238883972,46.58527374267578,0.9977908134460449,0.47447967529296875,4.589557647705078e-06,0.022754788398742676
203_0.79_0.99.png,val,40.69160842895508,0.9976984858512878,41.49085998535156,0.997982919216156,0.7992515563964844,0.00028443336486816406,0.016816258430480957
2040_0.75_1.75.png,val,41.22970962524414,0.9948517680168152,41.558223724365234,0.9947475790977478,0.32851409912109375,-0.00010418891906738281,0.023980259895324707
2045_0.94_0.71.png,val,40.67585372924805,0.9965828657150269,41.04998016357422,0.9966654777526855,0.3741264343261719,8.26120376586914e-05,0.016165077686309814
2050_0.8_1.8.png,val,37.11074447631836,0.9914783239364624,37.16904067993164,0.9915030002593994,0.05829620361328125,2.467632293701172e-05,0.04727882146835327
2055_0.69_0.57.png,val,45.121604919433594,0.9987885355949402,45.58799362182617,0.9988154172897339,0.4663887023925781,2.6881694793701172e-05,0.021987497806549072
2070_0.86_0.78.png,val,44.15020751953125,0.9987574815750122,43.596988677978516,0.9987093806266785,-0.5532188415527344,-4.8100948333740234e-05,0.029331892728805542
2075_0.73_2.0.png,val,37.66062927246094,0.995913028717041,38.65835952758789,0.995982825756073,0.9977302551269531,6.979703903198242e-05,0.044956326484680176
2076_0.85_1.77.png,val,37.412200927734375,0.995581328868866,38.284324645996094,0.9956842660903931,0.8721237182617188,0.00010293722152709961,0.02273738384246826
2080_0.53_1.58.png,val,40.399478912353516,0.9966287612915039,40.23240661621094,0.9966239929199219,-0.16707229614257812,-4.76837158203125e-06,0.03826570510864258
210_0.87_0.81.png,val,40.07377624511719,0.9975995421409607,39.19633483886719,0.9976682662963867,-0.87744140625,6.872415542602539e-05,0.003490924835205078
2125_0.65_0.5.png,val,48.05406951904297,0.9993631839752197,48.37000274658203,0.9993693232536316,0.3159332275390625,6.139278411865234e-06,0.025915861129760742
212_0.71_1.94.png,val,37.92644119262695,0.9950463771820068,37.5389518737793,0.995215892791748,-0.38748931884765625,0.00016951560974121094,0.011930108070373535
2131_0.88_1.57.png,val,40.41514587402344,0.9965218305587769,40.63762283325195,0.996498703956604,0.22247695922851562,-2.3126602172851562e-05,0.027753114700317383
2151_0.78_0.51.png,val,46.091495513916016,0.9973980784416199,46.71240234375,0.9976279735565186,0.6209068298339844,0.00022989511489868164,0.020627379417419434
2155_0.7_0.67.png,val,47.13964080810547,0.9991742372512817,47.80204391479492,0.9992010593414307,0.6624031066894531,2.682209014892578e-05,0.01920943707227707
2161_0.69_1.35.png,val,39.349422454833984,0.9937629699707031,40.128536224365234,0.9938501715660095,0.77911376953125,8.720159530639648e-05,0.02444589138031006
2165_0.88_1.99.png,val,36.190277099609375,0.9836515784263611,36.60065460205078,0.9837270975112915,0.41037750244140625,7.551908493041992e-05,0.03448522090911865
216_0.58_1.1.png,val,42.39570999145508,0.9978440999984741,43.34284210205078,0.9980566501617432,0.9471321105957031,0.00021255016326904297,0.02584211900830269
