name,scope,cache_path,A0_PSNR,A0_SSIM,WDMamba_PSNR,WDMamba_SSIM,WD0375_PSNR,WD0375_SSIM,WD0375_dPSNR,WD0375_dSSIM
1000_0.74_1.6.png,train_core,/sda/home/wangyuxin/ConvIR-B/runtime_cache/v24_c12_wd0375_teacher/train_core/1000_0.74_1.6.png,36.9222412109375,0.9977827072143555,40.69540023803711,0.9969077110290527,38.926910400390625,0.9980651140213013,2.004669189453125,0.0002824068069458008
1008_0.52_1.98.png,train_core,/sda/home/wangyuxin/ConvIR-B/runtime_cache/v24_c12_wd0375_teacher/train_core/1008_0.52_1.98.png,39.091495513916016,0.9969046115875244,38.21613693237305,0.9956514239311218,40.331329345703125,0.9974607825279236,1.2398338317871094,0.0005561709403991699
1015_0.7_1.92.png,train_core,/sda/home/wangyuxin/ConvIR-B/runtime_cache/v24_c12_wd0375_teacher/train_core/1015_0.7_1.92.png,39.58008575439453,0.9959384799003601,39.43593978881836,0.9949733018875122,41.14350128173828,0.9966950416564941,1.56341552734375,0.0007565617561340332
1025_0.95_1.79.png,train_core,/sda/home/wangyuxin/ConvIR-B/runtime_cache/v24_c12_wd0375_teacher/train_core/1025_0.95_1.79.png,34.59271240234375,0.9947078227996826,37.87521743774414,0.9943989515304565,37.110904693603516,0.9959508776664734,2.5181922912597656,0.0012430548667907715
103_0.75_1.59.png,train_core,/sda/home/wangyuxin/ConvIR-B/runtime_cache/v24_c12_wd0375_teacher/train_core/103_0.75_1.59.png,31.22649383544922,0.9877638220787048,38.79072189331055,0.9948714971542358,34.489662170410156,0.992717981338501,3.2631683349609375,0.004954159259796143
1047_0.89_1.57.png,train_core,/sda/home/wangyuxin/ConvIR-B/runtime_cache/v24_c12_wd0375_teacher/train_core/1047_0.89_1.57.png,31.743871688842773,0.974963903427124,36.575992584228516,0.9794491529464722,34.612945556640625,0.9803562164306641,2.8690738677978516,0.005392313003540039
1053_0.54_1.81.png,train_core,/sda/home/wangyuxin/ConvIR-B/runtime_cache/v24_c12_wd0375_teacher/train_core/1053_0.54_1.81.png,37.231693267822266,0.9685845375061035,39.72181701660156,0.9948946833610535,41.38896942138672,0.9809507131576538,4.157276153564453,0.012366175651550293
1061_0.91_0.94.png,train_core,/sda/home/wangyuxin/ConvIR-B/runtime_cache/v24_c12_wd0375_teacher/train_core/1061_0.91_0.94.png,35.50494384765625,0.9919552803039551,40.463768005371094,0.9937800168991089,38.74991989135742,0.9942951202392578,3.244976043701172,0.0023398399353027344
1070_0.79_1.57.png,train_core,/sda/home/wangyuxin/ConvIR-B/runtime_cache/v24_c12_wd0375_teacher/train_core/1070_0.79_1.57.png,34.46012878417969,0.9878884553909302,38.43521499633789,0.992477536201477,38.5738639831543,0.9927902221679688,4.113735198974609,0.004901766777038574
107_0.77_1.67.png,train_core,/sda/home/wangyuxin/ConvIR-B/runtime_cache/v24_c12_wd0375_teacher/train_core/107_0.77_1.67.png,34.29155731201172,0.9953268766403198,40.45178985595703,0.9964558482170105,37.95841979980469,0.9970674514770508,3.6668624877929688,0.001740574836730957
1090_0.54_0.58.png,train_core,/sda/home/wangyuxin/ConvIR-B/runtime_cache/v24_c12_wd0375_teacher/train_core/1090_0.54_0.58.png,41.2755241394043,0.9981679916381836,39.44864273071289,0.9977056980133057,41.43391036987305,0.9983992576599121,0.15838623046875,0.00023126602172851562
10_0.78_1.56.png,train_core,/sda/home/wangyuxin/ConvIR-B/runtime_cache/v24_c12_wd0375_teacher/train_core/10_0.78_1.56.png,38.89318084716797,0.9978498220443726,41.290069580078125,0.9979591369628906,41.76382064819336,0.9985315203666687,2.8706398010253906,0.0006816983222961426
1112_0.61_0.52.png,train_core,/sda/home/wangyuxin/ConvIR-B/runtime_cache/v24_c12_wd0375_teacher/train_core/1112_0.61_0.52.png,41.87896728515625,0.999295175075531,44.341896057128906,0.998867392539978,43.672813415527344,0.9993842840194702,1.7938461303710938,8.910894393920898e-05
111_0.57_1.22.png,train_core,/sda/home/wangyuxin/ConvIR-B/runtime_cache/v24_c12_wd0375_teacher/train_core/111_0.57_1.22.png,38.62628173828125,0.9985801577568054,44.537315368652344,0.9987654685974121,42.27113723754883,0.9991631507873535,3.644855499267578,0.0005829930305480957
1127_0.91_0.61.png,train_core,/sda/home/wangyuxin/ConvIR-B/runtime_cache/v24_c12_wd0375_teacher/train_core/1127_0.91_0.61.png,39.068389892578125,0.9978559017181396,40.87371063232422,0.9980877637863159,41.93455123901367,0.9985605478286743,2.866161346435547,0.000704646110534668
1136_0.96_0.74.png,train_core,/sda/home/wangyuxin/ConvIR-B/runtime_cache/v24_c12_wd0375_teacher/train_core/1136_0.96_0.74.png,35.3126106262207,0.9963871836662292,39.874847412109375,0.9969851970672607,37.621490478515625,0.9974924921989441,2.308879852294922,0.0011053085327148438
1144_0.87_1.96.png,train_core,/sda/home/wangyuxin/ConvIR-B/runtime_cache/v24_c12_wd0375_teacher/train_core/1144_0.87_1.96.png,37.58504867553711,0.987877368927002,38.48794174194336,0.9894119501113892,39.34053039550781,0.9910127520561218,1.7554817199707031,0.003135383129119873
1151_0.92_1.56.png,train_core,/sda/home/wangyuxin/ConvIR-B/runtime_cache/v24_c12_wd0375_teacher/train_core/1151_0.92_1.56.png,36.99570846557617,0.9970724582672119,39.7216911315918,0.9966902732849121,40.261375427246094,0.9977743625640869,3.265666961669922,0.000701904296875
1159_0.84_1.51.png,train_core,/sda/home/wangyuxin/ConvIR-B/runtime_cache/v24_c12_wd0375_teacher/train_core/1159_0.84_1.51.png,33.26310348510742,0.9973828196525574,42.650569915771484,0.9976210594177246,36.5310173034668,0.9981733560562134,3.267913818359375,0.0007905364036560059
1168_0.56_0.69.png,train_core,/sda/home/wangyuxin/ConvIR-B/runtime_cache/v24_c12_wd0375_teacher/train_core/1168_0.56_0.69.png,38.89556884765625,0.9984444379806519,40.56755065917969,0.9983918070793152,43.59352111816406,0.999086856842041,4.6979522705078125,0.0006424188613891602
1176_0.65_1.07.png,train_core,/sda/home/wangyuxin/ConvIR-B/runtime_cache/v24_c12_wd0375_teacher/train_core/1176_0.65_1.07.png,38.417030334472656,0.997299313545227,43.77561950683594,0.9981839656829834,41.819244384765625,0.9983479380607605,3.4022140502929688,0.0010486245155334473
1185_0.94_1.35.png,train_core,/sda/home/wangyuxin/ConvIR-B/runtime_cache/v24_c12_wd0375_teacher/train_core/1185_0.94_1.35.png,39.93136978149414,0.9988812208175659,41.98346710205078,0.9979395866394043,42.69255065917969,0.9989511370658875,2.761180877685547,6.99162483215332e-05
1191_0.97_0.75.png,train_core,/sda/home/wangyuxin/ConvIR-B/runtime_cache/v24_c12_wd0375_teacher/train_core/1191_0.97_0.75.png,40.65614318847656,0.9987892508506775,42.846900939941406,0.9986276030540466,43.27052307128906,0.9990693926811218,2.6143798828125,0.00028014183044433594
1202_0.79_1.51.png,train_core,/sda/home/wangyuxin/ConvIR-B/runtime_cache/v24_c12_wd0375_teacher/train_core/1202_0.79_1.51.png,38.238861083984375,0.9965633749961853,41.734100341796875,0.9969045519828796,41.48952102661133,0.9974844455718994,3.250659942626953,0.0009210705757141113
120_0.92_1.44.png,train_core,/sda/home/wangyuxin/ConvIR-B/runtime_cache/v24_c12_wd0375_teacher/train_core/120_0.92_1.44.png,32.84756851196289,0.9891077876091003,37.787906646728516,0.9924697875976562,35.64942932128906,0.9926087856292725,2.801860809326172,0.003500998020172119
121_0.96_0.85.png,train_core,/sda/home/wangyuxin/ConvIR-B/runtime_cache/v24_c12_wd0375_teacher/train_core/121_0.96_0.85.png,37.89360427856445,0.9978806972503662,41.82110595703125,0.9976186156272888,41.881622314453125,0.9984661340713501,3.988018035888672,0.0005854368209838867
1227_0.9_1.41.png,train_core,/sda/home/wangyuxin/ConvIR-B/runtime_cache/v24_c12_wd0375_teacher/train_core/1227_0.9_1.41.png,36.69629669189453,0.9965263605117798,41.185508728027344,0.9966580867767334,39.57514190673828,0.9974963665008545,2.87884521484375,0.000970005989074707
1238_0.86_1.03.png,train_core,/sda/home/wangyuxin/ConvIR-B/runtime_cache/v24_c12_wd0375_teacher/train_core/1238_0.86_1.03.png,42.11725616455078,0.9984647631645203,42.334556579589844,0.9980751276016235,43.25168228149414,0.9986799955368042,1.1344261169433594,0.00021523237228393555
1248_0.97_1.88.png,train_core,/sda/home/wangyuxin/ConvIR-B/runtime_cache/v24_c12_wd0375_teacher/train_core/1248_0.97_1.88.png,30.094451904296875,0.9859901666641235,38.873783111572266,0.9956257343292236,33.45462417602539,0.9920775294303894,3.3601722717285156,0.006087362766265869
1256_0.66_0.52.png,train_core,/sda/home/wangyuxin/ConvIR-B/runtime_cache/v24_c12_wd0375_teacher/train_core/1256_0.66_0.52.png,46.67754364013672,0.9974343180656433,44.27649688720703,0.9970726370811462,47.35917663574219,0.9981989860534668,0.6816329956054688,0.0007646679878234863
1268_0.82_1.47.png,train_core,/sda/home/wangyuxin/ConvIR-B/runtime_cache/v24_c12_wd0375_teacher/train_core/1268_0.82_1.47.png,36.459957122802734,0.9962050318717957,39.442222595214844,0.9951527118682861,40.846839904785156,0.9968990087509155,4.386882781982422,0.000693976879119873
1276_0.95_0.5.png,train_core,/sda/home/wangyuxin/ConvIR-B/runtime_cache/v24_c12_wd0375_teacher/train_core/1276_0.95_0.5.png,34.56724166870117,0.9987063407897949,44.920654296875,0.9988839030265808,37.99128723144531,0.9991447329521179,3.4240455627441406,0.00043839216232299805
1285_0.53_1.47.png,train_core,/sda/home/wangyuxin/ConvIR-B/runtime_cache/v24_c12_wd0375_teacher/train_core/1285_0.53_1.47.png,31.50670623779297,0.9948863983154297,39.46834945678711,0.9957526922225952,34.39512634277344,0.9965457916259766,2.8884201049804688,0.001659393310546875
1294_0.51_1.96.png,train_core,/sda/home/wangyuxin/ConvIR-B/runtime_cache/v24_c12_wd0375_teacher/train_core/1294_0.51_1.96.png,35.507911682128906,0.9957303404808044,39.61640167236328,0.9944858551025391,38.52679443359375,0.9966418743133545,3.0188827514648438,0.0009115338325500488
1304_0.85_1.18.png,train_core,/sda/home/wangyuxin/ConvIR-B/runtime_cache/v24_c12_wd0375_teacher/train_core/1304_0.85_1.18.png,35.281185150146484,0.9970352053642273,40.947906494140625,0.9971636533737183,39.664798736572266,0.9979190230369568,4.383613586425781,0.0008838176727294922
1312_0.62_0.6.png,train_core,/sda/home/wangyuxin/ConvIR-B/runtime_cache/v24_c12_wd0375_teacher/train_core/1312_0.62_0.6.png,40.79299545288086,0.9985916614532471,43.96747589111328,0.9982261657714844,43.82283020019531,0.9988739490509033,3.029834747314453,0.00028228759765625
1320_0.7_0.99.png,train_core,/sda/home/wangyuxin/ConvIR-B/runtime_cache/v24_c12_wd0375_teacher/train_core/1320_0.7_0.99.png,37.83845138549805,0.9977246522903442,40.866676330566406,0.9978967905044556,41.18263626098633,0.9983252882957458,3.3441848754882812,0.0006006360054016113
1328_0.72_1.11.png,train_core,/sda/home/wangyuxin/ConvIR-B/runtime_cache/v24_c12_wd0375_teacher/train_core/1328_0.72_1.11.png,40.55973434448242,0.9979395866394043,41.3675537109375,0.9976296424865723,42.3188591003418,0.9983901381492615,1.759124755859375,0.00045055150985717773
1338_0.83_1.25.png,train_core,/sda/home/wangyuxin/ConvIR-B/runtime_cache/v24_c12_wd0375_teacher/train_core/1338_0.83_1.25.png,38.03337097167969,0.9966896772384644,40.629085540771484,0.9968767166137695,40.29304504394531,0.9975168704986572,2.259674072265625,0.0008271932601928711
1344_0.71_0.79.png,train_core,/sda/home/wangyuxin/ConvIR-B/runtime_cache/v24_c12_wd0375_teacher/train_core/1344_0.71_0.79.png,33.74580383300781,0.995797872543335,42.17422866821289,0.9980594515800476,37.097496032714844,0.997439980506897,3.3516921997070312,0.0016421079635620117
1352_0.7_1.62.png,train_core,/sda/home/wangyuxin/ConvIR-B/runtime_cache/v24_c12_wd0375_teacher/train_core/1352_0.7_1.62.png,30.453832626342773,0.9911673069000244,43.02928161621094,0.9975962042808533,33.833213806152344,0.9956080317497253,3.3793811798095703,0.004440724849700928
1360_0.65_0.69.png,train_core,/sda/home/wangyuxin/ConvIR-B/runtime_cache/v24_c12_wd0375_teacher/train_core/1360_0.65_0.69.png,41.39075469970703,0.9984539747238159,42.902191162109375,0.9977123737335205,43.274478912353516,0.9986886382102966,1.8837242126464844,0.0002346634864807129
1369_0.84_1.87.png,train_core,/sda/home/wangyuxin/ConvIR-B/runtime_cache/v24_c12_wd0375_teacher/train_core/1369_0.84_1.87.png,37.89971923828125,0.9945778846740723,36.77910232543945,0.992351233959198,39.612060546875,0.9956154823303223,1.71234130859375,0.00103759765625
1378_0.56_1.67.png,train_core,/sda/home/wangyuxin/ConvIR-B/runtime_cache/v24_c12_wd0375_teacher/train_core/1378_0.56_1.67.png,33.3412971496582,0.9924982786178589,42.078575134277344,0.9973510503768921,36.703163146972656,0.9961452484130859,3.361865997314453,0.0036469697952270508
1385_0.67_0.95.png,train_core,/sda/home/wangyuxin/ConvIR-B/runtime_cache/v24_c12_wd0375_teacher/train_core/1385_0.67_0.95.png,42.685211181640625,0.9979001879692078,44.13263702392578,0.9984064102172852,44.462989807128906,0.9985675811767578,1.7777786254882812,0.0006673932075500488
1394_0.64_1.0.png,train_core,/sda/home/wangyuxin/ConvIR-B/runtime_cache/v24_c12_wd0375_teacher/train_core/1394_0.64_1.0.png,38.095664978027344,0.9984421730041504,43.248992919921875,0.9985052943229675,41.01381301879883,0.9989323019981384,2.9181480407714844,0.0004901289939880371
1402_0.73_0.73.png,train_core,/sda/home/wangyuxin/ConvIR-B/runtime_cache/v24_c12_wd0375_teacher/train_core/1402_0.73_0.73.png,35.65271759033203,0.9972912669181824,40.706085205078125,0.9982792139053345,38.336669921875,0.9983128905296326,2.6839523315429688,0.0010216236114501953
1410_0.76_1.08.png,train_core,/sda/home/wangyuxin/ConvIR-B/runtime_cache/v24_c12_wd0375_teacher/train_core/1410_0.76_1.08.png,38.52564239501953,0.9984697699546814,43.07521057128906,0.9985940456390381,41.076194763183594,0.9989018440246582,2.5505523681640625,0.00043207406997680664
1421_0.9_1.14.png,train_core,/sda/home/wangyuxin/ConvIR-B/runtime_cache/v24_c12_wd0375_teacher/train_core/1421_0.9_1.14.png,35.8516731262207,0.9960471987724304,40.259456634521484,0.99660724401474,38.998661041259766,0.99737948179245,3.1469879150390625,0.0013322830200195312
142_0.57_1.0.png,train_core,/sda/home/wangyuxin/ConvIR-B/runtime_cache/v24_c12_wd0375_teacher/train_core/142_0.57_1.0.png,41.16050338745117,0.9983968138694763,42.025917053222656,0.9977259039878845,43.509315490722656,0.998661458492279,2.3488121032714844,0.0002646446228027344
1439_0.92_1.24.png,train_core,/sda/home/wangyuxin/ConvIR-B/runtime_cache/v24_c12_wd0375_teacher/train_core/1439_0.92_1.24.png,33.0416145324707,0.9948580265045166,39.171234130859375,0.9960727691650391,36.03074645996094,0.9966777563095093,2.9891319274902344,0.0018197298049926758
1446_0.85_0.59.png,train_core,/sda/home/wangyuxin/ConvIR-B/runtime_cache/v24_c12_wd0375_teacher/train_core/1446_0.85_0.59.png,37.268394470214844,0.9988365173339844,43.956146240234375,0.9988963603973389,41.42064666748047,0.9992237091064453,4.152252197265625,0.0003871917724609375
1452_0.81_1.88.png,train_core,/sda/home/wangyuxin/ConvIR-B/runtime_cache/v24_c12_wd0375_teacher/train_core/1452_0.81_1.88.png,38.09918212890625,0.9977627992630005,40.031898498535156,0.9972974061965942,40.12835693359375,0.9981542825698853,2.0291748046875,0.0003914833068847656
145_0.5_1.08.png,train_core,/sda/home/wangyuxin/ConvIR-B/runtime_cache/v24_c12_wd0375_teacher/train_core/145_0.5_1.08.png,42.56946563720703,0.9983593821525574,43.00022506713867,0.9982186555862427,44.677642822265625,0.9989244937896729,2.1081771850585938,0.0005651116371154785
146_0.96_1.51.png,train_core,/sda/home/wangyuxin/ConvIR-B/runtime_cache/v24_c12_wd0375_teacher/train_core/146_0.96_1.51.png,31.695621490478516,0.9939911365509033,38.08287811279297,0.9952740669250488,34.817020416259766,0.9962091445922852,3.12139892578125,0.002218008041381836
1477_0.87_1.44.png,train_core,/sda/home/wangyuxin/ConvIR-B/runtime_cache/v24_c12_wd0375_teacher/train_core/1477_0.87_1.44.png,30.913898468017578,0.9815908670425415,40.6819953918457,0.9919520616531372,35.05522155761719,0.9891901016235352,4.141323089599609,0.007599234580993652
1485_0.6_1.5.png,train_core,/sda/home/wangyuxin/ConvIR-B/runtime_cache/v24_c12_wd0375_teacher/train_core/1485_0.6_1.5.png,35.421226501464844,0.9971698522567749,40.289207458496094,0.9967712163925171,38.230804443359375,0.9981048107147217,2.8095779418945312,0.0009349584579467773
1493_0.84_0.8.png,train_core,/sda/home/wangyuxin/ConvIR-B/runtime_cache/v24_c12_wd0375_teacher/train_core/1493_0.84_0.8.png,37.972782135009766,0.997424304485321,40.506996154785156,0.997072696685791,40.38292694091797,0.9981918334960938,2.410144805908203,0.0007675290107727051
149_0.51_1.05.png,train_core,/sda/home/wangyuxin/ConvIR-B/runtime_cache/v24_c12_wd0375_teacher/train_core/149_0.51_1.05.png,38.71318435668945,0.9978929758071899,42.55017852783203,0.9979123473167419,42.06155776977539,0.9985749125480652,3.3483734130859375,0.0006819367408752441
1508_0.6_1.12.png,train_core,/sda/home/wangyuxin/ConvIR-B/runtime_cache/v24_c12_wd0375_teacher/train_core/1508_0.6_1.12.png,41.851654052734375,0.9971297979354858,42.55161666870117,0.9970413446426392,43.81171798706055,0.9975184798240662,1.9600639343261719,0.00038868188858032227
1514_0.53_0.9.png,train_core,/sda/home/wangyuxin/ConvIR-B/runtime_cache/v24_c12_wd0375_teacher/train_core/1514_0.53_0.9.png,44.606170654296875,0.9981076121330261,44.02003860473633,0.9980565905570984,45.328575134277344,0.998440682888031,0.7224044799804688,0.0003330707550048828
1520_0.69_1.99.png,train_core,/sda/home/wangyuxin/ConvIR-B/runtime_cache/v24_c12_wd0375_teacher/train_core/1520_0.69_1.99.png,40.615150451660156,0.9968383312225342,40.13823699951172,0.9965872168540955,42.09964370727539,0.9973475933074951,1.4844932556152344,0.0005092620849609375
1527_0.79_1.5.png,train_core,/sda/home/wangyuxin/ConvIR-B/runtime_cache/v24_c12_wd0375_teacher/train_core/1527_0.79_1.5.png,37.46601486206055,0.995663583278656,38.51957702636719,0.9957195520401001,38.843475341796875,0.9963774681091309,1.3774604797363281,0.0007138848304748535
1535_0.82_0.52.png,train_core,/sda/home/wangyuxin/ConvIR-B/runtime_cache/v24_c12_wd0375_teacher/train_core/1535_0.82_0.52.png,45.8919677734375,0.9982253909111023,44.10498046875,0.9979345202445984,46.837974548339844,0.9984843134880066,0.9460067749023438,0.0002589225769042969
1542_0.86_0.58.png,train_core,/sda/home/wangyuxin/ConvIR-B/runtime_cache/v24_c12_wd0375_teacher/train_core/1542_0.86_0.58.png,45.69049835205078,0.9984221458435059,44.90983581542969,0.9983829259872437,47.93506622314453,0.9988420009613037,2.24456787109375,0.00041985511779785156
154_0.97_0.91.png,train_core,/sda/home/wangyuxin/ConvIR-B/runtime_cache/v24_c12_wd0375_teacher/train_core/154_0.97_0.91.png,40.44247055053711,0.995476245880127,42.867069244384766,0.99744713306427,43.52486038208008,0.9972844123840332,3.0823898315429688,0.00180816650390625
1557_0.85_1.07.png,train_core,/sda/home/wangyuxin/ConvIR-B/runtime_cache/v24_c12_wd0375_teacher/train_core/1557_0.85_1.07.png,45.96817398071289,0.9947091937065125,44.03782653808594,0.9964998960494995,46.457252502441406,0.9962730407714844,0.4890785217285156,0.0015638470649719238
1564_0.56_1.56.png,train_core,/sda/home/wangyuxin/ConvIR-B/runtime_cache/v24_c12_wd0375_teacher/train_core/1564_0.56_1.56.png,41.56782531738281,0.9960165023803711,40.52568054199219,0.9954800605773926,42.7671012878418,0.9967066645622253,1.1992759704589844,0.000690162181854248
1572_0.9_1.45.png,train_core,/sda/home/wangyuxin/ConvIR-B/runtime_cache/v24_c12_wd0375_teacher/train_core/1572_0.9_1.45.png,38.09867858886719,0.9932073354721069,40.08518600463867,0.9939276576042175,40.14153289794922,0.994478702545166,2.0428543090820312,0.001271367073059082
1581_0.62_0.7.png,train_core,/sda/home/wangyuxin/ConvIR-B/runtime_cache/v24_c12_wd0375_teacher/train_core/1581_0.62_0.7.png,43.246116638183594,0.9981848001480103,43.42485046386719,0.9983300566673279,45.63325500488281,0.9986616969108582,2.3871383666992188,0.0004768967628479004
1590_0.78_0.63.png,train_core,/sda/home/wangyuxin/ConvIR-B/runtime_cache/v24_c12_wd0375_teacher/train_core/1590_0.78_0.63.png,44.408016204833984,0.998160719871521,40.597896575927734,0.9978865385055542,43.92573928833008,0.9983644485473633,-0.48227691650390625,0.00020372867584228516
1598_0.67_1.4.png,train_core,/sda/home/wangyuxin/ConvIR-B/runtime_cache/v24_c12_wd0375_teacher/train_core/1598_0.67_1.4.png,38.12715148925781,0.9973653554916382,40.95521545410156,0.9975924491882324,39.789268493652344,0.9978646039962769,1.6621170043945312,0.0004992485046386719
1604_0.57_1.17.png,train_core,/sda/home/wangyuxin/ConvIR-B/runtime_cache/v24_c12_wd0375_teacher/train_core/1604_0.57_1.17.png,45.70265197753906,0.9979560375213623,45.116050720214844,0.9981677532196045,46.946434020996094,0.9984863996505737,1.2437820434570312,0.0005303621292114258
1610_0.91_0.53.png,train_core,/sda/home/wangyuxin/ConvIR-B/runtime_cache/v24_c12_wd0375_teacher/train_core/1610_0.91_0.53.png,44.576988220214844,0.9975049495697021,40.703697204589844,0.9974960088729858,46.12145233154297,0.9980578422546387,1.544464111328125,0.0005528926849365234
1620_0.62_0.9.png,train_core,/sda/home/wangyuxin/ConvIR-B/runtime_cache/v24_c12_wd0375_teacher/train_core/1620_0.62_0.9.png,47.8746452331543,0.9965264201164246,45.098236083984375,0.9975636005401611,47.675392150878906,0.9977036714553833,-0.19925308227539062,0.0011772513389587402
1627_0.94_0.52.png,train_core,/sda/home/wangyuxin/ConvIR-B/runtime_cache/v24_c12_wd0375_teacher/train_core/1627_0.94_0.52.png,47.30192184448242,0.9956480860710144,41.61015319824219,0.9964349269866943,46.47254943847656,0.9967273473739624,-0.8293724060058594,0.001079261302947998
1634_0.75_1.81.png,train_core,/sda/home/wangyuxin/ConvIR-B/runtime_cache/v24_c12_wd0375_teacher/train_core/1634_0.75_1.81.png,39.318565368652344,0.9961897730827332,39.98752212524414,0.9961068034172058,40.80339813232422,0.9968764185905457,1.484832763671875,0.0006866455078125
1641_0.97_1.87.png,train_core,/sda/home/wangyuxin/ConvIR-B/runtime_cache/v24_c12_wd0375_teacher/train_core/1641_0.97_1.87.png,35.72589111328125,0.9914304614067078,36.856929779052734,0.9926100969314575,38.123695373535156,0.993233859539032,2.3978042602539062,0.0018033981323242188
1649_0.8_0.86.png,train_core,/sda/home/wangyuxin/ConvIR-B/runtime_cache/v24_c12_wd0375_teacher/train_core/1649_0.8_0.86.png,48.442840576171875,0.9931315183639526,42.9161262512207,0.9967746138572693,49.497737884521484,0.995874285697937,1.0548973083496094,0.002742767333984375
1656_0.64_1.45.png,train_core,/sda/home/wangyuxin/ConvIR-B/runtime_cache/v24_c12_wd0375_teacher/train_core/1656_0.64_1.45.png,45.931915283203125,0.9942683577537537,41.65602111816406,0.9937553405761719,45.93895721435547,0.9952549934387207,0.00704193115234375,0.000986635684967041
1663_0.92_1.8.png,train_core,/sda/home/wangyuxin/ConvIR-B/runtime_cache/v24_c12_wd0375_teacher/train_core/1663_0.92_1.8.png,37.98854446411133,0.9943214654922485,36.36463928222656,0.994701087474823,39.7910270690918,0.9954310655593872,1.8024826049804688,0.0011096000671386719
1670_0.72_1.61.png,train_core,/sda/home/wangyuxin/ConvIR-B/runtime_cache/v24_c12_wd0375_teacher/train_core/1670_0.72_1.61.png,38.87632369995117,0.9957304000854492,38.68661880493164,0.995551347732544,40.81943893432617,0.9966146945953369,1.943115234375,0.0008842945098876953
1679_0.94_1.47.png,train_core,/sda/home/wangyuxin/ConvIR-B/runtime_cache/v24_c12_wd0375_teacher/train_core/1679_0.94_1.47.png,38.15510940551758,0.9955252408981323,37.17856979370117,0.9948190450668335,39.785743713378906,0.9962133765220642,1.6306343078613281,0.0006881356239318848
1688_0.94_1.37.png,train_core,/sda/home/wangyuxin/ConvIR-B/runtime_cache/v24_c12_wd0375_teacher/train_core/1688_0.94_1.37.png,35.647247314453125,0.9952216148376465,36.863243103027344,0.9953190684318542,37.62291717529297,0.996177077293396,1.9756698608398438,0.0009554624557495117
1694_0.72_0.66.png,train_core,/sda/home/wangyuxin/ConvIR-B/runtime_cache/v24_c12_wd0375_teacher/train_core/1694_0.72_0.66.png,47.365135192871094,0.9991723895072937,45.05118942260742,0.9990131855010986,48.577484130859375,0.9993609189987183,1.2123489379882812,0.00018852949142456055
16_0.51_1.32.png,train_core,/sda/home/wangyuxin/ConvIR-B/runtime_cache/v24_c12_wd0375_teacher/train_core/16_0.51_1.32.png,38.452030181884766,0.9978355169296265,39.67410659790039,0.9966279864311218,40.68663787841797,0.9981276392936707,2.234607696533203,0.00029212236404418945
1708_0.52_1.49.png,train_core,/sda/home/wangyuxin/ConvIR-B/runtime_cache/v24_c12_wd0375_teacher/train_core/1708_0.52_1.49.png,44.22153091430664,0.9980174899101257,42.84640884399414,0.997708797454834,45.36392593383789,0.9982221126556396,1.14239501953125,0.00020462274551391602
1718_0.92_1.01.png,train_core,/sda/home/wangyuxin/ConvIR-B/runtime_cache/v24_c12_wd0375_teacher/train_core/1718_0.92_1.01.png,39.82133102416992,0.9970976710319519,38.50677490234375,0.9964669942855835,40.70362854003906,0.9976205825805664,0.8822975158691406,0.000522911548614502
1725_0.91_0.81.png,train_core,/sda/home/wangyuxin/ConvIR-B/runtime_cache/v24_c12_wd0375_teacher/train_core/1725_0.91_0.81.png,41.13798141479492,0.9970543384552002,40.8058967590332,0.9969121813774109,42.13542938232422,0.99747633934021,0.9974479675292969,0.0004220008850097656
1733_0.57_1.6.png,train_core,/sda/home/wangyuxin/ConvIR-B/runtime_cache/v24_c12_wd0375_teacher/train_core/1733_0.57_1.6.png,38.20331954956055,0.9956669807434082,40.27669906616211,0.9960071444511414,40.53949737548828,0.9965900182723999,2.3361778259277344,0.0009230375289916992
1742_0.9_1.59.png,train_core,/sda/home/wangyuxin/ConvIR-B/runtime_cache/v24_c12_wd0375_teacher/train_core/1742_0.9_1.59.png,42.82362365722656,0.9972726106643677,39.201820373535156,0.9970914721488953,42.678497314453125,0.9976366758346558,-0.1451263427734375,0.00036406517028808594
1751_0.55_0.84.png,train_core,/sda/home/wangyuxin/ConvIR-B/runtime_cache/v24_c12_wd0375_teacher/train_core/1751_0.55_0.84.png,42.127655029296875,0.9981817603111267,39.74418640136719,0.9980465769767761,42.1629524230957,0.998366117477417,0.035297393798828125,0.0001843571662902832
1759_0.7_1.38.png,train_core,/sda/home/wangyuxin/ConvIR-B/runtime_cache/v24_c12_wd0375_teacher/train_core/1759_0.7_1.38.png,43.56034851074219,0.9977401494979858,41.35874938964844,0.9973782896995544,44.13837814331055,0.9980335235595703,0.5780296325683594,0.00029337406158447266
1765_0.51_1.47.png,train_core,/sda/home/wangyuxin/ConvIR-B/runtime_cache/v24_c12_wd0375_teacher/train_core/1765_0.51_1.47.png,39.86909484863281,0.9974483251571655,41.62604904174805,0.9973735213279724,41.98613739013672,0.9978756308555603,2.1170425415039062,0.0004273056983947754
1771_0.85_1.14.png,train_core,/sda/home/wangyuxin/ConvIR-B/runtime_cache/v24_c12_wd0375_teacher/train_core/1771_0.85_1.14.png,39.329925537109375,0.9974560737609863,41.083255767822266,0.9976601004600525,41.35126495361328,0.9979597330093384,2.0213394165039062,0.0005036592483520508
177_0.65_1.21.png,train_core,/sda/home/wangyuxin/ConvIR-B/runtime_cache/v24_c12_wd0375_teacher/train_core/177_0.65_1.21.png,40.41093444824219,0.9945930242538452,40.7215690612793,0.99432772397995,42.949832916259766,0.9959888458251953,2.538898468017578,0.0013958215713500977
1786_0.64_1.19.png,train_core,/sda/home/wangyuxin/ConvIR-B/runtime_cache/v24_c12_wd0375_teacher/train_core/1786_0.64_1.19.png,45.661033630371094,0.9986743927001953,45.254295349121094,0.9985677599906921,46.62052536010742,0.9989795684814453,0.9594917297363281,0.00030517578125
1792_0.62_1.77.png,train_core,/sda/home/wangyuxin/ConvIR-B/runtime_cache/v24_c12_wd0375_teacher/train_core/1792_0.62_1.77.png,42.42533874511719,0.9954500198364258,41.53813171386719,0.9962208271026611,43.012413024902344,0.9964464902877808,0.5870742797851562,0.0009964704513549805
1799_0.93_0.72.png,train_core,/sda/home/wangyuxin/ConvIR-B/runtime_cache/v24_c12_wd0375_teacher/train_core/1799_0.93_0.72.png,48.87074279785156,0.996408224105835,45.137672424316406,0.995864748954773,49.00517272949219,0.9973465800285339,0.134429931640625,0.0009383559226989746
1807_0.72_1.36.png,train_core,/sda/home/wangyuxin/ConvIR-B/runtime_cache/v24_c12_wd0375_teacher/train_core/1807_0.72_1.36.png,46.02996826171875,0.9926838278770447,44.615394592285156,0.9945091009140015,47.434486389160156,0.9945306777954102,1.4045181274414062,0.0018468499183654785
1814_0.55_0.54.png,train_core,/sda/home/wangyuxin/ConvIR-B/runtime_cache/v24_c12_wd0375_teacher/train_core/1814_0.55_0.54.png,48.954872131347656,0.9980462789535522,47.47687530517578,0.9984501600265503,49.56432342529297,0.9985460638999939,0.6094512939453125,0.0004997849464416504
1820_0.95_1.71.png,train_core,/sda/home/wangyuxin/ConvIR-B/runtime_cache/v24_c12_wd0375_teacher/train_core/1820_0.95_1.71.png,41.22264099121094,0.993884265422821,40.346378326416016,0.9936221837997437,42.727272033691406,0.9947860240936279,1.5046310424804688,0.0009017586708068848
1828_0.64_1.8.png,train_core,/sda/home/wangyuxin/ConvIR-B/runtime_cache/v24_c12_wd0375_teacher/train_core/1828_0.64_1.8.png,42.498722076416016,0.9947680830955505,40.93336486816406,0.9952347278594971,42.51442337036133,0.9956180453300476,0.0157012939453125,0.0008499622344970703
1834_0.54_1.06.png,train_core,/sda/home/wangyuxin/ConvIR-B/runtime_cache/v24_c12_wd0375_teacher/train_core/1834_0.54_1.06.png,45.388465881347656,0.9955634474754333,42.26355743408203,0.995478093624115,45.243080139160156,0.9965527057647705,-0.1453857421875,0.0009892582893371582
1842_0.88_0.62.png,train_core,/sda/home/wangyuxin/ConvIR-B/runtime_cache/v24_c12_wd0375_teacher/train_core/1842_0.88_0.62.png,47.735939025878906,0.9989964962005615,45.97673034667969,0.998917818069458,48.358245849609375,0.9991378784179688,0.6223068237304688,0.00014138221740722656
184_0.81_1.03.png,train_core,/sda/home/wangyuxin/ConvIR-B/runtime_cache/v24_c12_wd0375_teacher/train_core/184_0.81_1.03.png,41.8311653137207,0.9985660910606384,41.456031799316406,0.9975268244743347,43.61711120605469,0.9986432790756226,1.7859458923339844,7.718801498413086e-05
1857_0.87_1.23.png,train_core,/sda/home/wangyuxin/ConvIR-B/runtime_cache/v24_c12_wd0375_teacher/train_core/1857_0.87_1.23.png,44.052513122558594,0.9952521324157715,42.00124740600586,0.9957556128501892,45.08757781982422,0.996260404586792,1.035064697265625,0.0010082721710205078
1865_0.56_1.08.png,train_core,/sda/home/wangyuxin/ConvIR-B/runtime_cache/v24_c12_wd0375_teacher/train_core/1865_0.56_1.08.png,45.352455139160156,0.9987246990203857,44.078094482421875,0.9986491203308105,46.3267707824707,0.9989237785339355,0.9743156433105469,0.0001990795135498047
1872_0.94_1.17.png,train_core,/sda/home/wangyuxin/ConvIR-B/runtime_cache/v24_c12_wd0375_teacher/train_core/1872_0.94_1.17.png,41.412445068359375,0.9959771037101746,42.45813751220703,0.9963750839233398,43.30427551269531,0.9968662261962891,1.8918304443359375,0.000889122486114502
1879_0.88_1.72.png,train_core,/sda/home/wangyuxin/ConvIR-B/runtime_cache/v24_c12_wd0375_teacher/train_core/1879_0.88_1.72.png,38.90734100341797,0.9948663711547852,40.914058685302734,0.9962910413742065,41.88700866699219,0.9964902400970459,2.9796676635742188,0.0016238689422607422
1885_0.54_0.83.png,train_core,/sda/home/wangyuxin/ConvIR-B/runtime_cache/v24_c12_wd0375_teacher/train_core/1885_0.54_0.83.png,47.586265563964844,0.9960422515869141,46.82038879394531,0.9967621564865112,48.63280487060547,0.9969860911369324,1.046539306640625,0.0009438395500183105
1892_0.85_0.58.png,train_core,/sda/home/wangyuxin/ConvIR-B/runtime_cache/v24_c12_wd0375_teacher/train_core/1892_0.85_0.58.png,45.12610626220703,0.9991258382797241,41.29787826538086,0.9989515542984009,45.39390182495117,0.9992191195487976,0.2677955627441406,9.328126907348633e-05
18_0.55_1.6.png,train_core,/sda/home/wangyuxin/ConvIR-B/runtime_cache/v24_c12_wd0375_teacher/train_core/18_0.55_1.6.png,39.728206634521484,0.9962013959884644,39.14752960205078,0.9945623278617859,41.185306549072266,0.9968787431716919,1.4570999145507812,0.0006773471832275391
1908_0.95_1.69.png,train_core,/sda/home/wangyuxin/ConvIR-B/runtime_cache/v24_c12_wd0375_teacher/train_core/1908_0.95_1.69.png,40.596622467041016,0.9942793846130371,40.93193817138672,0.9950462579727173,42.43889236450195,0.9953805208206177,1.8422698974609375,0.0011011362075805664
1914_0.81_0.98.png,train_core,/sda/home/wangyuxin/ConvIR-B/runtime_cache/v24_c12_wd0375_teacher/train_core/1914_0.81_0.98.png,44.023319244384766,0.9989013075828552,44.41169357299805,0.9990428686141968,46.7286376953125,0.9991589784622192,2.7053184509277344,0.00025767087936401367
1923_0.81_1.81.png,train_core,/sda/home/wangyuxin/ConvIR-B/runtime_cache/v24_c12_wd0375_teacher/train_core/1923_0.81_1.81.png,41.934226989746094,0.9954267740249634,40.82664108276367,0.9956356287002563,43.75289535522461,0.996361255645752,1.8186683654785156,0.0009344816207885742
1930_0.6_1.26.png,train_core,/sda/home/wangyuxin/ConvIR-B/runtime_cache/v24_c12_wd0375_teacher/train_core/1930_0.6_1.26.png,43.24543380737305,0.9959246516227722,41.25352478027344,0.9957900047302246,45.06265640258789,0.9967459440231323,1.8172225952148438,0.0008212924003601074
1938_0.71_1.33.png,train_core,/sda/home/wangyuxin/ConvIR-B/runtime_cache/v24_c12_wd0375_teacher/train_core/1938_0.71_1.33.png,37.09760284423828,0.9896625280380249,38.18651580810547,0.9938565492630005,40.66529846191406,0.9929348826408386,3.5676956176757812,0.0032723546028137207
1945_0.63_1.7.png,train_core,/sda/home/wangyuxin/ConvIR-B/runtime_cache/v24_c12_wd0375_teacher/train_core/1945_0.63_1.7.png,37.97266387939453,0.993398904800415,38.59721755981445,0.994259238243103,39.316993713378906,0.9946805238723755,1.344329833984375,0.0012816190719604492
1954_0.97_1.98.png,train_core,/sda/home/wangyuxin/ConvIR-B/runtime_cache/v24_c12_wd0375_teacher/train_core/1954_0.97_1.98.png,38.02142333984375,0.993770956993103,35.87220001220703,0.9929829835891724,39.445003509521484,0.9946975708007812,1.4235801696777344,0.0009266138076782227
1960_0.8_0.62.png,train_core,/sda/home/wangyuxin/ConvIR-B/runtime_cache/v24_c12_wd0375_teacher/train_core/1960_0.8_0.62.png,42.955238342285156,0.9984061121940613,40.920013427734375,0.9982477426528931,43.192691802978516,0.9986264109611511,0.23745346069335938,0.00022029876708984375
1968_0.54_0.91.png,train_core,/sda/home/wangyuxin/ConvIR-B/runtime_cache/v24_c12_wd0375_teacher/train_core/1968_0.54_0.91.png,44.46883773803711,0.9986625909805298,41.696258544921875,0.9981515407562256,45.00197982788086,0.9988100528717041,0.53314208984375,0.0001474618911743164
1976_0.53_0.82.png,train_core,/sda/home/wangyuxin/ConvIR-B/runtime_cache/v24_c12_wd0375_teacher/train_core/1976_0.53_0.82.png,45.72517395019531,0.99882972240448,42.91215896606445,0.998429000377655,45.76234436035156,0.9989414215087891,0.03717041015625,0.00011169910430908203
1982_0.99_1.89.png,train_core,/sda/home/wangyuxin/ConvIR-B/runtime_cache/v24_c12_wd0375_teacher/train_core/1982_0.99_1.89.png,36.493682861328125,0.9882520437240601,37.07597351074219,0.988275945186615,37.96001434326172,0.9900269508361816,1.4663314819335938,0.001774907112121582
1989_0.63_0.82.png,train_core,/sda/home/wangyuxin/ConvIR-B/runtime_cache/v24_c12_wd0375_teacher/train_core/1989_0.63_0.82.png,43.42613983154297,0.9974716901779175,44.87664031982422,0.9978646039962769,45.11724853515625,0.9979753494262695,1.6911087036132812,0.0005036592483520508
1996_0.77_1.8.png,train_core,/sda/home/wangyuxin/ConvIR-B/runtime_cache/v24_c12_wd0375_teacher/train_core/1996_0.77_1.8.png,39.31538009643555,0.9929364919662476,39.0088005065918,0.9930142164230347,40.859130859375,0.9940764307975769,1.5437507629394531,0.0011399388313293457
2003_0.64_1.33.png,train_core,/sda/home/wangyuxin/ConvIR-B/runtime_cache/v24_c12_wd0375_teacher/train_core/2003_0.64_1.33.png,45.20072937011719,0.9986439943313599,43.84468460083008,0.9983798861503601,46.54524230957031,0.9988729357719421,1.344512939453125,0.0002289414405822754
200_0.88_0.55.png,train_core,/sda/home/wangyuxin/ConvIR-B/runtime_cache/v24_c12_wd0375_teacher/train_core/200_0.88_0.55.png,43.11994552612305,0.9994287490844727,42.67949676513672,0.9991797208786011,44.49469757080078,0.9995527267456055,1.3747520446777344,0.0001239776611328125
2017_0.66_0.86.png,train_core,/sda/home/wangyuxin/ConvIR-B/runtime_cache/v24_c12_wd0375_teacher/train_core/2017_0.66_0.86.png,44.840293884277344,0.9956709146499634,44.71489715576172,0.9968123435974121,45.997032165527344,0.9967271089553833,1.15673828125,0.0010561943054199219
2024_0.99_1.36.png,train_core,/sda/home/wangyuxin/ConvIR-B/runtime_cache/v24_c12_wd0375_teacher/train_core/2024_0.99_1.36.png,38.32901382446289,0.995306670665741,39.50413513183594,0.9952551126480103,40.32233810424805,0.9963051676750183,1.9933242797851562,0.0009984970092773438
2031_0.78_1.8.png,train_core,/sda/home/wangyuxin/ConvIR-B/runtime_cache/v24_c12_wd0375_teacher/train_core/2031_0.78_1.8.png,40.71958923339844,0.9939041137695312,38.86149215698242,0.9931778907775879,41.73443603515625,0.9946427345275879,1.0148468017578125,0.0007386207580566406
2041_1.0_1.84.png,train_core,/sda/home/wangyuxin/ConvIR-B/runtime_cache/v24_c12_wd0375_teacher/train_core/2041_1.0_1.84.png,35.39280319213867,0.9876706600189209,35.00778579711914,0.9875744581222534,37.19103240966797,0.9899808764457703,1.7982292175292969,0.0023102164268493652
2049_0.54_1.16.png,train_core,/sda/home/wangyuxin/ConvIR-B/runtime_cache/v24_c12_wd0375_teacher/train_core/2049_0.54_1.16.png,41.29204559326172,0.9978195428848267,38.77363967895508,0.9975385069847107,40.89635467529297,0.9981507062911987,-0.39569091796875,0.0003311634063720703
2057_0.86_0.85.png,train_core,/sda/home/wangyuxin/ConvIR-B/runtime_cache/v24_c12_wd0375_teacher/train_core/2057_0.86_0.85.png,42.247779846191406,0.997200608253479,41.23212814331055,0.9972790479660034,43.25947189331055,0.9977365732192993,1.0116920471191406,0.0005359649658203125
2063_0.76_1.8.png,train_core,/sda/home/wangyuxin/ConvIR-B/runtime_cache/v24_c12_wd0375_teacher/train_core/2063_0.76_1.8.png,41.29751205444336,0.9946955442428589,41.978004455566406,0.9948465824127197,42.40290832519531,0.9955861568450928,1.1053962707519531,0.0008906126022338867
206_0.61_1.6.png,train_core,/sda/home/wangyuxin/ConvIR-B/runtime_cache/v24_c12_wd0375_teacher/train_core/206_0.61_1.6.png,39.91301345825195,0.9943885803222656,39.994441986083984,0.9960553050041199,42.269371032714844,0.9960870742797852,2.3563575744628906,0.0016984939575195312
2079_0.62_1.17.png,train_core,/sda/home/wangyuxin/ConvIR-B/runtime_cache/v24_c12_wd0375_teacher/train_core/2079_0.62_1.17.png,41.65205001831055,0.9976112842559814,41.21100616455078,0.997188925743103,42.97642517089844,0.9979678392410278,1.3243751525878906,0.0003565549850463867
2087_0.72_1.14.png,train_core,/sda/home/wangyuxin/ConvIR-B/runtime_cache/v24_c12_wd0375_teacher/train_core/2087_0.72_1.14.png,44.20509338378906,0.9952830076217651,43.39616394042969,0.9958453178405762,45.541717529296875,0.9962581396102905,1.3366241455078125,0.0009751319885253906
2093_0.79_1.1.png,train_core,/sda/home/wangyuxin/ConvIR-B/runtime_cache/v24_c12_wd0375_teacher/train_core/2093_0.79_1.1.png,43.881893157958984,0.9966859817504883,41.685516357421875,0.995721697807312,44.45415115356445,0.9970663785934448,0.5722579956054688,0.00038039684295654297
2100_0.76_0.76.png,train_core,/sda/home/wangyuxin/ConvIR-B/runtime_cache/v24_c12_wd0375_teacher/train_core/2100_0.76_0.76.png,44.694217681884766,0.9981524348258972,44.23743438720703,0.9983164668083191,45.576568603515625,0.9985185861587524,0.8823509216308594,0.0003661513328552246
2107_0.67_0.57.png,train_core,/sda/home/wangyuxin/ConvIR-B/runtime_cache/v24_c12_wd0375_teacher/train_core/2107_0.67_0.57.png,45.66642761230469,0.9989797472953796,42.959869384765625,0.9988684058189392,46.826385498046875,0.9991440773010254,1.1599578857421875,0.00016433000564575195
2114_0.9_1.51.png,train_core,/sda/home/wangyuxin/ConvIR-B/runtime_cache/v24_c12_wd0375_teacher/train_core/2114_0.9_1.51.png,39.131961822509766,0.9949835538864136,37.9001579284668,0.9953978061676025,40.42436218261719,0.9959867000579834,1.2924003601074219,0.0010031461715698242
2120_0.93_1.24.png,train_core,/sda/home/wangyuxin/ConvIR-B/runtime_cache/v24_c12_wd0375_teacher/train_core/2120_0.93_1.24.png,38.07861328125,0.9957436919212341,38.10832977294922,0.9961446523666382,39.444698333740234,0.9966583251953125,1.3660850524902344,0.0009146332740783691
2128_0.85_1.82.png,train_core,/sda/home/wangyuxin/ConvIR-B/runtime_cache/v24_c12_wd0375_teacher/train_core/2128_0.85_1.82.png,36.72063064575195,0.9956139922142029,37.45866394042969,0.9953523874282837,39.084495544433594,0.9963315725326538,2.3638648986816406,0.0007175803184509277
2136_0.94_1.28.png,train_core,/sda/home/wangyuxin/ConvIR-B/runtime_cache/v24_c12_wd0375_teacher/train_core/2136_0.94_1.28.png,39.60658645629883,0.9964985847473145,39.140045166015625,0.9961684942245483,40.76695251464844,0.9969810247421265,1.1603660583496094,0.0004824399948120117
2143_0.57_0.65.png,train_core,/sda/home/wangyuxin/ConvIR-B/runtime_cache/v24_c12_wd0375_teacher/train_core/2143_0.57_0.65.png,45.38148498535156,0.9988507032394409,46.48283386230469,0.9990867376327515,47.4074592590332,0.9991723895072937,2.0259742736816406,0.0003216862678527832
214_0.82_1.6.png,train_core,/sda/home/wangyuxin/ConvIR-B/runtime_cache/v24_c12_wd0375_teacher/train_core/214_0.82_1.6.png,38.96704864501953,0.9946319460868835,39.892608642578125,0.9952117800712585,41.09046173095703,0.995935320854187,2.1234130859375,0.0013033747673034668
2158_0.93_1.48.png,train_core,/sda/home/wangyuxin/ConvIR-B/runtime_cache/v24_c12_wd0375_teacher/train_core/2158_0.93_1.48.png,38.12255096435547,0.9945210218429565,37.962974548339844,0.9953813552856445,39.82691955566406,0.9957094192504883,1.7043685913085938,0.0011883974075317383
2167_0.55_0.91.png,train_core,/sda/home/wangyuxin/ConvIR-B/runtime_cache/v24_c12_wd0375_teacher/train_core/2167_0.55_0.91.png,42.63764953613281,0.9947532415390015,37.780914306640625,0.9938523769378662,43.413169860839844,0.9952915906906128,0.7755203247070312,0.0005383491516113281
2176_0.54_1.82.png,train_core,/sda/home/wangyuxin/ConvIR-B/runtime_cache/v24_c12_wd0375_teacher/train_core/2176_0.54_1.82.png,39.788330078125,0.9962203502655029,40.699954986572266,0.9968259334564209,41.36937713623047,0.9971691966056824,1.5810470581054688,0.0009488463401794434
2182_0.83_1.85.png,train_core,/sda/home/wangyuxin/ConvIR-B/runtime_cache/v24_c12_wd0375_teacher/train_core/2182_0.83_1.85.png,40.969154357910156,0.9951847791671753,38.406986236572266,0.9928032755851746,42.60154342651367,0.9953576922416687,1.6323890686035156,0.0001729130744934082
2192_0.68_1.84.png,train_core,/sda/home/wangyuxin/ConvIR-B/runtime_cache/v24_c12_wd0375_teacher/train_core/2192_0.68_1.84.png,38.95391082763672,0.9963263273239136,38.889163970947266,0.996029257774353,40.22598648071289,0.9969549179077148,1.2720756530761719,0.0006285905838012695
2201_0.93_0.8.png,train_core,/sda/home/wangyuxin/ConvIR-B/runtime_cache/v24_c12_wd0375_teacher/train_core/2201_0.93_0.8.png,41.382225036621094,0.9938448667526245,40.254058837890625,0.9961588382720947,41.62476348876953,0.9952465295791626,0.2425384521484375,0.001401662826538086
2209_0.83_1.05.png,train_core,/sda/home/wangyuxin/ConvIR-B/runtime_cache/v24_c12_wd0375_teacher/train_core/2209_0.83_1.05.png,42.6084098815918,0.9973809123039246,41.53788757324219,0.9971717596054077,44.22548294067383,0.9978052377700806,1.6170730590820312,0.00042432546615600586
2217_0.57_1.84.png,train_core,/sda/home/wangyuxin/ConvIR-B/runtime_cache/v24_c12_wd0375_teacher/train_core/2217_0.57_1.84.png,47.30358123779297,0.9932872653007507,44.27336883544922,0.9954099059104919,47.224693298339844,0.9950999617576599,-0.078887939453125,0.0018126964569091797
2227_0.88_1.42.png,train_core,/sda/home/wangyuxin/ConvIR-B/runtime_cache/v24_c12_wd0375_teacher/train_core/2227_0.88_1.42.png,46.95124816894531,0.9888194799423218,46.365570068359375,0.992301881313324,47.78456115722656,0.9920284152030945,0.83331298828125,0.003208935260772705
2234_0.76_1.1.png,train_core,/sda/home/wangyuxin/ConvIR-B/runtime_cache/v24_c12_wd0375_teacher/train_core/2234_0.76_1.1.png,45.71273422241211,0.9945380687713623,43.909278869628906,0.9958238005638123,46.28169250488281,0.9958133697509766,0.5689582824707031,0.0012753009796142578
2241_0.69_1.9.png,train_core,/sda/home/wangyuxin/ConvIR-B/runtime_cache/v24_c12_wd0375_teacher/train_core/2241_0.69_1.9.png,42.522438049316406,0.9891071319580078,40.254058837890625,0.9922267198562622,43.0460319519043,0.9919477701187134,0.5235939025878906,0.0028406381607055664
2249_0.83_0.77.png,train_core,/sda/home/wangyuxin/ConvIR-B/runtime_cache/v24_c12_wd0375_teacher/train_core/2249_0.83_0.77.png,43.764957427978516,0.9972302317619324,40.90725326538086,0.9962234497070312,43.86717987060547,0.9976264238357544,0.10222244262695312,0.0003961920738220215
2255_0.54_0.94.png,train_core,/sda/home/wangyuxin/ConvIR-B/runtime_cache/v24_c12_wd0375_teacher/train_core/2255_0.54_0.94.png,46.13766098022461,0.9991037249565125,44.817806243896484,0.9989914894104004,46.69856643676758,0.9992729425430298,0.5609054565429688,0.00016921758651733398
2262_0.79_1.73.png,train_core,/sda/home/wangyuxin/ConvIR-B/runtime_cache/v24_c12_wd0375_teacher/train_core/2262_0.79_1.73.png,42.52442169189453,0.9849428534507751,41.60353088378906,0.9881634712219238,43.14096450805664,0.9885724782943726,0.6165428161621094,0.003629624843597412
226_0.56_0.7.png,train_core,/sda/home/wangyuxin/ConvIR-B/runtime_cache/v24_c12_wd0375_teacher/train_core/226_0.56_0.7.png,42.12138366699219,0.9974355697631836,44.18708419799805,0.9985233545303345,44.83808898925781,0.998473048210144,2.716705322265625,0.0010374784469604492
2276_0.77_1.55.png,train_core,/sda/home/wangyuxin/ConvIR-B/runtime_cache/v24_c12_wd0375_teacher/train_core/2276_0.77_1.55.png,42.13941192626953,0.9964109659194946,40.384727478027344,0.9957208633422852,43.366188049316406,0.996868371963501,1.226776123046875,0.00045740604400634766
2282_0.93_1.05.png,train_core,/sda/home/wangyuxin/ConvIR-B/runtime_cache/v24_c12_wd0375_teacher/train_core/2282_0.93_1.05.png,45.268192291259766,0.9948840141296387,44.07688903808594,0.9960507750511169,46.516212463378906,0.9962863326072693,1.2480201721191406,0.0014023184776306152
228_0.81_0.73.png,train_core,/sda/home/wangyuxin/ConvIR-B/runtime_cache/v24_c12_wd0375_teacher/train_core/228_0.81_0.73.png,41.61662673950195,0.9963390827178955,42.52683639526367,0.9980729818344116,43.17369842529297,0.997671365737915,1.5570716857910156,0.0013322830200195312
2297_0.82_1.01.png,train_core,/sda/home/wangyuxin/ConvIR-B/runtime_cache/v24_c12_wd0375_teacher/train_core/2297_0.82_1.01.png,43.492427825927734,0.9980082511901855,42.54424285888672,0.9978002309799194,43.818695068359375,0.998185396194458,0.3262672424316406,0.00017714500427246094
2303_0.52_1.19.png,train_core,/sda/home/wangyuxin/ConvIR-B/runtime_cache/v24_c12_wd0375_teacher/train_core/2303_0.52_1.19.png,46.24671173095703,0.9987496137619019,43.865055084228516,0.9983543157577515,47.101837158203125,0.9988536238670349,0.8551254272460938,0.00010401010513305664
2312_0.83_1.96.png,train_core,/sda/home/wangyuxin/ConvIR-B/runtime_cache/v24_c12_wd0375_teacher/train_core/2312_0.83_1.96.png,35.06778335571289,0.9950058460235596,36.850440979003906,0.9949345588684082,36.658607482910156,0.9959253072738647,1.5908241271972656,0.0009194612503051758
231_0.77_0.73.png,train_core,/sda/home/wangyuxin/ConvIR-B/runtime_cache/v24_c12_wd0375_teacher/train_core/231_0.77_0.73.png,41.70551681518555,0.9982682466506958,42.88947677612305,0.9982184171676636,44.043087005615234,0.9988459348678589,2.3375701904296875,0.0005776882171630859
2328_0.86_1.07.png,train_core,/sda/home/wangyuxin/ConvIR-B/runtime_cache/v24_c12_wd0375_teacher/train_core/2328_0.86_1.07.png,44.81795883178711,0.9982982873916626,42.26199722290039,0.9975242614746094,45.766578674316406,0.9983388781547546,0.9486198425292969,4.0590763092041016e-05
2334_0.56_0.79.png,train_core,/sda/home/wangyuxin/ConvIR-B/runtime_cache/v24_c12_wd0375_teacher/train_core/2334_0.56_0.79.png,43.025177001953125,0.9983282089233398,44.533363342285156,0.9980115294456482,44.97097396850586,0.9985661506652832,1.9457969665527344,0.00023794174194335938
2344_0.82_1.64.png,train_core,/sda/home/wangyuxin/ConvIR-B/runtime_cache/v24_c12_wd0375_teacher/train_core/2344_0.82_1.64.png,41.061561584472656,0.9954209327697754,39.64922332763672,0.9949740767478943,41.6666259765625,0.9960724711418152,0.6050643920898438,0.0006515383720397949
2351_0.65_0.57.png,train_core,/sda/home/wangyuxin/ConvIR-B/runtime_cache/v24_c12_wd0375_teacher/train_core/2351_0.65_0.57.png,47.89408874511719,0.9990002512931824,45.00791549682617,0.9988006949424744,48.39008712768555,0.9991272687911987,0.4959983825683594,0.00012701749801635742
2358_0.78_1.5.png,train_core,/sda/home/wangyuxin/ConvIR-B/runtime_cache/v24_c12_wd0375_teacher/train_core/2358_0.78_1.5.png,44.42485427856445,0.9974457025527954,42.16606521606445,0.9970952868461609,45.03351593017578,0.9977989196777344,0.6086616516113281,0.00035321712493896484
2364_0.67_1.98.png,train_core,/sda/home/wangyuxin/ConvIR-B/runtime_cache/v24_c12_wd0375_teacher/train_core/2364_0.67_1.98.png,38.259666442871094,0.9959545135498047,41.55409240722656,0.9962406158447266,40.162437438964844,0.9967262148857117,1.90277099609375,0.0007717013359069824
2371_0.69_1.5.png,train_core,/sda/home/wangyuxin/ConvIR-B/runtime_cache/v24_c12_wd0375_teacher/train_core/2371_0.69_1.5.png,38.75932312011719,0.9944485425949097,41.14451599121094,0.9960634112358093,42.74923324584961,0.9961339235305786,3.989910125732422,0.0016853809356689453
237_0.62_1.11.png,train_core,/sda/home/wangyuxin/ConvIR-B/runtime_cache/v24_c12_wd0375_teacher/train_core/237_0.62_1.11.png,37.16024398803711,0.9969853758811951,42.9225959777832,0.9977604150772095,40.697227478027344,0.9980902671813965,3.5369834899902344,0.001104891300201416
2388_0.93_0.77.png,train_core,/sda/home/wangyuxin/ConvIR-B/runtime_cache/v24_c12_wd0375_teacher/train_core/2388_0.93_0.77.png,44.16339874267578,0.9988576173782349,42.03607177734375,0.9986180663108826,44.652626037597656,0.998991847038269,0.489227294921875,0.0001342296600341797
2396_0.69_0.73.png,train_core,/sda/home/wangyuxin/ConvIR-B/runtime_cache/v24_c12_wd0375_teacher/train_core/2396_0.69_0.73.png,45.964630126953125,0.9984915256500244,40.140960693359375,0.9970231056213379,45.38395309448242,0.9986874461174011,-0.5806770324707031,0.00019592046737670898
2403_0.79_0.99.png,train_core,/sda/home/wangyuxin/ConvIR-B/runtime_cache/v24_c12_wd0375_teacher/train_core/2403_0.79_0.99.png,40.41856384277344,0.9973921775817871,44.43671417236328,0.9984066486358643,42.678993225097656,0.9982225894927979,2.2604293823242188,0.0008304119110107422
2412_0.68_1.7.png,train_core,/sda/home/wangyuxin/ConvIR-B/runtime_cache/v24_c12_wd0375_teacher/train_core/2412_0.68_1.7.png,42.55424118041992,0.9963838458061218,40.07301330566406,0.9964749813079834,43.26112747192383,0.9970754384994507,0.7068862915039062,0.0006915926933288574
2419_0.95_0.73.png,train_core,/sda/home/wangyuxin/ConvIR-B/runtime_cache/v24_c12_wd0375_teacher/train_core/2419_0.95_0.73.png,42.6738395690918,0.9976750612258911,41.14944839477539,0.9975771903991699,43.52275085449219,0.9979863166809082,0.8489112854003906,0.00031125545501708984
2428_0.56_1.84.png,train_core,/sda/home/wangyuxin/ConvIR-B/runtime_cache/v24_c12_wd0375_teacher/train_core/2428_0.56_1.84.png,42.56810760498047,0.9968061447143555,38.95399475097656,0.9964175224304199,42.646820068359375,0.9974009990692139,0.07871246337890625,0.0005948543548583984
2437_0.64_0.7.png,train_core,/sda/home/wangyuxin/ConvIR-B/runtime_cache/v24_c12_wd0375_teacher/train_core/2437_0.64_0.7.png,46.737064361572266,0.9980062246322632,45.766387939453125,0.998051106929779,47.31183624267578,0.9983969926834106,0.5747718811035156,0.00039076805114746094
2443_0.79_0.92.png,train_core,/sda/home/wangyuxin/ConvIR-B/runtime_cache/v24_c12_wd0375_teacher/train_core/2443_0.79_0.92.png,44.524417877197266,0.9974892139434814,43.42673873901367,0.9975594878196716,45.40481185913086,0.9980602264404297,0.8803939819335938,0.0005710124969482422
2450_0.51_0.64.png,train_core,/sda/home/wangyuxin/ConvIR-B/runtime_cache/v24_c12_wd0375_teacher/train_core/2450_0.51_0.64.png,47.35714340209961,0.9983422756195068,46.94999694824219,0.9987574815750122,48.28273010253906,0.9987863302230835,0.9255867004394531,0.00044405460357666016
2457_0.53_1.85.png,train_core,/sda/home/wangyuxin/ConvIR-B/runtime_cache/v24_c12_wd0375_teacher/train_core/2457_0.53_1.85.png,42.587493896484375,0.9956647753715515,39.870418548583984,0.9945874214172363,43.54773712158203,0.9961708784103394,0.9602432250976562,0.0005061030387878418
2463_0.85_1.05.png,train_core,/sda/home/wangyuxin/ConvIR-B/runtime_cache/v24_c12_wd0375_teacher/train_core/2463_0.85_1.05.png,44.2424201965332,0.9987842440605164,42.241493225097656,0.9986238479614258,44.765811920166016,0.9989292025566101,0.5233917236328125,0.00014495849609375
2470_0.7_1.38.png,train_core,/sda/home/wangyuxin/ConvIR-B/runtime_cache/v24_c12_wd0375_teacher/train_core/2470_0.7_1.38.png,47.28230285644531,0.9927451014518738,46.63711929321289,0.9945226907730103,48.39686965942383,0.994796633720398,1.1145668029785156,0.00205153226852417
2477_0.71_1.89.png,train_core,/sda/home/wangyuxin/ConvIR-B/runtime_cache/v24_c12_wd0375_teacher/train_core/2477_0.71_1.89.png,40.6820068359375,0.9936555624008179,40.32365798950195,0.9949262142181396,41.98345947265625,0.9953283667564392,1.30145263671875,0.0016728043556213379
2483_0.82_1.17.png,train_core,/sda/home/wangyuxin/ConvIR-B/runtime_cache/v24_c12_wd0375_teacher/train_core/2483_0.82_1.17.png,39.37691879272461,0.9970040321350098,38.99419403076172,0.9967753291130066,40.12216567993164,0.9974884986877441,0.7452468872070312,0.000484466552734375
2490_0.71_1.73.png,train_core,/sda/home/wangyuxin/ConvIR-B/runtime_cache/v24_c12_wd0375_teacher/train_core/2490_0.71_1.73.png,37.89971160888672,0.9920441508293152,37.44676971435547,0.9926523566246033,38.84112548828125,0.9935032725334167,0.9414138793945312,0.0014591217041015625
2498_0.54_1.1.png,train_core,/sda/home/wangyuxin/ConvIR-B/runtime_cache/v24_c12_wd0375_teacher/train_core/2498_0.54_1.1.png,44.878753662109375,0.9981135129928589,44.91880416870117,0.9979091882705688,46.02509307861328,0.9983474612236023,1.1463394165039062,0.0002339482307434082
2503_1.0_0.68.png,train_core,/sda/home/wangyuxin/ConvIR-B/runtime_cache/v24_c12_wd0375_teacher/train_core/2503_1.0_0.68.png,43.59693145751953,0.9979243278503418,43.538917541503906,0.9979528784751892,44.38137435913086,0.9981725215911865,0.7844429016113281,0.00024819374084472656
250_0.94_1.08.png,train_core,/sda/home/wangyuxin/ConvIR-B/runtime_cache/v24_c12_wd0375_teacher/train_core/250_0.94_1.08.png,39.6049690246582,0.9959365129470825,41.399314880371094,0.9964251518249512,41.61711120605469,0.997115969657898,2.0121421813964844,0.0011794567108154297
2517_0.94_1.24.png,train_core,/sda/home/wangyuxin/ConvIR-B/runtime_cache/v24_c12_wd0375_teacher/train_core/2517_0.94_1.24.png,41.33621597290039,0.9969467520713806,40.984439849853516,0.9968252182006836,42.358360290527344,0.9973791837692261,1.0221443176269531,0.000432431697845459
2523_0.52_1.93.png,train_core,/sda/home/wangyuxin/ConvIR-B/runtime_cache/v24_c12_wd0375_teacher/train_core/2523_0.52_1.93.png,37.89241027832031,0.9949603080749512,36.10301208496094,0.9944760203361511,37.92881774902344,0.9955675601959229,0.036407470703125,0.0006072521209716797
2531_0.93_0.69.png,train_core,/sda/home/wangyuxin/ConvIR-B/runtime_cache/v24_c12_wd0375_teacher/train_core/2531_0.93_0.69.png,46.464866638183594,0.9974697828292847,44.179134368896484,0.9975497722625732,47.87862777709961,0.9981667399406433,1.4137611389160156,0.0006969571113586426
2539_0.87_1.96.png,train_core,/sda/home/wangyuxin/ConvIR-B/runtime_cache/v24_c12_wd0375_teacher/train_core/2539_0.87_1.96.png,38.71867370605469,0.9906603097915649,38.269325256347656,0.991187334060669,39.6087760925293,0.9923639297485352,0.8901023864746094,0.0017036199569702148
2545_0.54_1.41.png,train_core,/sda/home/wangyuxin/ConvIR-B/runtime_cache/v24_c12_wd0375_teacher/train_core/2545_0.54_1.41.png,44.333580017089844,0.9977678060531616,45.32172775268555,0.997830867767334,45.690914154052734,0.9981750845909119,1.3573341369628906,0.00040727853775024414
2552_0.55_0.61.png,train_core,/sda/home/wangyuxin/ConvIR-B/runtime_cache/v24_c12_wd0375_teacher/train_core/2552_0.55_0.61.png,47.370418548583984,0.9985268115997314,45.42274856567383,0.9984384775161743,47.38247299194336,0.998848557472229,0.012054443359375,0.0003217458724975586
2559_0.81_1.96.png,train_core,/sda/home/wangyuxin/ConvIR-B/runtime_cache/v24_c12_wd0375_teacher/train_core/2559_0.81_1.96.png,40.15142059326172,0.9900792837142944,39.23750305175781,0.992516040802002,40.40166473388672,0.992693305015564,0.250244140625,0.0026140213012695312
2567_0.52_1.05.png,train_core,/sda/home/wangyuxin/ConvIR-B/runtime_cache/v24_c12_wd0375_teacher/train_core/2567_0.52_1.05.png,46.28631591796875,0.997349202632904,46.42511749267578,0.9978467226028442,47.67359161376953,0.9979888200759888,1.3872756958007812,0.0006396174430847168
2573_0.84_1.04.png,train_core,/sda/home/wangyuxin/ConvIR-B/runtime_cache/v24_c12_wd0375_teacher/train_core/2573_0.84_1.04.png,41.935001373291016,0.9954378008842468,43.137306213378906,0.9958721399307251,44.522518157958984,0.9964871406555176,2.5875167846679688,0.001049339771270752
257_0.75_0.54.png,train_core,/sda/home/wangyuxin/ConvIR-B/runtime_cache/v24_c12_wd0375_teacher/train_core/257_0.75_0.54.png,33.229984283447266,0.9956216216087341,45.83902359008789,0.9989854693412781,37.37175750732422,0.9980165958404541,4.141773223876953,0.0023949742317199707
2586_0.65_1.77.png,train_core,/sda/home/wangyuxin/ConvIR-B/runtime_cache/v24_c12_wd0375_teacher/train_core/2586_0.65_1.77.png,43.46043014526367,0.9956196546554565,44.59109878540039,0.996373176574707,44.483394622802734,0.99662184715271,1.0229644775390625,0.001002192497253418
2592_0.73_0.67.png,train_core,/sda/home/wangyuxin/ConvIR-B/runtime_cache/v24_c12_wd0375_teacher/train_core/2592_0.73_0.67.png,46.86306381225586,0.9966034889221191,45.947479248046875,0.9971029162406921,47.75074005126953,0.9974266886711121,0.8876762390136719,0.0008231997489929199
2599_0.94_1.0.png,train_core,/sda/home/wangyuxin/ConvIR-B/runtime_cache/v24_c12_wd0375_teacher/train_core/2599_0.94_1.0.png,49.119728088378906,0.9982175827026367,46.146270751953125,0.9974291324615479,49.732322692871094,0.9984762072563171,0.6125946044921875,0.0002586245536804199
2605_0.59_0.7.png,train_core,/sda/home/wangyuxin/ConvIR-B/runtime_cache/v24_c12_wd0375_teacher/train_core/2605_0.59_0.7.png,46.163902282714844,0.9974521994590759,46.082645416259766,0.9976202249526978,47.557621002197266,0.997985303401947,1.3937187194824219,0.0005331039428710938
2614_0.55_0.63.png,train_core,/sda/home/wangyuxin/ConvIR-B/runtime_cache/v24_c12_wd0375_teacher/train_core/2614_0.55_0.63.png,49.3040771484375,0.9965755939483643,48.91819763183594,0.9977442026138306,50.10867691040039,0.997614324092865,0.8045997619628906,0.0010387301445007324
2620_0.76_1.26.png,train_core,/sda/home/wangyuxin/ConvIR-B/runtime_cache/v24_c12_wd0375_teacher/train_core/2620_0.76_1.26.png,42.77611541748047,0.9963876605033875,43.31272506713867,0.9964510798454285,44.18065643310547,0.9970812797546387,1.404541015625,0.0006936192512512207
2627_0.78_1.93.png,train_core,/sda/home/wangyuxin/ConvIR-B/runtime_cache/v24_c12_wd0375_teacher/train_core/2627_0.78_1.93.png,41.14101791381836,0.9973115921020508,40.29499435424805,0.9971455335617065,42.83818817138672,0.9977376461029053,1.6971702575683594,0.0004260540008544922
2633_0.63_0.74.png,train_core,/sda/home/wangyuxin/ConvIR-B/runtime_cache/v24_c12_wd0375_teacher/train_core/2633_0.63_0.74.png,45.66659927368164,0.9991449117660522,45.42427444458008,0.9991180300712585,46.87190246582031,0.9992938041687012,1.2053031921386719,0.00014889240264892578
2640_0.7_1.13.png,train_core,/sda/home/wangyuxin/ConvIR-B/runtime_cache/v24_c12_wd0375_teacher/train_core/2640_0.7_1.13.png,46.884986877441406,0.9986714720726013,43.01435089111328,0.9983075857162476,47.12034225463867,0.9988299608230591,0.23535537719726562,0.00015848875045776367
2649_0.59_0.63.png,train_core,/sda/home/wangyuxin/ConvIR-B/runtime_cache/v24_c12_wd0375_teacher/train_core/2649_0.59_0.63.png,46.908653259277344,0.9994105100631714,47.21287536621094,0.9993295669555664,49.08894348144531,0.9995324015617371,2.1802902221679688,0.00012189149856567383
2656_0.85_0.67.png,train_core,/sda/home/wangyuxin/ConvIR-B/runtime_cache/v24_c12_wd0375_teacher/train_core/2656_0.85_0.67.png,46.4088134765625,0.998165488243103,44.96122360229492,0.9981991648674011,48.31995391845703,0.998673141002655,1.9111404418945312,0.000507652759552002
2663_0.54_1.88.png,train_core,/sda/home/wangyuxin/ConvIR-B/runtime_cache/v24_c12_wd0375_teacher/train_core/2663_0.54_1.88.png,41.02604675292969,0.9957594871520996,40.92286682128906,0.9961304664611816,41.75908660888672,0.9966594576835632,0.7330398559570312,0.000899970531463623
266_0.78_1.16.png,train_core,/sda/home/wangyuxin/ConvIR-B/runtime_cache/v24_c12_wd0375_teacher/train_core/266_0.78_1.16.png,32.1250114440918,0.9958986043930054,42.80859375,0.9974138736724854,36.65145492553711,0.9975804686546326,4.5264434814453125,0.0016818642616271973
2678_0.66_1.48.png,train_core,/sda/home/wangyuxin/ConvIR-B/runtime_cache/v24_c12_wd0375_teacher/train_core/2678_0.66_1.48.png,44.043067932128906,0.9975840449333191,42.11004638671875,0.9973275065422058,44.92774200439453,0.9979392886161804,0.884674072265625,0.0003552436828613281
2686_0.69_1.44.png,train_core,/sda/home/wangyuxin/ConvIR-B/runtime_cache/v24_c12_wd0375_teacher/train_core/2686_0.69_1.44.png,41.537208557128906,0.995940625667572,40.856727600097656,0.9958640933036804,42.49671936035156,0.996489942073822,0.9595108032226562,0.00054931640625
2693_0.69_0.91.png,train_core,/sda/home/wangyuxin/ConvIR-B/runtime_cache/v24_c12_wd0375_teacher/train_core/2693_0.69_0.91.png,47.93537521362305,0.9976083636283875,47.0411376953125,0.9982384443283081,48.732261657714844,0.9983593225479126,0.7968864440917969,0.0007509589195251465
269_0.6_1.75.png,train_core,/sda/home/wangyuxin/ConvIR-B/runtime_cache/v24_c12_wd0375_teacher/train_core/269_0.6_1.75.png,37.24903106689453,0.9970192909240723,40.52644348144531,0.9958124160766602,41.09956359863281,0.9979075789451599,3.8505325317382812,0.0008882880210876465
2706_0.75_1.9.png,train_core,/sda/home/wangyuxin/ConvIR-B/runtime_cache/v24_c12_wd0375_teacher/train_core/2706_0.75_1.9.png,44.429264068603516,0.9856033325195312,44.64410400390625,0.9908508062362671,45.5965576171875,0.9898886680603027,1.1672935485839844,0.004285335540771484
2712_0.65_1.83.png,train_core,/sda/home/wangyuxin/ConvIR-B/runtime_cache/v24_c12_wd0375_teacher/train_core/2712_0.65_1.83.png,43.897918701171875,0.9902515411376953,43.448204040527344,0.9928135871887207,44.37312316894531,0.9927908182144165,0.4752044677734375,0.0025392770767211914
271_0.75_1.92.png,train_core,/sda/home/wangyuxin/ConvIR-B/runtime_cache/v24_c12_wd0375_teacher/train_core/271_0.75_1.92.png,33.62607955932617,0.9941563606262207,40.505096435546875,0.9948065280914307,36.52832794189453,0.9958463907241821,2.9022483825683594,0.0016900300979614258
2727_0.84_0.56.png,train_core,/sda/home/wangyuxin/ConvIR-B/runtime_cache/v24_c12_wd0375_teacher/train_core/2727_0.84_0.56.png,47.340293884277344,0.9977865219116211,43.71057891845703,0.9980084300041199,46.88957595825195,0.9982852339744568,-0.4507179260253906,0.0004987120628356934
2734_0.94_0.69.png,train_core,/sda/home/wangyuxin/ConvIR-B/runtime_cache/v24_c12_wd0375_teacher/train_core/2734_0.94_0.69.png,44.464256286621094,0.9956623315811157,42.452064514160156,0.9961851835250854,45.10060119628906,0.9966303110122681,0.6363449096679688,0.0009679794311523438
2741_0.63_1.66.png,train_core,/sda/home/wangyuxin/ConvIR-B/runtime_cache/v24_c12_wd0375_teacher/train_core/2741_0.63_1.66.png,41.61614227294922,0.9952854514122009,39.97437286376953,0.9935393333435059,42.24290466308594,0.9956947565078735,0.6267623901367188,0.0004093050956726074
2749_0.89_1.8.png,train_core,/sda/home/wangyuxin/ConvIR-B/runtime_cache/v24_c12_wd0375_teacher/train_core/2749_0.89_1.8.png,41.76523208618164,0.9969670176506042,38.08811950683594,0.9958528876304626,42.141624450683594,0.9973717927932739,0.3763923645019531,0.00040477514266967773
2756_0.92_1.11.png,train_core,/sda/home/wangyuxin/ConvIR-B/runtime_cache/v24_c12_wd0375_teacher/train_core/2756_0.92_1.11.png,41.86846923828125,0.9980279803276062,39.35725021362305,0.9972698092460632,42.42313766479492,0.9981491565704346,0.5546684265136719,0.00012117624282836914
2762_0.59_1.16.png,train_core,/sda/home/wangyuxin/ConvIR-B/runtime_cache/v24_c12_wd0375_teacher/train_core/2762_0.59_1.16.png,43.4447135925293,0.9982551336288452,41.39665603637695,0.9973869323730469,45.439334869384766,0.998435914516449,1.9946212768554688,0.00018078088760375977
2770_0.77_1.63.png,train_core,/sda/home/wangyuxin/ConvIR-B/runtime_cache/v24_c12_wd0375_teacher/train_core/2770_0.77_1.63.png,42.803157806396484,0.9979140758514404,41.90876007080078,0.9975000619888306,44.44004440307617,0.998142421245575,1.6368865966796875,0.00022834539413452148
2777_0.92_1.3.png,train_core,/sda/home/wangyuxin/ConvIR-B/runtime_cache/v24_c12_wd0375_teacher/train_core/2777_0.92_1.3.png,39.10690689086914,0.9887200593948364,37.81878662109375,0.9877707958221436,39.354652404785156,0.9893779754638672,0.24774551391601562,0.0006579160690307617
2784_0.56_0.55.png,train_core,/sda/home/wangyuxin/ConvIR-B/runtime_cache/v24_c12_wd0375_teacher/train_core/2784_0.56_0.55.png,47.67560577392578,0.9989513158798218,46.765716552734375,0.9986900091171265,48.4908332824707,0.9991490244865417,0.8152275085449219,0.0001977086067199707
2792_0.52_0.69.png,train_core,/sda/home/wangyuxin/ConvIR-B/runtime_cache/v24_c12_wd0375_teacher/train_core/2792_0.52_0.69.png,49.25860595703125,0.996910572052002,49.43118667602539,0.9976948499679565,50.041839599609375,0.9978541135787964,0.783233642578125,0.0009435415267944336
2799_0.58_0.59.png,train_core,/sda/home/wangyuxin/ConvIR-B/runtime_cache/v24_c12_wd0375_teacher/train_core/2799_0.58_0.59.png,46.25686264038086,0.9991929531097412,43.710968017578125,0.9987987875938416,47.45520782470703,0.9992321729660034,1.1983451843261719,3.921985626220703e-05
2804_0.51_1.83.png,train_core,/sda/home/wangyuxin/ConvIR-B/runtime_cache/v24_c12_wd0375_teacher/train_core/2804_0.51_1.83.png,39.663482666015625,0.9964981079101562,37.01027297973633,0.9961960315704346,40.68206787109375,0.9972947835922241,1.018585205078125,0.0007966756820678711
2810_0.92_1.07.png,train_core,/sda/home/wangyuxin/ConvIR-B/runtime_cache/v24_c12_wd0375_teacher/train_core/2810_0.92_1.07.png,40.16181564331055,0.9983397722244263,41.4012565612793,0.9983789324760437,42.44991683959961,0.9986770153045654,2.2881011962890625,0.00033724308013916016
2817_0.68_1.71.png,train_core,/sda/home/wangyuxin/ConvIR-B/runtime_cache/v24_c12_wd0375_teacher/train_core/2817_0.68_1.71.png,36.54637145996094,0.9934819936752319,38.88113021850586,0.9937207102775574,39.52191925048828,0.994971752166748,2.9755477905273438,0.0014897584915161133
2825_0.98_0.83.png,train_core,/sda/home/wangyuxin/ConvIR-B/runtime_cache/v24_c12_wd0375_teacher/train_core/2825_0.98_0.83.png,42.50127410888672,0.9953956604003906,40.13670349121094,0.9948050379753113,43.57624435424805,0.9959559440612793,1.0749702453613281,0.0005602836608886719
2833_0.66_0.5.png,train_core,/sda/home/wangyuxin/ConvIR-B/runtime_cache/v24_c12_wd0375_teacher/train_core/2833_0.66_0.5.png,45.85014343261719,0.9988030791282654,44.82908630371094,0.9987074732780457,47.468223571777344,0.999010443687439,1.6180801391601562,0.00020736455917358398
2842_0.9_1.38.png,train_core,/sda/home/wangyuxin/ConvIR-B/runtime_cache/v24_c12_wd0375_teacher/train_core/2842_0.9_1.38.png,39.81526184082031,0.9940840005874634,40.41180419921875,0.9943108558654785,41.83472442626953,0.9953629970550537,2.0194625854492188,0.001278996467590332
284_0.57_0.69.png,train_core,/sda/home/wangyuxin/ConvIR-B/runtime_cache/v24_c12_wd0375_teacher/train_core/284_0.57_0.69.png,38.1845588684082,0.9980434775352478,41.63935089111328,0.9988099932670593,42.98421859741211,0.9988725185394287,4.799659729003906,0.0008290410041809082
2857_0.7_1.15.png,train_core,/sda/home/wangyuxin/ConvIR-B/runtime_cache/v24_c12_wd0375_teacher/train_core/2857_0.7_1.15.png,44.60617446899414,0.9976681470870972,44.43360900878906,0.9975912570953369,46.14874267578125,0.9981445074081421,1.5425682067871094,0.0004763603210449219
2863_0.96_0.62.png,train_core,/sda/home/wangyuxin/ConvIR-B/runtime_cache/v24_c12_wd0375_teacher/train_core/2863_0.96_0.62.png,43.55120849609375,0.9984544515609741,42.35206604003906,0.9982556700706482,43.96409606933594,0.9986202120780945,0.4128875732421875,0.00016576051712036133
2870_0.82_1.39.png,train_core,/sda/home/wangyuxin/ConvIR-B/runtime_cache/v24_c12_wd0375_teacher/train_core/2870_0.82_1.39.png,40.60728073120117,0.997273325920105,36.8167724609375,0.9963744878768921,40.176673889160156,0.9975192546844482,-0.4306068420410156,0.0002459287643432617
2877_0.98_1.2.png,train_core,/sda/home/wangyuxin/ConvIR-B/runtime_cache/v24_c12_wd0375_teacher/train_core/2877_0.98_1.2.png,35.974769592285156,0.9967831969261169,37.83469772338867,0.9967217445373535,38.4556999206543,0.9974597692489624,2.4809303283691406,0.000676572322845459
2885_0.97_1.56.png,train_core,/sda/home/wangyuxin/ConvIR-B/runtime_cache/v24_c12_wd0375_teacher/train_core/2885_0.97_1.56.png,37.464839935302734,0.9907159805297852,37.10029220581055,0.9914392828941345,38.34918212890625,0.9922997355461121,0.8843421936035156,0.0015837550163269043
2892_0.76_0.56.png,train_core,/sda/home/wangyuxin/ConvIR-B/runtime_cache/v24_c12_wd0375_teacher/train_core/2892_0.76_0.56.png,48.339508056640625,0.9991741180419922,43.43855285644531,0.998810887336731,48.68478775024414,0.9992226958274841,0.3452796936035156,4.857778549194336e-05
28_0.54_1.24.png,train_core,/sda/home/wangyuxin/ConvIR-B/runtime_cache/v24_c12_wd0375_teacher/train_core/28_0.54_1.24.png,34.54770278930664,0.9977754354476929,37.37445068359375,0.9982370138168335,37.96484375,0.9986289739608765,3.4171409606933594,0.0008535385131835938
2910_0.56_1.62.png,train_core,/sda/home/wangyuxin/ConvIR-B/runtime_cache/v24_c12_wd0375_teacher/train_core/2910_0.56_1.62.png,43.44860076904297,0.996539294719696,41.83445739746094,0.9950411319732666,44.34494400024414,0.9969481825828552,0.8963432312011719,0.0004088878631591797
291_0.53_1.8.png,train_core,/sda/home/wangyuxin/ConvIR-B/runtime_cache/v24_c12_wd0375_teacher/train_core/291_0.53_1.8.png,38.7445182800293,0.997119665145874,40.646263122558594,0.9968985915184021,40.436241149902344,0.997765302658081,1.6917228698730469,0.0006456375122070312
2927_0.97_0.84.png,train_core,/sda/home/wangyuxin/ConvIR-B/runtime_cache/v24_c12_wd0375_teacher/train_core/2927_0.97_0.84.png,39.98641586303711,0.9945898056030273,35.16221618652344,0.9921824932098389,41.65703201293945,0.9955947399139404,1.6706161499023438,0.001004934310913086
2934_0.62_1.45.png,train_core,/sda/home/wangyuxin/ConvIR-B/runtime_cache/v24_c12_wd0375_teacher/train_core/2934_0.62_1.45.png,40.179473876953125,0.9986812472343445,42.451271057128906,0.9986252784729004,43.669578552246094,0.9989513158798218,3.4901046752929688,0.0002700686454772949
2941_0.7_1.3.png,train_core,/sda/home/wangyuxin/ConvIR-B/runtime_cache/v24_c12_wd0375_teacher/train_core/2941_0.7_1.3.png,42.99795150756836,0.9969179034233093,41.953426361083984,0.9968492984771729,44.272159576416016,0.9975576400756836,1.2742080688476562,0.0006397366523742676
2948_0.75_1.31.png,train_core,/sda/home/wangyuxin/ConvIR-B/runtime_cache/v24_c12_wd0375_teacher/train_core/2948_0.75_1.31.png,39.91383361816406,0.9976342916488647,39.939064025878906,0.9973716139793396,41.03623962402344,0.9978902339935303,1.122406005859375,0.00025594234466552734
2955_0.54_1.51.png,train_core,/sda/home/wangyuxin/ConvIR-B/runtime_cache/v24_c12_wd0375_teacher/train_core/2955_0.54_1.51.png,44.57291030883789,0.9986554384231567,42.902008056640625,0.9983615875244141,44.5111083984375,0.9987275004386902,-0.061801910400390625,7.206201553344727e-05
2962_0.97_1.66.png,train_core,/sda/home/wangyuxin/ConvIR-B/runtime_cache/v24_c12_wd0375_teacher/train_core/2962_0.97_1.66.png,36.71348190307617,0.9924395084381104,32.89277648925781,0.9881399869918823,36.583858489990234,0.9927854537963867,-0.1296234130859375,0.0003459453582763672
2970_0.99_1.7.png,train_core,/sda/home/wangyuxin/ConvIR-B/runtime_cache/v24_c12_wd0375_teacher/train_core/2970_0.99_1.7.png,33.06548309326172,0.9916813373565674,35.5265007019043,0.9920525550842285,34.97787094116211,0.9934150576591492,1.9123878479003906,0.0017337203025817871
2980_0.93_1.58.png,train_core,/sda/home/wangyuxin/ConvIR-B/runtime_cache/v24_c12_wd0375_teacher/train_core/2980_0.93_1.58.png,32.59597396850586,0.9873294830322266,35.255409240722656,0.9893893003463745,35.0527229309082,0.9901902079582214,2.4567489624023438,0.002860724925994873
2987_0.99_1.51.png,train_core,/sda/home/wangyuxin/ConvIR-B/runtime_cache/v24_c12_wd0375_teacher/train_core/2987_0.99_1.51.png,34.2118034362793,0.9849432706832886,35.32752990722656,0.9862561225891113,36.404273986816406,0.9882439374923706,2.1924705505371094,0.0033006668090820312
2994_0.81_0.58.png,train_core,/sda/home/wangyuxin/ConvIR-B/runtime_cache/v24_c12_wd0375_teacher/train_core/2994_0.81_0.58.png,46.32147216796875,0.9990519881248474,43.39886474609375,0.9987573623657227,46.90925598144531,0.999180793762207,0.5877838134765625,0.00012880563735961914
300_0.72_1.88.png,train_core,/sda/home/wangyuxin/ConvIR-B/runtime_cache/v24_c12_wd0375_teacher/train_core/300_0.72_1.88.png,33.685096740722656,0.9863228797912598,40.275169372558594,0.991747260093689,38.048641204833984,0.9926772117614746,4.363544464111328,0.006354331970214844
309_0.52_0.96.png,train_core,/sda/home/wangyuxin/ConvIR-B/runtime_cache/v24_c12_wd0375_teacher/train_core/309_0.52_0.96.png,37.500579833984375,0.9929878115653992,43.0359992980957,0.9960860013961792,39.861846923828125,0.9953478574752808,2.36126708984375,0.002360045909881592
316_0.94_1.76.png,train_core,/sda/home/wangyuxin/ConvIR-B/runtime_cache/v24_c12_wd0375_teacher/train_core/316_0.94_1.76.png,38.261905670166016,0.9958963394165039,35.918052673339844,0.9949121475219727,38.5979118347168,0.99622642993927,0.33600616455078125,0.0003300905227661133
32_0.73_1.01.png,train_core,/sda/home/wangyuxin/ConvIR-B/runtime_cache/v24_c12_wd0375_teacher/train_core/32_0.73_1.01.png,36.053382873535156,0.9965411424636841,42.991859436035156,0.9980944395065308,40.356327056884766,0.9979617595672607,4.302944183349609,0.0014206171035766602
33_0.9_0.83.png,train_core,/sda/home/wangyuxin/ConvIR-B/runtime_cache/v24_c12_wd0375_teacher/train_core/33_0.9_0.83.png,33.64288330078125,0.9959024786949158,38.970096588134766,0.9971755743026733,37.93620681762695,0.9977411031723022,4.293323516845703,0.0018386244773864746
354_0.87_0.68.png,train_core,/sda/home/wangyuxin/ConvIR-B/runtime_cache/v24_c12_wd0375_teacher/train_core/354_0.87_0.68.png,37.73989486694336,0.9975795149803162,43.70445251464844,0.9984797239303589,41.28242492675781,0.9984738826751709,3.542530059814453,0.0008943676948547363
362_0.89_1.57.png,train_core,/sda/home/wangyuxin/ConvIR-B/runtime_cache/v24_c12_wd0375_teacher/train_core/362_0.89_1.57.png,36.39712905883789,0.9850493669509888,38.87289810180664,0.9937688708305359,38.71907043457031,0.9902083277702332,2.321941375732422,0.005158960819244385
372_0.85_0.74.png,train_core,/sda/home/wangyuxin/ConvIR-B/runtime_cache/v24_c12_wd0375_teacher/train_core/372_0.85_0.74.png,39.00490188598633,0.9986183643341064,41.37628173828125,0.9985777139663696,41.044639587402344,0.9989306330680847,2.0397377014160156,0.0003122687339782715
37_0.68_1.27.png,train_core,/sda/home/wangyuxin/ConvIR-B/runtime_cache/v24_c12_wd0375_teacher/train_core/37_0.68_1.27.png,39.113765716552734,0.9974582195281982,39.610782623291016,0.9968560934066772,40.310508728027344,0.9978181719779968,1.1967430114746094,0.000359952449798584
388_0.82_1.27.png,train_core,/sda/home/wangyuxin/ConvIR-B/runtime_cache/v24_c12_wd0375_teacher/train_core/388_0.82_1.27.png,37.8806037902832,0.9972079992294312,41.84143829345703,0.9965505599975586,41.07380676269531,0.9977933764457703,3.1932029724121094,0.0005853772163391113
396_0.62_1.94.png,train_core,/sda/home/wangyuxin/ConvIR-B/runtime_cache/v24_c12_wd0375_teacher/train_core/396_0.62_1.94.png,38.41696548461914,0.996648907661438,40.112876892089844,0.9960092902183533,40.100914001464844,0.9973143935203552,1.6839485168457031,0.0006654858589172363
405_0.62_0.68.png,train_core,/sda/home/wangyuxin/ConvIR-B/runtime_cache/v24_c12_wd0375_teacher/train_core/405_0.62_0.68.png,45.50104522705078,0.9993335008621216,44.782630920410156,0.9991687536239624,46.923492431640625,0.9994732141494751,1.4224472045898438,0.00013971328735351562
412_0.53_1.77.png,train_core,/sda/home/wangyuxin/ConvIR-B/runtime_cache/v24_c12_wd0375_teacher/train_core/412_0.53_1.77.png,29.39266014099121,0.9935281276702881,38.2863655090332,0.997370719909668,32.398521423339844,0.9966745376586914,3.005861282348633,0.0031464099884033203
424_0.63_1.0.png,train_core,/sda/home/wangyuxin/ConvIR-B/runtime_cache/v24_c12_wd0375_teacher/train_core/424_0.63_1.0.png,41.23183822631836,0.9978753328323364,42.47285461425781,0.9974703788757324,42.63829803466797,0.998265266418457,1.4064598083496094,0.00038993358612060547
433_0.62_1.02.png,train_core,/sda/home/wangyuxin/ConvIR-B/runtime_cache/v24_c12_wd0375_teacher/train_core/433_0.62_1.02.png,34.127906799316406,0.9964579343795776,43.02073669433594,0.9982012510299683,37.90891647338867,0.9979783892631531,3.7810096740722656,0.0015204548835754395
444_0.78_0.52.png,train_core,/sda/home/wangyuxin/ConvIR-B/runtime_cache/v24_c12_wd0375_teacher/train_core/444_0.78_0.52.png,39.77419662475586,0.9987677931785583,42.95793533325195,0.9982216358184814,42.30699920654297,0.9990642070770264,2.5328025817871094,0.0002964138984680176
451_0.68_1.78.png,train_core,/sda/home/wangyuxin/ConvIR-B/runtime_cache/v24_c12_wd0375_teacher/train_core/451_0.68_1.78.png,42.33784484863281,0.9974567294120789,40.45488357543945,0.996328592300415,43.65726089477539,0.99793541431427,1.3194160461425781,0.0004786849021911621
459_0.9_0.51.png,train_core,/sda/home/wangyuxin/ConvIR-B/runtime_cache/v24_c12_wd0375_teacher/train_core/459_0.9_0.51.png,38.815635681152344,0.9986714124679565,43.75652313232422,0.998733639717102,41.69541931152344,0.9991299510002136,2.8797836303710938,0.0004585385322570801
465_0.97_1.62.png,train_core,/sda/home/wangyuxin/ConvIR-B/runtime_cache/v24_c12_wd0375_teacher/train_core/465_0.97_1.62.png,28.835561752319336,0.9942344427108765,39.66183090209961,0.9959415793418884,33.088836669921875,0.9967423677444458,4.253274917602539,0.002507925033569336
475_0.64_1.59.png,train_core,/sda/home/wangyuxin/ConvIR-B/runtime_cache/v24_c12_wd0375_teacher/train_core/475_0.64_1.59.png,32.55540466308594,0.9935010671615601,39.5655517578125,0.9965226650238037,35.570457458496094,0.9958634376525879,3.0150527954101562,0.002362370491027832
483_0.88_1.16.png,train_core,/sda/home/wangyuxin/ConvIR-B/runtime_cache/v24_c12_wd0375_teacher/train_core/483_0.88_1.16.png,38.25090026855469,0.9983106851577759,38.138641357421875,0.9976403117179871,40.11294937133789,0.9986549615859985,1.8620491027832031,0.00034427642822265625
495_0.89_1.26.png,train_core,/sda/home/wangyuxin/ConvIR-B/runtime_cache/v24_c12_wd0375_teacher/train_core/495_0.89_1.26.png,33.176151275634766,0.9900087118148804,41.19914245605469,0.9963504076004028,36.50405502319336,0.9944152235984802,3.3279037475585938,0.0044065117835998535
503_0.53_1.35.png,train_core,/sda/home/wangyuxin/ConvIR-B/runtime_cache/v24_c12_wd0375_teacher/train_core/503_0.53_1.35.png,35.075592041015625,0.9923328161239624,39.63126754760742,0.994877815246582,37.323974609375,0.9944273829460144,2.248382568359375,0.002094566822052002
50_0.82_1.93.png,train_core,/sda/home/wangyuxin/ConvIR-B/runtime_cache/v24_c12_wd0375_teacher/train_core/50_0.82_1.93.png,32.35988998413086,0.9912847876548767,38.05179977416992,0.9943508505821228,35.05757141113281,0.994234561920166,2.697681427001953,0.0029497742652893066
51_0.68_1.74.png,train_core,/sda/home/wangyuxin/ConvIR-B/runtime_cache/v24_c12_wd0375_teacher/train_core/51_0.68_1.74.png,34.36553192138672,0.9943572282791138,36.936527252197266,0.9952165484428406,35.950016021728516,0.9957022666931152,1.5844841003417969,0.0013450384140014648
528_0.63_0.99.png,train_core,/sda/home/wangyuxin/ConvIR-B/runtime_cache/v24_c12_wd0375_teacher/train_core/528_0.63_0.99.png,38.30184555053711,0.9985435009002686,42.708106994628906,0.9983686208724976,40.72168731689453,0.9988918304443359,2.419841766357422,0.0003483295440673828
536_0.73_1.23.png,train_core,/sda/home/wangyuxin/ConvIR-B/runtime_cache/v24_c12_wd0375_teacher/train_core/536_0.73_1.23.png,38.15681838989258,0.9983169436454773,43.019439697265625,0.9978200793266296,41.170745849609375,0.9986714720726013,3.013927459716797,0.00035452842712402344
542_0.55_1.46.png,train_core,/sda/home/wangyuxin/ConvIR-B/runtime_cache/v24_c12_wd0375_teacher/train_core/542_0.55_1.46.png,35.591651916503906,0.9966446757316589,39.900020599365234,0.9974409341812134,38.7655029296875,0.9977960586547852,3.1738510131835938,0.0011513829231262207
549_0.75_0.59.png,train_core,/sda/home/wangyuxin/ConvIR-B/runtime_cache/v24_c12_wd0375_teacher/train_core/549_0.75_0.59.png,41.156192779541016,0.9990911483764648,44.95271301269531,0.9988484382629395,44.17314147949219,0.9992886781692505,3.016948699951172,0.00019752979278564453
557_0.89_1.35.png,train_core,/sda/home/wangyuxin/ConvIR-B/runtime_cache/v24_c12_wd0375_teacher/train_core/557_0.89_1.35.png,38.17084884643555,0.9978244304656982,38.61090850830078,0.9977423548698425,39.978973388671875,0.9983870387077332,1.8081245422363281,0.0005626082420349121
568_0.84_1.2.png,train_core,/sda/home/wangyuxin/ConvIR-B/runtime_cache/v24_c12_wd0375_teacher/train_core/568_0.84_1.2.png,33.56084442138672,0.9950426816940308,43.155494689941406,0.9978649020195007,37.11967849731445,0.997397780418396,3.5588340759277344,0.0023550987243652344
578_0.73_1.04.png,train_core,/sda/home/wangyuxin/ConvIR-B/runtime_cache/v24_c12_wd0375_teacher/train_core/578_0.73_1.04.png,40.45655822753906,0.9956640601158142,43.67761993408203,0.9962244033813477,42.559791564941406,0.9965680837631226,2.1032333374023438,0.0009040236473083496
587_0.8_0.51.png,train_core,/sda/home/wangyuxin/ConvIR-B/runtime_cache/v24_c12_wd0375_teacher/train_core/587_0.8_0.51.png,39.46058654785156,0.9974743723869324,41.83290481567383,0.9976503849029541,43.455833435058594,0.998295247554779,3.9952468872070312,0.0008208751678466797
595_0.78_1.11.png,train_core,/sda/home/wangyuxin/ConvIR-B/runtime_cache/v24_c12_wd0375_teacher/train_core/595_0.78_1.11.png,39.43046951293945,0.997795045375824,40.010982513427734,0.9970701932907104,40.68928146362305,0.9981216788291931,1.2588119506835938,0.0003266334533691406
602_0.76_1.57.png,train_core,/sda/home/wangyuxin/ConvIR-B/runtime_cache/v24_c12_wd0375_teacher/train_core/602_0.76_1.57.png,36.62106704711914,0.9954791069030762,40.68619155883789,0.9964994192123413,39.41293716430664,0.9968199729919434,2.7918701171875,0.0013408660888671875
613_0.54_0.81.png,train_core,/sda/home/wangyuxin/ConvIR-B/runtime_cache/v24_c12_wd0375_teacher/train_core/613_0.54_0.81.png,39.965919494628906,0.9988654851913452,45.12077713012695,0.9990987777709961,44.389949798583984,0.9993375539779663,4.424030303955078,0.00047206878662109375
623_0.53_1.27.png,train_core,/sda/home/wangyuxin/ConvIR-B/runtime_cache/v24_c12_wd0375_teacher/train_core/623_0.53_1.27.png,37.33378601074219,0.9975230693817139,40.06145477294922,0.9968649744987488,39.497955322265625,0.998102605342865,2.1641693115234375,0.000579535961151123
634_0.53_0.77.png,train_core,/sda/home/wangyuxin/ConvIR-B/runtime_cache/v24_c12_wd0375_teacher/train_core/634_0.53_0.77.png,43.92737579345703,0.9991509318351746,44.31144332885742,0.9988374710083008,46.51646423339844,0.9993471503257751,2.5890884399414062,0.00019621849060058594
641_0.63_1.3.png,train_core,/sda/home/wangyuxin/ConvIR-B/runtime_cache/v24_c12_wd0375_teacher/train_core/641_0.63_1.3.png,35.913818359375,0.9938318133354187,41.40857696533203,0.9966115355491638,38.8961181640625,0.9963932037353516,2.9822998046875,0.0025613903999328613
650_0.88_1.7.png,train_core,/sda/home/wangyuxin/ConvIR-B/runtime_cache/v24_c12_wd0375_teacher/train_core/650_0.88_1.7.png,37.116764068603516,0.9964196681976318,37.2738037109375,0.9954785108566284,38.81281661987305,0.9968154430389404,1.6960525512695312,0.00039577484130859375
659_0.86_0.85.png,train_core,/sda/home/wangyuxin/ConvIR-B/runtime_cache/v24_c12_wd0375_teacher/train_core/659_0.86_0.85.png,36.461669921875,0.9950151443481445,39.96109390258789,0.9926769137382507,39.938289642333984,0.9948862791061401,3.4766197204589844,-0.00012886524200439453
667_0.95_0.69.png,train_core,/sda/home/wangyuxin/ConvIR-B/runtime_cache/v24_c12_wd0375_teacher/train_core/667_0.95_0.69.png,42.161468505859375,0.9980713725090027,45.535194396972656,0.9981493949890137,45.142303466796875,0.9985653758049011,2.9808349609375,0.0004940032958984375
675_0.97_0.77.png,train_core,/sda/home/wangyuxin/ConvIR-B/runtime_cache/v24_c12_wd0375_teacher/train_core/675_0.97_0.77.png,38.361045837402344,0.9981263875961304,41.47498321533203,0.9984803199768066,41.392784118652344,0.9987604022026062,3.03173828125,0.0006340146064758301
683_0.9_1.98.png,train_core,/sda/home/wangyuxin/ConvIR-B/runtime_cache/v24_c12_wd0375_teacher/train_core/683_0.9_1.98.png,32.28959655761719,0.9931157827377319,37.94862365722656,0.9941262602806091,35.453121185302734,0.9951707720756531,3.163524627685547,0.0020549893379211426
690_0.54_1.0.png,train_core,/sda/home/wangyuxin/ConvIR-B/runtime_cache/v24_c12_wd0375_teacher/train_core/690_0.54_1.0.png,32.54629898071289,0.9966440200805664,39.924964904785156,0.9979546070098877,36.51901626586914,0.9981802701950073,3.97271728515625,0.001536250114440918
69_0.76_0.64.png,train_core,/sda/home/wangyuxin/ConvIR-B/runtime_cache/v24_c12_wd0375_teacher/train_core/69_0.76_0.64.png,41.66135787963867,0.9987151026725769,44.11161804199219,0.9986751079559326,43.70847702026367,0.9989981651306152,2.047119140625,0.0002830624580383301
706_0.58_1.34.png,train_core,/sda/home/wangyuxin/ConvIR-B/runtime_cache/v24_c12_wd0375_teacher/train_core/706_0.58_1.34.png,30.690139770507812,0.99431312084198,42.08807373046875,0.9973556399345398,33.983577728271484,0.9966554641723633,3.293437957763672,0.0023423433303833008
712_0.63_1.2.png,train_core,/sda/home/wangyuxin/ConvIR-B/runtime_cache/v24_c12_wd0375_teacher/train_core/712_0.63_1.2.png,37.92050552368164,0.9975458383560181,42.07656478881836,0.9974064230918884,40.1689567565918,0.9980679750442505,2.2484512329101562,0.0005221366882324219
719_0.61_0.7.png,train_core,/sda/home/wangyuxin/ConvIR-B/runtime_cache/v24_c12_wd0375_teacher/train_core/719_0.61_0.7.png,44.947532653808594,0.998873233795166,42.107540130615234,0.9985241293907166,46.60877990722656,0.9990949630737305,1.6612472534179688,0.00022172927856445312
727_0.65_1.01.png,train_core,/sda/home/wangyuxin/ConvIR-B/runtime_cache/v24_c12_wd0375_teacher/train_core/727_0.65_1.01.png,43.386192321777344,0.9984848499298096,42.33097457885742,0.997532069683075,44.860557556152344,0.9987176656723022,1.474365234375,0.00023281574249267578
734_0.68_1.32.png,train_core,/sda/home/wangyuxin/ConvIR-B/runtime_cache/v24_c12_wd0375_teacher/train_core/734_0.68_1.32.png,38.250492095947266,0.9957336187362671,44.03925323486328,0.9971706867218018,41.27262878417969,0.9973307847976685,3.022136688232422,0.0015971660614013672
749_0.79_1.11.png,train_core,/sda/home/wangyuxin/ConvIR-B/runtime_cache/v24_c12_wd0375_teacher/train_core/749_0.79_1.11.png,41.15184020996094,0.99642014503479,42.210693359375,0.9964900016784668,42.51232147216797,0.9971835613250732,1.3604812622070312,0.0007634162902832031
759_0.74_1.21.png,train_core,/sda/home/wangyuxin/ConvIR-B/runtime_cache/v24_c12_wd0375_teacher/train_core/759_0.74_1.21.png,38.402549743652344,0.9972688555717468,43.545318603515625,0.9971715211868286,41.547630310058594,0.9979888200759888,3.14508056640625,0.0007199645042419434
766_1.0_0.59.png,train_core,/sda/home/wangyuxin/ConvIR-B/runtime_cache/v24_c12_wd0375_teacher/train_core/766_1.0_0.59.png,39.43943405151367,0.9983872175216675,43.69129943847656,0.99884033203125,42.7985954284668,0.9990427494049072,3.359161376953125,0.0006555318832397461
774_0.55_0.55.png,train_core,/sda/home/wangyuxin/ConvIR-B/runtime_cache/v24_c12_wd0375_teacher/train_core/774_0.55_0.55.png,41.683631896972656,0.9993011355400085,44.58230972290039,0.9987967014312744,44.26472091674805,0.9993599653244019,2.5810890197753906,5.882978439331055e-05
786_0.91_0.72.png,train_core,/sda/home/wangyuxin/ConvIR-B/runtime_cache/v24_c12_wd0375_teacher/train_core/786_0.91_0.72.png,40.50566101074219,0.9977688789367676,41.1127815246582,0.9977211952209473,43.19374465942383,0.9983512759208679,2.6880836486816406,0.0005823969841003418
794_0.7_1.44.png,train_core,/sda/home/wangyuxin/ConvIR-B/runtime_cache/v24_c12_wd0375_teacher/train_core/794_0.7_1.44.png,39.919490814208984,0.9956129789352417,43.258914947509766,0.9963754415512085,42.94407653808594,0.9969214200973511,3.024585723876953,0.001308441162109375
800_0.59_1.64.png,train_core,/sda/home/wangyuxin/ConvIR-B/runtime_cache/v24_c12_wd0375_teacher/train_core/800_0.59_1.64.png,38.54309844970703,0.9882584810256958,40.84230422973633,0.9958399534225464,40.73392868041992,0.9925578832626343,2.1908302307128906,0.0042994022369384766
811_0.69_1.87.png,train_core,/sda/home/wangyuxin/ConvIR-B/runtime_cache/v24_c12_wd0375_teacher/train_core/811_0.69_1.87.png,25.633167266845703,0.9833439588546753,38.05820846557617,0.9963295459747314,30.629121780395508,0.9922153353691101,4.995954513549805,0.008871376514434814
823_0.63_1.96.png,train_core,/sda/home/wangyuxin/ConvIR-B/runtime_cache/v24_c12_wd0375_teacher/train_core/823_0.63_1.96.png,32.129329681396484,0.9931609630584717,41.86161804199219,0.9967440962791443,35.783935546875,0.9962303042411804,3.6546058654785156,0.0030693411827087402
830_0.87_0.66.png,train_core,/sda/home/wangyuxin/ConvIR-B/runtime_cache/v24_c12_wd0375_teacher/train_core/830_0.87_0.66.png,38.32610321044922,0.9990977644920349,42.13211441040039,0.9990624189376831,41.0479736328125,0.9993505477905273,2.7218704223632812,0.00025278329849243164
838_0.55_1.54.png,train_core,/sda/home/wangyuxin/ConvIR-B/runtime_cache/v24_c12_wd0375_teacher/train_core/838_0.55_1.54.png,31.566757202148438,0.9942134618759155,39.43446350097656,0.9964522123336792,35.15940475463867,0.9965340495109558,3.5926475524902344,0.002320587635040283
847_0.92_0.94.png,train_core,/sda/home/wangyuxin/ConvIR-B/runtime_cache/v24_c12_wd0375_teacher/train_core/847_0.92_0.94.png,35.54791259765625,0.9857510328292847,37.49676513671875,0.9923364520072937,38.47908401489258,0.9903907775878906,2.931171417236328,0.004639744758605957
854_0.55_1.43.png,train_core,/sda/home/wangyuxin/ConvIR-B/runtime_cache/v24_c12_wd0375_teacher/train_core/854_0.55_1.43.png,38.55547332763672,0.9964532852172852,40.03877258300781,0.9958805441856384,41.038551330566406,0.9974300265312195,2.4830780029296875,0.0009767413139343262
866_0.78_1.78.png,train_core,/sda/home/wangyuxin/ConvIR-B/runtime_cache/v24_c12_wd0375_teacher/train_core/866_0.78_1.78.png,35.69454574584961,0.9971247911453247,41.72554397583008,0.9970904588699341,38.525848388671875,0.9977484941482544,2.8313026428222656,0.0006237030029296875
876_0.82_0.9.png,train_core,/sda/home/wangyuxin/ConvIR-B/runtime_cache/v24_c12_wd0375_teacher/train_core/876_0.82_0.9.png,41.39610290527344,0.9976528882980347,42.20763397216797,0.9973001480102539,43.34299087524414,0.9980921745300293,1.9468879699707031,0.0004392862319946289
884_0.71_0.74.png,train_core,/sda/home/wangyuxin/ConvIR-B/runtime_cache/v24_c12_wd0375_teacher/train_core/884_0.71_0.74.png,39.85886001586914,0.9989347457885742,41.38669967651367,0.9976350665092468,42.16661071777344,0.9987618923187256,2.307750701904297,-0.0001728534698486328
893_0.65_1.08.png,train_core,/sda/home/wangyuxin/ConvIR-B/runtime_cache/v24_c12_wd0375_teacher/train_core/893_0.65_1.08.png,42.50511169433594,0.9986257553100586,41.44954299926758,0.9983516931533813,43.04895782470703,0.998844563961029,0.5438461303710938,0.00021880865097045898
900_0.91_0.72.png,train_core,/sda/home/wangyuxin/ConvIR-B/runtime_cache/v24_c12_wd0375_teacher/train_core/900_0.91_0.72.png,40.959716796875,0.9984754323959351,40.76725387573242,0.9982538223266602,42.25334548950195,0.9989084005355835,1.2936286926269531,0.0004329681396484375
90_0.87_1.71.png,train_core,/sda/home/wangyuxin/ConvIR-B/runtime_cache/v24_c12_wd0375_teacher/train_core/90_0.87_1.71.png,35.367103576660156,0.9935316443443298,39.87982177734375,0.9934940338134766,38.73016357421875,0.9949628710746765,3.3630599975585938,0.0014312267303466797
917_0.83_1.67.png,train_core,/sda/home/wangyuxin/ConvIR-B/runtime_cache/v24_c12_wd0375_teacher/train_core/917_0.83_1.67.png,38.45726776123047,0.9963314533233643,38.46571350097656,0.9954940676689148,40.14412307739258,0.9970211982727051,1.6868553161621094,0.0006897449493408203
923_0.59_1.48.png,train_core,/sda/home/wangyuxin/ConvIR-B/runtime_cache/v24_c12_wd0375_teacher/train_core/923_0.59_1.48.png,34.34107971191406,0.9968811273574829,41.61312484741211,0.9975128173828125,36.997005462646484,0.9977960586547852,2.655925750732422,0.0009149312973022461
930_0.67_0.65.png,train_core,/sda/home/wangyuxin/ConvIR-B/runtime_cache/v24_c12_wd0375_teacher/train_core/930_0.67_0.65.png,38.7973747253418,0.9984017610549927,43.74740219116211,0.9988303184509277,41.22977828979492,0.998879075050354,2.432403564453125,0.0004773139953613281
93_0.97_1.07.png,train_core,/sda/home/wangyuxin/ConvIR-B/runtime_cache/v24_c12_wd0375_teacher/train_core/93_0.97_1.07.png,33.9992561340332,0.9935005903244019,38.96727752685547,0.9933209419250488,37.02480697631836,0.9950916171073914,3.0255508422851562,0.001591026782989502
947_0.83_0.56.png,train_core,/sda/home/wangyuxin/ConvIR-B/runtime_cache/v24_c12_wd0375_teacher/train_core/947_0.83_0.56.png,39.92800521850586,0.9977445602416992,45.004573822021484,0.9986273646354675,43.34446716308594,0.9986817836761475,3.416461944580078,0.0009372234344482422
957_0.81_1.94.png,train_core,/sda/home/wangyuxin/ConvIR-B/runtime_cache/v24_c12_wd0375_teacher/train_core/957_0.81_1.94.png,37.91889572143555,0.9950913786888123,39.757198333740234,0.9951261281967163,41.831687927246094,0.9969676733016968,3.912792205810547,0.0018762946128845215
963_0.81_0.99.png,train_core,/sda/home/wangyuxin/ConvIR-B/runtime_cache/v24_c12_wd0375_teacher/train_core/963_0.81_0.99.png,37.902034759521484,0.9978921413421631,43.295860290527344,0.9984597563743591,41.05998229980469,0.9987629652023315,3.157947540283203,0.000870823860168457
96_0.82_0.62.png,train_core,/sda/home/wangyuxin/ConvIR-B/runtime_cache/v24_c12_wd0375_teacher/train_core/96_0.82_0.62.png,36.94828414916992,0.9969643950462341,42.32170486450195,0.9968978762626648,40.18772506713867,0.9976387023925781,3.23944091796875,0.0006743073463439941
977_0.83_0.6.png,train_core,/sda/home/wangyuxin/ConvIR-B/runtime_cache/v24_c12_wd0375_teacher/train_core/977_0.83_0.6.png,38.20501708984375,0.9980902075767517,43.16728591918945,0.9986640214920044,41.24039077758789,0.9988572001457214,3.0353736877441406,0.0007669925689697266
986_0.7_1.11.png,train_core,/sda/home/wangyuxin/ConvIR-B/runtime_cache/v24_c12_wd0375_teacher/train_core/986_0.7_1.11.png,38.255496978759766,0.99666827917099,41.280128479003906,0.997185230255127,42.190250396728516,0.9976791143417358,3.93475341796875,0.0010108351707458496
994_0.81_1.01.png,train_core,/sda/home/wangyuxin/ConvIR-B/runtime_cache/v24_c12_wd0375_teacher/train_core/994_0.81_1.01.png,38.91065216064453,0.9983037710189819,44.547584533691406,0.9987032413482666,43.34673309326172,0.9990250468254089,4.4360809326171875,0.000721275806427002
