low_size,K,mapper,family,group,count,mean_output_gain,mean_oracle_gain,mean_corr,mean_coeff_mse_norm,mean_nn_distance
32,8,zero_field,zero,closed_easy,28,0.0,0.0,,0.0,1000000.1964285715
32,8,zero_field,zero,closed_hard,2,0.0,0.0,,0.0,1000000.3125
32,8,zero_field,zero,middle,128,0.0,1.0300968289375305,,0.828125,171879.28513584068
32,8,zero_field,zero,open_easy,36,0.0,0.8228113386366103,,1.0,5.6324740692766175
32,8,zero_field,zero,open_hard,62,0.0,1.4197130818520822,,1.0,3.692210992437697
32,8,mean_coeff,mean,closed_easy,28,0.0,0.0,,726004596.799612,1000000.1964285715
32,8,mean_coeff,mean,closed_hard,2,0.0,0.0,,726004596.799612,1000000.3125
32,8,mean_coeff,mean,middle,128,0.15530189871788025,1.0300968289375305,0.2277609992921704,124782040.9093603,171879.28513584068
32,8,mean_coeff,mean,open_easy,36,0.1012828614976671,0.8228113386366103,0.20348358021066007,0.979273916748809,5.6324740692766175
32,8,mean_coeff,mean,open_hard,62,0.18182582239950856,1.4197130818520822,0.2964373915944429,1.0060692463837702,3.692210992437697
32,8,ridge_0.0001,ridge,closed_easy,28,0.0,0.0,,514486056216194.2,1000000.1964285715
32,8,ridge_0.0001,ridge,closed_hard,2,0.0,0.0,,853166137695312.5,1000000.3125
32,8,ridge_0.0001,ridge,middle,128,0.02255961298942566,1.0300968289375305,0.3905738173642982,53988964769302.62,171879.28513584068
32,8,ridge_0.0001,ridge,open_easy,36,-0.15909979078504774,0.8228113386366103,0.2403425901947129,44.56202327826365,5.6324740692766175
32,8,ridge_0.0001,ridge,open_hard,62,0.7973545751264018,1.4197130818520822,0.6305462642903289,3.9281755418334994,3.692210992437697
32,8,ridge_0.001,ridge,closed_easy,28,0.0,0.0,,490642682404922.56,1000000.1964285715
32,8,ridge_0.001,ridge,closed_hard,2,0.0,0.0,,806203979492187.5,1000000.3125
32,8,ridge_0.001,ridge,middle,128,0.052752792835235596,1.0300968289375305,0.4036444362092605,51305582839365.86,171879.28513584068
32,8,ridge_0.001,ridge,open_easy,36,-0.08741463555230035,0.8228113386366103,0.2551722993569759,35.91064245005259,5.6324740692766175
32,8,ridge_0.001,ridge,open_hard,62,0.7761092955066312,1.4197130818520822,0.6420470047291489,3.3689818616526765,3.692210992437697
32,8,ridge_0.01,ridge,closed_easy,28,0.0,0.0,,241117171190745.6,1000000.1964285715
32,8,ridge_0.01,ridge,closed_hard,2,0.0,0.0,,387366775512695.3,1000000.3125
32,8,ridge_0.01,ridge,middle,128,0.045074462890625,1.0300968289375305,0.40428403683692077,25048265572995.87,171879.28513584068
32,8,ridge_0.01,ridge,open_easy,36,-0.06257820129394531,0.8228113386366103,0.26242511269326013,24.167515298554022,5.6324740692766175
32,8,ridge_0.01,ridge,open_hard,62,0.7519853345809444,1.4197130818520822,0.6585288844690959,2.3255562586157694,3.692210992437697
32,8,ridge_0.1,ridge,closed_easy,28,0.0,0.0,,137569149581981.56,1000000.1964285715
32,8,ridge_0.1,ridge,closed_hard,2,0.0,0.0,,216444305419921.88,1000000.3125
32,8,ridge_0.1,ridge,middle,128,0.06080487370491028,1.0300968289375305,0.3769546948847765,14159521756380.762,171879.28513584068
32,8,ridge_0.1,ridge,open_easy,36,-0.03154807620578342,0.8228113386366103,0.27432510461140835,13.604136717137424,5.6324740692766175
32,8,ridge_0.1,ridge,open_hard,62,0.7495761686755765,1.4197130818520822,0.6748482574363269,1.5512653777907128,3.692210992437697
32,8,ridge_1,ridge,closed_easy,28,0.0,0.0,,115214264226478.66,1000000.1964285715
32,8,ridge_1,ridge,closed_hard,2,0.0,0.0,,185498352050781.25,1000000.3125
32,8,ridge_1,ridge,middle,128,0.07505890727043152,1.0300968289375305,0.33620542142856513,11945899511932.299,171879.28513584068
32,8,ridge_1,ridge,open_easy,36,0.04513592190212674,0.8228113386366103,0.2849838349243833,7.788088416441524,5.6324740692766175
32,8,ridge_1,ridge,open_hard,62,0.7453028771185106,1.4197130818520822,0.6778257416876694,1.1421078017548776,3.692210992437697
32,8,ridge_10,ridge,closed_easy,28,0.0,0.0,,84672417828613.62,1000000.1964285715
32,8,ridge_10,ridge,closed_hard,2,0.0,0.0,,138170913696289.06,1000000.3125
32,8,ridge_10,ridge,middle,128,0.1142132580280304,1.0300968289375305,0.31593286107790675,8825996045855.615,171879.28513584068
32,8,ridge_10,ridge,open_easy,36,0.049802674187554255,0.8228113386366103,0.25975758577179575,4.253071423666192,5.6324740692766175
32,8,ridge_10,ridge,open_hard,62,0.6766882558022776,1.4197130818520822,0.6740776364233405,0.8518339993960403,3.692210992437697
32,8,pls_2,pls,closed_easy,28,0.0,0.0,,116609724038.94577,1000000.1964285715
32,8,pls_2,pls,closed_hard,2,0.0,0.0,,189221039414.40582,1000000.3125
32,8,pls_2,pls,middle,128,0.22803685069084167,1.0300968289375305,0.2570751743733813,11597992426.898077,171879.28513584068
32,8,pls_2,pls,open_easy,36,0.016559071011013456,0.8228113386366103,0.11250979494717386,3.154406704652476,5.6324740692766175
32,8,pls_2,pls,open_hard,62,0.36413700349869266,1.4197130818520822,0.47478495350468064,0.8091780648110404,3.692210992437697
32,8,pls_4,pls,closed_easy,28,0.0,0.0,,5084927317486.81,1000000.1964285715
32,8,pls_4,pls,closed_hard,2,0.0,0.0,,9382246971130.371,1000000.3125
32,8,pls_4,pls,middle,128,0.22954121232032776,1.0300968289375305,0.26737090201723335,552250534424.7552,171879.28513584068
32,8,pls_4,pls,open_easy,36,0.054355091518825956,0.8228113386366103,0.1704435560386628,2.101821215464437,5.6324740692766175
32,8,pls_4,pls,open_hard,62,0.49311705558530744,1.4197130818520822,0.5772881857194607,0.7099515993491897,3.692210992437697
32,8,pls_8,pls,closed_easy,28,0.0,0.0,,30790981850520.31,1000000.1964285715
32,8,pls_8,pls,closed_hard,2,0.0,0.0,,53314765930175.78,1000000.3125
32,8,pls_8,pls,middle,128,0.2152225375175476,1.0300968289375305,0.26086338170153917,3282428424461.8945,171879.28513584068
32,8,pls_8,pls,open_easy,36,0.04793771107991537,0.8228113386366103,0.17186638375278562,2.6151387779946496,5.6324740692766175
32,8,pls_8,pls,open_hard,62,0.6088476796304026,1.4197130818520822,0.623122924578286,0.7026883740071376,3.692210992437697
32,8,knn_1,knn,closed_easy,28,0.0,0.0,,19825559109.449387,1000000.1964285715
32,8,knn_1,knn,closed_hard,2,0.0,0.0,,19825559109.449387,1000000.3125
32,8,knn_1,knn,middle,128,0.24827364087104797,1.0300968289375305,0.3715888370039328,3407517973.6000686,171879.28513584068
32,8,knn_1,knn,open_easy,36,0.051602681477864586,0.8228113386366103,0.2291075692563835,2.9133000299916563,5.6324740692766175
32,8,knn_1,knn,open_hard,62,0.8051057015695879,1.4197130818520822,0.639770296011721,0.635949213323959,3.692210992437697
32,8,kernel_knn_1,kernel_knn,closed_easy,28,0.0,0.0,,0.0,1000000.1964285715
32,8,kernel_knn_1,kernel_knn,closed_hard,2,0.0,0.0,,0.0,1000000.3125
32,8,kernel_knn_1,kernel_knn,middle,128,0.24827364087104797,1.0300968289375305,0.3715888370039328,1.6634551197531156,171879.28513584068
32,8,kernel_knn_1,kernel_knn,open_easy,36,0.051602681477864586,0.8228113386366103,0.2291075692563835,2.9133000299916563,5.6324740692766175
32,8,kernel_knn_1,kernel_knn,open_hard,62,0.8051057015695879,1.4197130818520822,0.639770296011721,0.635949213323959,3.692210992437697
32,8,knn_3,knn,closed_easy,28,0.0,0.0,,20435744896.531105,1000000.1964285715
32,8,knn_3,knn,closed_hard,2,0.0,0.0,,20435744896.531105,1000000.3125
32,8,knn_3,knn,middle,128,0.2160850167274475,1.0300968289375305,0.35463517477279,3512393655.397595,171879.28513584068
32,8,knn_3,knn,open_easy,36,0.027006891038682725,0.8228113386366103,0.244631328050875,2.400877012822573,5.6324740692766175
32,8,knn_3,knn,open_hard,62,0.6654284384942823,1.4197130818520822,0.6236834077149509,0.5940151500952464,3.692210992437697
32,8,kernel_knn_3,kernel_knn,closed_easy,28,0.0,0.0,,0.0,1000000.1964285715
32,8,kernel_knn_3,kernel_knn,closed_hard,2,0.0,0.0,,0.0,1000000.3125
32,8,kernel_knn_3,kernel_knn,middle,128,0.22313883900642395,1.0300968289375305,0.36419829010594423,1.2574658897199782,171879.28513584068
32,8,kernel_knn_3,kernel_knn,open_easy,36,0.02978462643093533,0.8228113386366103,0.25041695386688745,2.3332033944935797,5.6324740692766175
32,8,kernel_knn_3,kernel_knn,open_hard,62,0.6796994363107989,1.4197130818520822,0.6315034823341956,0.5763646580143014,3.692210992437697
32,8,knn_5,knn,closed_easy,28,0.0,0.0,,23124163970.35122,1000000.1964285715
32,8,knn_5,knn,closed_hard,2,0.0,0.0,,23124163970.35122,1000000.3125
32,8,knn_5,knn,middle,128,0.22046473622322083,1.0300968289375305,0.33136937522136095,3974465683.5393105,171879.28513584068
32,8,knn_5,knn,open_easy,36,0.045102225409613714,0.8228113386366103,0.23265139512821204,1.8503065165037138,5.6324740692766175
32,8,knn_5,knn,open_hard,62,0.5582379679526052,1.4197130818520822,0.649755040303834,0.6137699583648908,3.692210992437697
32,8,kernel_knn_5,kernel_knn,closed_easy,28,0.0,0.0,,0.0,1000000.1964285715
32,8,kernel_knn_5,kernel_knn,closed_hard,2,0.0,0.0,,0.0,1000000.3125
32,8,kernel_knn_5,kernel_knn,middle,128,0.22492632269859314,1.0300968289375305,0.34519956863856216,1.1104229531457368,171879.28513584068
32,8,kernel_knn_5,kernel_knn,open_easy,36,0.045692125956217446,0.8228113386366103,0.24314067089774957,1.826852027056252,5.6324740692766175
32,8,kernel_knn_5,kernel_knn,open_hard,62,0.580349245379048,1.4197130818520822,0.658185261511995,0.5846956360932349,3.692210992437697
32,8,knn_9,knn,closed_easy,28,0.0,0.0,,7351794745.773077,1000000.1964285715
32,8,knn_9,knn,closed_hard,2,0.0,0.0,,7351794745.773077,1000000.3125
32,8,knn_9,knn,middle,128,0.19819563627243042,1.0300968289375305,0.2851275807545292,1263589722.9641492,171879.28513584068
32,8,knn_9,knn,open_easy,36,0.06438753339979383,0.8228113386366103,0.21585137655751574,1.4600224716856705,5.6324740692766175
32,8,knn_9,knn,open_hard,62,0.46409837661250947,1.4197130818520822,0.6220765976655868,0.649978997383145,3.692210992437697
32,8,kernel_knn_9,kernel_knn,closed_easy,28,0.0,0.0,,0.0,1000000.1964285715
32,8,kernel_knn_9,kernel_knn,closed_hard,2,0.0,0.0,,0.0,1000000.3125
32,8,kernel_knn_9,kernel_knn,middle,128,0.20364728569984436,1.0300968289375305,0.3022420851443455,1.0146804593021452,171879.28513584068
32,8,kernel_knn_9,kernel_knn,open_easy,36,0.062090661790635854,0.8228113386366103,0.2264073053892288,1.4377616876525774,5.6324740692766175
32,8,kernel_knn_9,kernel_knn,open_hard,62,0.4844755357311618,1.4197130818520822,0.6357903483684265,0.6228847512355444,3.692210992437697
32,8,mlp_early_h32_wd1e-2,mlp_early,closed_easy,28,0.0,0.0,,1.9341115785714287e+19,1000000.1964285715
32,8,mlp_early_h32_wd1e-2,mlp_early,closed_hard,2,0.0,0.0,,1.9345112e+19,1000000.3125
32,8,mlp_early_h32_wd1e-2,mlp_early,middle,128,0.17879509925842285,1.0300968289375305,0.3301039665348758,3.324310015625e+18,171879.28513584068
32,8,mlp_early_h32_wd1e-2,mlp_early,open_easy,36,-0.06802611880832249,0.8228113386366103,0.22474254619252557,3.178888953570397,5.6324740692766175
32,8,mlp_early_h32_wd1e-2,mlp_early,open_hard,62,0.6824364200715096,1.4197130818520822,0.6426894818155673,0.8605591484105891,3.692210992437697
32,16,zero_field,zero,closed_easy,28,0.0,0.0,,0.0,1000000.1964285715
32,16,zero_field,zero,closed_hard,2,0.0,0.0,,0.0,1000000.3125
32,16,zero_field,zero,middle,128,0.0,1.0300968289375305,,0.828125,171879.28513584068
32,16,zero_field,zero,open_easy,36,0.0,0.8228113386366103,,1.0,5.6324740692766175
32,16,zero_field,zero,open_hard,62,0.0,1.4197130818520822,,1.0,3.692210992437697
32,16,mean_coeff,mean,closed_easy,28,0.0,0.0,,420911761.46641374,1000000.1964285715
32,16,mean_coeff,mean,closed_hard,2,0.0,0.0,,420911761.46641374,1000000.3125
32,16,mean_coeff,mean,middle,128,0.1552075445652008,1.0300968289375305,0.228090684188811,72344209.83267578,171879.28513584068
32,16,mean_coeff,mean,open_easy,36,0.10279888576931423,0.8228113386366103,0.20473425235185358,0.9776429870423691,5.6324740692766175
32,16,mean_coeff,mean,open_hard,62,0.18162210526004915,1.4197130818520822,0.29764703579337126,1.0059962120325239,3.692210992437697
32,16,ridge_0.0001,ridge,closed_easy,28,0.0,0.0,,267410921767686.62,1000000.1964285715
32,16,ridge_0.0001,ridge,closed_hard,2,0.0,0.0,,443020645141601.56,1000000.3125
32,16,ridge_0.0001,ridge,middle,128,0.0032709240913391113,1.0300968289375305,0.4224588953854762,28050184684757.64,171879.28513584068
32,16,ridge_0.0001,ridge,open_easy,36,-0.18826929728190103,0.8228113386366103,0.27233564390593934,40.51881562527842,5.6324740692766175
32,16,ridge_0.0001,ridge,open_hard,62,0.8369921715028824,1.4197130818520822,0.6610422570618891,3.7088819040606946,3.692210992437697
32,16,ridge_0.001,ridge,closed_easy,28,0.0,0.0,,256425857378502.5,1000000.1964285715
32,16,ridge_0.001,ridge,closed_hard,2,0.0,0.0,,421272399902343.75,1000000.3125
32,16,ridge_0.001,ridge,middle,128,0.03911527991294861,1.0300968289375305,0.4336328344421795,26808282605789.02,171879.28513584068
32,16,ridge_0.001,ridge,open_easy,36,-0.11957465277777778,0.8228113386366103,0.2870368829462677,32.874393298779594,5.6324740692766175
32,16,ridge_0.001,ridge,open_hard,62,0.8166833692981351,1.4197130818520822,0.668574599556685,3.182831471669321,3.692210992437697
32,16,ridge_0.01,ridge,closed_easy,28,0.0,0.0,,130349292036944.2,1000000.1964285715
32,16,ridge_0.01,ridge,closed_hard,2,0.0,0.0,,210226943969726.56,1000000.3125
32,16,ridge_0.01,ridge,middle,128,0.03724679350852966,1.0300968289375305,0.4319787055983226,13549229461737.03,171879.28513584068
32,16,ridge_0.01,ridge,open_easy,36,-0.08919832441541883,0.8228113386366103,0.2951667398835222,22.341527440030408,5.6324740692766175
32,16,ridge_0.01,ridge,open_hard,62,0.7898710004744991,1.4197130818520822,0.6791891210802621,2.2556099189087013,3.692210992437697
32,16,ridge_0.1,ridge,closed_easy,28,0.0,0.0,,75655216631113.69,1000000.1964285715
32,16,ridge_0.1,ridge,closed_hard,2,0.0,0.0,,119793762207031.25,1000000.3125
32,16,ridge_0.1,ridge,middle,128,0.052428483963012695,1.0300968289375305,0.4051021915280594,7800088522423.774,171879.28513584068
32,16,ridge_0.1,ridge,open_easy,36,-0.043869230482313365,0.8228113386366103,0.3042881839080817,12.691881771146601,5.6324740692766175
32,16,ridge_0.1,ridge,open_hard,62,0.7855188923497354,1.4197130818520822,0.6914363648411969,1.5612043741610133,3.692210992437697
32,16,ridge_1,ridge,closed_easy,28,0.0,0.0,,63774983658388.79,1000000.1964285715
32,16,ridge_1,ridge,closed_hard,2,0.0,0.0,,102569313049316.4,1000000.3125
32,16,ridge_1,ridge,middle,128,0.07046422362327576,1.0300968289375305,0.3653884717210565,6609802857554.927,171879.28513584068
32,16,ridge_1,ridge,open_easy,36,0.044097052680121526,0.8228113386366103,0.31183659016258186,7.207428157392263,5.6324740692766175
32,16,ridge_1,ridge,open_hard,62,0.7814118169969128,1.4197130818520822,0.6951323323056943,1.1559120350971892,3.692210992437697
32,16,ridge_10,ridge,closed_easy,28,0.0,0.0,,49391698927518.78,1000000.1964285715
32,16,ridge_10,ridge,closed_hard,2,0.0,0.0,,80158336639404.3,1000000.3125
32,16,ridge_10,ridge,middle,128,0.11297863721847534,1.0300968289375305,0.3350219770317089,5133574639129.583,171879.28513584068
32,16,ridge_10,ridge,open_easy,36,0.06408670213487414,0.8228113386366103,0.289694721390131,3.9651759185320232,5.6324740692766175
32,16,ridge_10,ridge,open_hard,62,0.7061070472963394,1.4197130818520822,0.6927973232307141,0.8624650119539302,3.692210992437697
32,16,pls_2,pls,closed_easy,28,0.0,0.0,,197630445131.9655,1000000.1964285715
32,16,pls_2,pls,closed_hard,2,0.0,0.0,,259355247020.72144,1000000.3125
32,16,pls_2,pls,middle,128,0.22298550605773926,1.0300968289375305,0.27077411536021895,18822189196.83901,171879.28513584068
32,16,pls_2,pls,open_easy,36,0.03260156843397352,0.8228113386366103,0.12222649369181858,2.490431141540211,5.6324740692766175
32,16,pls_2,pls,open_hard,62,0.338616217336347,1.4197130818520822,0.4598805967177595,0.8472287361573945,3.692210992437697
32,16,pls_4,pls,closed_easy,28,0.0,0.0,,2666151917439.7524,1000000.1964285715
32,16,pls_4,pls,closed_hard,2,0.0,0.0,,4015207529067.993,1000000.3125
32,16,pls_4,pls,middle,128,0.22885039448738098,1.0300968289375305,0.2752748765485177,275862533986.0381,171879.28513584068
32,16,pls_4,pls,open_easy,36,0.07275761498345269,0.8228113386366103,0.19646822868121994,1.8649653185470927,5.6324740692766175
32,16,pls_4,pls,open_hard,62,0.5257499756351594,1.4197130818520822,0.5960447063609478,0.6789709653547502,3.692210992437697
32,16,pls_8,pls,closed_easy,28,0.0,0.0,,10366336792940.273,1000000.1964285715
32,16,pls_8,pls,closed_hard,2,0.0,0.0,,16863230705261.23,1000000.3125
32,16,pls_8,pls,middle,128,0.22729536890983582,1.0300968289375305,0.2846836534346331,1074915665327.2596,171879.28513584068
32,16,pls_8,pls,open_easy,36,0.07233768039279515,0.8228113386366103,0.2039758741027779,2.5054801899975474,5.6324740692766175
32,16,pls_8,pls,open_hard,62,0.6089730416574786,1.4197130818520822,0.634695706648692,0.6935142196745289,3.692210992437697
32,16,pls_12,pls,closed_easy,28,0.0,0.0,,16313433050244.514,1000000.1964285715
32,16,pls_12,pls,closed_hard,2,0.0,0.0,,26282818794250.49,1000000.3125
32,16,pls_12,pls,middle,128,0.15226441621780396,1.0300968289375305,0.2623667806597813,1684440221616.0286,171879.28513584068
32,16,pls_12,pls,open_easy,36,-0.025386492411295574,0.8228113386366103,0.20006774779823092,3.6773064631227457,5.6324740692766175
32,16,pls_12,pls,open_hard,62,0.6629319960071195,1.4197130818520822,0.6527759389531228,0.7225288469859856,3.692210992437697
32,16,pls_16,pls,closed_easy,28,0.0,0.0,,55589064367847.25,1000000.1964285715
32,16,pls_16,pls,closed_hard,2,0.0,0.0,,86876213073730.47,1000000.3125
32,16,pls_16,pls,middle,128,0.02567349374294281,1.0300968289375305,0.28843936135219234,5684693281552.903,171879.28513584068
32,16,pls_16,pls,open_easy,36,-0.07998858557807074,0.8228113386366103,0.24508482880224214,5.050264300333212,5.6324740692766175
32,16,pls_16,pls,open_hard,62,0.6739573324880292,1.4197130818520822,0.6656299413692567,1.0572305350526259,3.692210992437697
32,16,knn_1,knn,closed_easy,28,0.0,0.0,,11742545291.781425,1000000.1964285715
32,16,knn_1,knn,closed_hard,2,0.0,0.0,,11742545291.781425,1000000.3125
32,16,knn_1,knn,middle,128,0.2661113739013672,1.0300968289375305,0.40299977331349784,2018249973.5552495,171879.28513584068
32,16,knn_1,knn,open_easy,36,0.08886602189805773,0.8228113386366103,0.2596049442007724,2.7061857328839225,5.6324740692766175
32,16,knn_1,knn,open_hard,62,0.851965473544213,1.4197130818520822,0.6652228349158841,0.6401846286414061,3.692210992437697
32,16,kernel_knn_1,kernel_knn,closed_easy,28,0.0,0.0,,0.0,1000000.1964285715
32,16,kernel_knn_1,kernel_knn,closed_hard,2,0.0,0.0,,0.0,1000000.3125
32,16,kernel_knn_1,kernel_knn,middle,128,0.2661113739013672,1.0300968289375305,0.40299977331349784,1.5303168958283453,171879.28513584068
32,16,kernel_knn_1,kernel_knn,open_easy,36,0.08886602189805773,0.8228113386366103,0.2596049442007724,2.7061857328839225,5.6324740692766175
32,16,kernel_knn_1,kernel_knn,open_hard,62,0.851965473544213,1.4197130818520822,0.6652228349158841,0.6401846286414061,3.692210992437697
32,16,knn_3,knn,closed_easy,28,0.0,0.0,,11891110800.206661,1000000.1964285715
32,16,knn_3,knn,closed_hard,2,0.0,0.0,,11891110800.206661,1000000.3125
32,16,knn_3,knn,middle,128,0.2271362543106079,1.0300968289375305,0.37381338681322784,2043784669.9829981,171879.28513584068
32,16,knn_3,knn,open_easy,36,0.06259462568495008,0.8228113386366103,0.2770815495815542,2.1303731713329634,5.6324740692766175
32,16,knn_3,knn,open_hard,62,0.6967381200482768,1.4197130818520822,0.6449752614623115,0.601631026817776,3.692210992437697
32,16,kernel_knn_3,kernel_knn,closed_easy,28,0.0,0.0,,0.0,1000000.1964285715
32,16,kernel_knn_3,kernel_knn,closed_hard,2,0.0,0.0,,0.0,1000000.3125
32,16,kernel_knn_3,kernel_knn,middle,128,0.2352636754512787,1.0300968289375305,0.3851310425736713,1.1605279645385689,171879.28513584068
32,16,kernel_knn_3,kernel_knn,open_easy,36,0.06676334804958767,0.8228113386366103,0.28337268386450076,2.073195114830022,5.6324740692766175
32,16,kernel_knn_3,kernel_knn,open_hard,62,0.7143183062153478,1.4197130818520822,0.6545497615250849,0.5826041263348296,3.692210992437697
32,16,knn_5,knn,closed_easy,28,0.0,0.0,,12709889560.937881,1000000.1964285715
32,16,knn_5,knn,closed_hard,2,0.0,0.0,,12709889560.937881,1000000.3125
32,16,knn_5,knn,middle,128,0.22708183526992798,1.0300968289375305,0.34542250670141206,2184512269.3362036,171879.28513584068
32,16,knn_5,knn,open_easy,36,0.07682228088378906,0.8228113386366103,0.2709498426670002,1.6778025062502118,5.6324740692766175
32,16,knn_5,knn,open_hard,62,0.5739094211209205,1.4197130818520822,0.6558754127472639,0.6289488207872038,3.692210992437697
32,16,kernel_knn_5,kernel_knn,closed_easy,28,0.0,0.0,,0.0,1000000.1964285715
32,16,kernel_knn_5,kernel_knn,closed_hard,2,0.0,0.0,,0.0,1000000.3125
32,16,kernel_knn_5,kernel_knn,middle,128,0.23280072212219238,1.0300968289375305,0.3614633825546095,1.0288615386741293,171879.28513584068
32,16,kernel_knn_5,kernel_knn,open_easy,36,0.07878695593939887,0.8228113386366103,0.2820212916445194,1.656099409914328,5.6324740692766175
32,16,kernel_knn_5,kernel_knn,open_hard,62,0.6002296632336032,1.4197130818520822,0.668359333529107,0.5977000190649097,3.692210992437697
32,16,knn_9,knn,closed_easy,28,0.0,0.0,,4172498825.9375095,1000000.1964285715
32,16,knn_9,knn,closed_hard,2,0.0,0.0,,4172498825.9375095,1000000.3125
32,16,knn_9,knn,middle,128,0.20124667882919312,1.0300968289375305,0.2939303967846944,717148236.6833819,171879.28513584068
32,16,knn_9,knn,open_easy,36,0.0854445563422309,0.8228113386366103,0.2407447700906131,1.344546597624929,5.6324740692766175
32,16,knn_9,knn,open_hard,62,0.47248015865202875,1.4197130818520822,0.6289416419402245,0.6647785440030294,3.692210992437697
32,16,kernel_knn_9,kernel_knn,closed_easy,28,0.0,0.0,,0.0,1000000.1964285715
32,16,kernel_knn_9,kernel_knn,closed_hard,2,0.0,0.0,,0.0,1000000.3125
32,16,kernel_knn_9,kernel_knn,middle,128,0.20779860019683838,1.0300968289375305,0.3138557756231781,0.9558970148757454,171879.28513584068
32,16,kernel_knn_9,kernel_knn,open_easy,36,0.08480019039577907,0.8228113386366103,0.2548346797314783,1.324767382721717,5.6324740692766175
32,16,kernel_knn_9,kernel_knn,open_hard,62,0.49580823221514303,1.4197130818520822,0.6464120483686847,0.6359587525069903,3.692210992437697
32,16,mlp_early_h32_wd1e-2,mlp_early,closed_easy,28,0.0,0.0,,1.4130816285714287e+19,1000000.1964285715
32,16,mlp_early_h32_wd1e-2,mlp_early,closed_hard,2,0.0,0.0,,1.41314485e+19,1000000.3125
32,16,mlp_early_h32_wd1e-2,mlp_early,middle,128,0.14832457900047302,1.0300968289375305,0.2903194582388508,2.428802890625e+18,171879.28513584068
32,16,mlp_early_h32_wd1e-2,mlp_early,open_easy,36,-0.062212732103135854,0.8228113386366103,0.23756237804061836,3.7823231293916098,5.6324740692766175
32,16,mlp_early_h32_wd1e-2,mlp_early,open_hard,62,0.6366906012258222,1.4197130818520822,0.6043681858948642,0.7836852510975874,3.692210992437697
32,32,zero_field,zero,closed_easy,28,0.0,0.0,,0.0,1000000.1964285715
32,32,zero_field,zero,closed_hard,2,0.0,0.0,,0.0,1000000.3125
32,32,zero_field,zero,middle,128,0.0,1.0300968289375305,,0.828125,171879.28513584068
32,32,zero_field,zero,open_easy,36,0.0,0.8228113386366103,,1.0,5.6324740692766175
32,32,zero_field,zero,open_hard,62,0.0,1.4197130818520822,,1.0,3.692210992437697
32,32,mean_coeff,mean,closed_easy,28,0.0,0.0,,244678405.57917953,1000000.1964285715
32,32,mean_coeff,mean,closed_hard,2,0.0,0.0,,244678405.57917953,1000000.3125
32,32,mean_coeff,mean,middle,128,0.15494272112846375,1.0300968289375305,0.22731065397416592,42054101.790309735,171879.28513584068
32,32,mean_coeff,mean,open_easy,36,0.10328420003255208,0.8228113386366103,0.2043344006718447,0.9858502249223,5.6324740692766175
32,32,mean_coeff,mean,open_hard,62,0.18132169785038119,1.4197130818520822,0.2963692800427276,1.006120409932074,3.692210992437697
32,32,ridge_0.0001,ridge,closed_easy,28,0.0,0.0,,150670891904737.8,1000000.1964285715
32,32,ridge_0.0001,ridge,closed_hard,2,0.0,0.0,,248385551452636.72,1000000.3125
32,32,ridge_0.0001,ridge,middle,128,-0.02108064293861389,1.0300968289375305,0.44448807726192446,15772620196143.85,171879.28513584068
32,32,ridge_0.0001,ridge,open_easy,36,-0.1965036392211914,0.8228113386366103,0.2921191166775922,37.42569158259488,5.6324740692766175
32,32,ridge_0.0001,ridge,open_hard,62,0.8559559852846207,1.4197130818520822,0.6747965776031056,3.7543983881409058,3.692210992437697
32,32,ridge_0.001,ridge,closed_easy,28,0.0,0.0,,143034684597048.9,1000000.1964285715
32,32,ridge_0.001,ridge,closed_hard,2,0.0,0.0,,234125152587890.62,1000000.3125
32,32,ridge_0.001,ridge,middle,128,0.019371479749679565,1.0300968289375305,0.45609658968388894,14930185538769.031,171879.28513584068
32,32,ridge_0.001,ridge,open_easy,36,-0.12368011474609375,0.8228113386366103,0.3071433793261854,30.390892659115362,5.6324740692766175
32,32,ridge_0.001,ridge,open_hard,62,0.8366361433459867,1.4197130818520822,0.6810889344422086,3.2266741571769018,3.692210992437697
32,32,ridge_0.01,ridge,closed_easy,28,0.0,0.0,,74576325329586.06,1000000.1964285715
32,32,ridge_0.01,ridge,closed_hard,2,0.0,0.0,,119948234558105.47,1000000.3125
32,32,ridge_0.01,ridge,middle,128,0.024912387132644653,1.0300968289375305,0.4540685500932049,7739105654568.07,171879.28513584068
32,32,ridge_0.01,ridge,open_easy,36,-0.08164437611897786,0.8228113386366103,0.3163441219108386,20.733075783303608,5.6324740692766175
32,32,ridge_0.01,ridge,open_hard,62,0.8107735418504284,1.4197130818520822,0.6898063802791219,2.3008408647152576,3.692210992437697
32,32,ridge_0.1,ridge,closed_easy,28,0.0,0.0,,42571448298753.24,1000000.1964285715
32,32,ridge_0.1,ridge,closed_hard,2,0.0,0.0,,67275527954101.56,1000000.3125
32,32,ridge_0.1,ridge,middle,128,0.043649911880493164,1.0300968289375305,0.42567977946216484,4384127103031.246,171879.28513584068
32,32,ridge_0.1,ridge,open_easy,36,-0.032174004448784724,0.8228113386366103,0.3239088773649807,12.013771251676875,5.6324740692766175
32,32,ridge_0.1,ridge,open_hard,62,0.8073371764152281,1.4197130818520822,0.7008261973819425,1.599083103615794,3.692210992437697
32,32,ridge_1,ridge,closed_easy,28,0.0,0.0,,35244414770194.06,1000000.1964285715
32,32,ridge_1,ridge,closed_hard,2,0.0,0.0,,56509836196899.414,1000000.3125
32,32,ridge_1,ridge,middle,128,0.06773906946182251,1.0300968289375305,0.386355927710439,3647574047187.396,171879.28513584068
32,32,ridge_1,ridge,open_easy,36,0.05368232727050781,0.8228113386366103,0.32740682022025186,6.871500811508873,5.6324740692766175
32,32,ridge_1,ridge,open_hard,62,0.8036153854862336,1.4197130818520822,0.7056620817466248,1.1820946130795285,3.692210992437697
32,32,ridge_10,ridge,closed_easy,28,0.0,0.0,,27688029161388.32,1000000.1964285715
32,32,ridge_10,ridge,closed_hard,2,0.0,0.0,,44820560455322.266,1000000.3125
32,32,ridge_10,ridge,middle,128,0.1139306128025055,1.0300968289375305,0.35290328627627976,2873673248076.444,171879.28513584068
32,32,ridge_10,ridge,open_easy,36,0.07228755950927734,0.8228113386366103,0.3003533557801145,3.8065607463273903,5.6324740692766175
32,32,ridge_10,ridge,open_hard,62,0.7238994413806547,1.4197130818520822,0.7028117285207695,0.8795990904870795,3.692210992437697
32,32,pls_2,pls,closed_easy,28,0.0,0.0,,663150031830.55,1000000.1964285715
32,32,pls_2,pls,closed_hard,2,0.0,0.0,,1023870110511.7798,1000000.3125
32,32,pls_2,pls,middle,128,0.21387559175491333,1.0300968289375305,0.2690540894444259,66755606465.08073,171879.28513584068
32,32,pls_2,pls,open_easy,36,0.0445351070827908,0.8228113386366103,0.131662657419737,2.21122137767549,5.6324740692766175
32,32,pls_2,pls,open_hard,62,0.3224015082082441,1.4197130818520822,0.45708460859473676,0.8692586995666229,3.692210992437697
32,32,pls_4,pls,closed_easy,28,0.0,0.0,,4154018171372.757,1000000.1964285715
32,32,pls_4,pls,closed_hard,2,0.0,0.0,,6370079994201.66,1000000.3125
32,32,pls_4,pls,middle,128,0.23817679286003113,1.0300968289375305,0.27767370819149295,427170672667.9709,171879.28513584068
32,32,pls_4,pls,open_easy,36,0.06611919403076172,0.8228113386366103,0.20267456418110263,1.8983067699523033,5.6324740692766175
32,32,pls_4,pls,open_hard,62,0.5089070720057334,1.4197130818520822,0.5900593091162943,0.6962746970257793,3.692210992437697
32,32,pls_8,pls,closed_easy,28,0.0,0.0,,6344921775877.343,1000000.1964285715
32,32,pls_8,pls,closed_hard,2,0.0,0.0,,10545639038085.938,1000000.3125
32,32,pls_8,pls,middle,128,0.21809813380241394,1.0300968289375305,0.28051766075791335,666424209143.3828,171879.28513584068
32,32,pls_8,pls,open_easy,36,0.08158069186740452,0.8228113386366103,0.22349307572262156,1.8902142533469872,5.6324740692766175
32,32,pls_8,pls,open_hard,62,0.6131929274528257,1.4197130818520822,0.6319070465472196,0.6700265653600612,3.692210992437697
32,32,pls_12,pls,closed_easy,28,0.0,0.0,,7915606941944.653,1000000.1964285715
32,32,pls_12,pls,closed_hard,2,0.0,0.0,,13166579246520.996,1000000.3125
32,32,pls_12,pls,middle,128,0.16886380314826965,1.0300968289375305,0.26713187884943523,830865053554.8594,171879.28513584068
32,32,pls_12,pls,open_easy,36,-0.028020540873209637,0.8228113386366103,0.18602678505703807,3.5448376877971195,5.6324740692766175
32,32,pls_12,pls,open_hard,62,0.6782121658325195,1.4197130818520822,0.6528997124292918,0.6962826878537125,3.692210992437697
32,32,pls_16,pls,closed_easy,28,0.0,0.0,,36405526177309.055,1000000.1964285715
32,32,pls_16,pls,closed_hard,2,0.0,0.0,,60673620223999.02,1000000.3125
32,32,pls_16,pls,middle,128,0.07101187109947205,1.0300968289375305,0.2883895092274783,3812677439253.7026,171879.28513584068
32,32,pls_16,pls,open_easy,36,-0.05937374962700738,0.8228113386366103,0.22628451370271957,4.302571196839516,5.6324740692766175
32,32,pls_16,pls,open_hard,62,0.7079534530639648,1.4197130818520822,0.6653049416359393,0.788261597643877,3.692210992437697
32,32,knn_1,knn,closed_easy,28,0.0,0.0,,6339213345.199823,1000000.1964285715
32,32,knn_1,knn,closed_hard,2,0.0,0.0,,6339213345.199823,1000000.3125
32,32,knn_1,knn,middle,128,0.2831489145755768,1.0300968289375305,0.42637688330734885,1089552295.1841927,171879.28513584068
32,32,knn_1,knn,open_easy,36,0.11857000986735027,0.8228113386366103,0.273314659561341,2.5974038652977773,5.6324740692766175
32,32,knn_1,knn,open_hard,62,0.8843097379130702,1.4197130818520822,0.6796428706016271,0.6475946894892963,3.692210992437697
32,32,kernel_knn_1,kernel_knn,closed_easy,28,0.0,0.0,,0.0,1000000.1964285715
32,32,kernel_knn_1,kernel_knn,closed_hard,2,0.0,0.0,,0.0,1000000.3125
32,32,kernel_knn_1,kernel_knn,middle,128,0.2831489145755768,1.0300968289375305,0.42637688330734885,1.4779729785289244,171879.28513584068
32,32,kernel_knn_1,kernel_knn,open_easy,36,0.11857000986735027,0.8228113386366103,0.273314659561341,2.5974038652977773,5.6324740692766175
32,32,kernel_knn_1,kernel_knn,open_hard,62,0.8843097379130702,1.4197130818520822,0.6796428706016271,0.6475946894892963,3.692210992437697
32,32,knn_3,knn,closed_easy,28,0.0,0.0,,6420162506.401539,1000000.1964285715
32,32,knn_3,knn,closed_hard,2,0.0,0.0,,6420162506.401539,1000000.3125
32,32,knn_3,knn,middle,128,0.23621615767478943,1.0300968289375305,0.3903416422248449,1103465431.933169,171879.28513584068
32,32,knn_3,knn,open_easy,36,0.08884779612223308,0.8228113386366103,0.291508856565795,2.0340244258781173,5.6324740692766175
32,32,knn_3,knn,open_hard,62,0.7187741802584741,1.4197130818520822,0.6580533136523539,0.607763335672862,3.692210992437697
32,32,kernel_knn_3,kernel_knn,closed_easy,28,0.0,0.0,,0.0,1000000.1964285715
32,32,kernel_knn_3,kernel_knn,closed_hard,2,0.0,0.0,,0.0,1000000.3125
32,32,kernel_knn_3,kernel_knn,middle,128,0.24564248323440552,1.0300968289375305,0.40387050427918164,1.1151391037835332,171879.28513584068
32,32,kernel_knn_3,kernel_knn,open_easy,36,0.09366024865044488,0.8228113386366103,0.2983652036119666,1.9799050152979358,5.6324740692766175
32,32,kernel_knn_3,kernel_knn,open_hard,62,0.738891355452999,1.4197130818520822,0.6690525807920964,0.5877677662703846,3.692210992437697
32,32,knn_5,knn,closed_easy,28,0.0,0.0,,6560665089.637041,1000000.1964285715
32,32,knn_5,knn,closed_hard,2,0.0,0.0,,6560665089.637041,1000000.3125
32,32,knn_5,knn,middle,128,0.23260727524757385,1.0300968289375305,0.3599821933685749,1127614313.295231,171879.28513584068
32,32,knn_5,knn,open_easy,36,0.09450711144341363,0.8228113386366103,0.28169009855224025,1.6268963754288452,5.6324740692766175
32,32,knn_5,knn,open_hard,62,0.5870633279123614,1.4197130818520822,0.6616665016739599,0.637318146956977,3.692210992437697
32,32,kernel_knn_5,kernel_knn,closed_easy,28,0.0,0.0,,0.0,1000000.1964285715
32,32,kernel_knn_5,kernel_knn,closed_hard,2,0.0,0.0,,0.0,1000000.3125
32,32,kernel_knn_5,kernel_knn,middle,128,0.239545077085495,1.0300968289375305,0.37844265742504196,0.9941121433920506,171879.28513584068
32,32,kernel_knn_5,kernel_knn,open_easy,36,0.09761905670166016,0.8228113386366103,0.29444222037111306,1.6050094656810117,5.6324740692766175
32,32,kernel_knn_5,kernel_knn,open_hard,62,0.6160431215840001,1.4197130818520822,0.6770982076564143,0.6051282098056671,3.692210992437697
32,32,knn_9,knn,closed_easy,28,0.0,0.0,,2162711229.175329,1000000.1964285715
32,32,knn_9,knn,closed_hard,2,0.0,0.0,,2162711229.175329,1000000.3125
32,32,knn_9,knn,middle,128,0.2038184404373169,1.0300968289375305,0.30576022453046015,371715993.46402943,171879.28513584068
32,32,knn_9,knn,open_easy,36,0.09224457210964626,0.8228113386366103,0.24525948034392464,1.3171866687424134,5.6324740692766175
32,32,knn_9,knn,open_hard,62,0.47907749299080143,1.4197130818520822,0.6322478620756057,0.6743037289910063,3.692210992437697
32,32,kernel_knn_9,kernel_knn,closed_easy,28,0.0,0.0,,0.0,1000000.1964285715
32,32,kernel_knn_9,kernel_knn,closed_hard,2,0.0,0.0,,0.0,1000000.3125
32,32,kernel_knn_9,kernel_knn,middle,128,0.211338609457016,1.0300968289375305,0.3280221169181871,0.9303048574933205,171879.28513584068
32,32,kernel_knn_9,kernel_knn,open_easy,36,0.09286922878689235,0.8228113386366103,0.26049615453100866,1.2991560470210888,5.6324740692766175
32,32,kernel_knn_9,kernel_knn,open_hard,62,0.5044301248365833,1.4197130818520822,0.6522480376184948,0.6444817246529472,3.692210992437697
32,32,mlp_early_h32_wd1e-2,mlp_early,closed_easy,28,0.0,0.0,,6.4520095e+18,1000000.1964285715
32,32,mlp_early_h32_wd1e-2,mlp_early,closed_hard,2,0.0,0.0,,6.4524755e+18,1000000.3125
32,32,mlp_early_h32_wd1e-2,mlp_early,middle,128,0.22506052255630493,1.0300968289375305,0.3426361974144249,1.1086831796875e+18,171879.28513584068
32,32,mlp_early_h32_wd1e-2,mlp_early,open_easy,36,-0.041623433430989586,0.8228113386366103,0.2560602431702945,2.8176605044592398,5.6324740692766175
32,32,mlp_early_h32_wd1e-2,mlp_early,open_hard,62,0.7304278035317698,1.4197130818520822,0.6424922655907369,0.7667707833420511,3.692210992437697
