feature_group,alpha,feature,gain_auc,gain_direction,gain_positive_count,risk_auc,risk_direction,risk_positive_count,fold
pre_router,0.25,filename_param_1,0.5348693760732685,high,1747,0.43507330433381664,low,303,0
pre_router,0.25,filename_param_2,0.43135981682884944,low,1747,0.5466799700753062,high,303,0
pre_router,0.25,input_luma_mean,0.4357788208357184,low,1747,0.5142341687044489,high,303,0
pre_router,0.25,input_luma_std,0.5152824270177447,high,1747,0.498035593796209,low,303,0
pre_router,0.25,input_luma_min,0.48141270749856896,low,1747,0.48559435450553273,low,303,0
pre_router,0.25,input_luma_max,0.6017616485403549,high,1747,0.451938644806965,low,303,0
pre_router,0.25,input_luma_range,0.5726044647967945,high,1747,0.4768498357810648,low,303,0
pre_router,0.25,input_saturation_mean,0.6136297653119633,high,1747,0.459816208783759,low,303,0
pre_router,0.25,input_saturation_std,0.6334443045220378,high,1747,0.42186161583775583,low,303,0
pre_router,0.25,input_saturation_min,0.5,high,1747,0.5,high,303,0
pre_router,0.25,input_saturation_max,0.5043287922152261,high,1747,0.4951420226604584,low,303,0
pre_router,0.25,input_saturation_range,0.5043287922152261,high,1747,0.4951420226604584,low,303,0
pre_router,0.25,dark_channel_mean,0.4281378362907842,low,1747,0.5138210292754747,high,303,0
pre_router,0.25,dark_channel_std,0.5251919862621637,high,1747,0.491884761216576,low,303,0
pre_router,0.25,dark_channel_min,0.5,high,1747,0.5,high,303,0
pre_router,0.25,dark_channel_max,0.6070635374928449,high,1747,0.4535098507434117,low,303,0
pre_router,0.25,dark_channel_range,0.6070635374928449,high,1747,0.4535098507434117,low,303,0
pre_router,0.25,bright_channel_mean,0.45506399542072123,low,1747,0.5046793224513365,high,303,0
pre_router,0.25,bright_channel_std,0.5079354321694333,high,1747,0.5006835144606776,high,303,0
pre_router,0.25,bright_channel_min,0.47952833428734976,low,1747,0.48480954910377455,low,303,0
pre_router,0.25,bright_channel_max,0.5,high,1747,0.5,high,303,0
pre_router,0.25,bright_channel_range,0.5204716657126502,high,1747,0.5151904508962254,high,303,0
pre_router,0.25,depth_mean,0.5020913566113338,high,1747,0.5019085765512269,high,303,0
pre_router,0.25,depth_std,0.43667727532913564,low,1747,0.5185490032811885,high,303,0
pre_router,0.25,depth_min,0.5,high,1747,0.5,high,303,0
pre_router,0.25,depth_max,0.5,high,1747,0.5,high,303,0
pre_router,0.25,depth_range,0.5,high,1747,0.5,high,303,0
pre_router,0.25,input_luma_contrast,0.5152824270177447,high,1747,0.498035593796209,low,303,0
pre_router,0.25,input_highfreq_energy,0.6609648540354894,high,1747,0.3514699947520127,low,303,0
pre_router,0.25,input_edge_mean,0.5440389238694906,high,1747,0.3732196322580542,low,303,0
pre_router,0.25,depth_grad_mean,0.5428634230108758,high,1747,0.40045333677882045,low,303,0
pre_router,0.25,depth_near_ratio_gt_0_66,0.4487139095592444,low,1747,0.516075749672599,high,303,0
pre_router,0.25,depth_far_ratio_lt_0_33,0.5051635947338294,high,1747,0.48486537875633867,low,303,0
pre_router,0.25,depth_image_edge_mismatch,0.5385250143102461,high,1747,0.4735822059731348,low,303,0
pre_router,0.25,depth_luma_std_ratio,0.44171631368059533,low,1747,0.516087713169577,high,303,0
pre_router,0.25,filename_param_1,0.5278466061210563,high,1772,0.43993480210227415,low,304,1
pre_router,0.25,filename_param_2,0.433180219434091,low,1772,0.5522143622188458,high,304,1
pre_router,0.25,input_luma_mean,0.43354156823630285,low,1772,0.5123577104142277,high,304,1
pre_router,0.25,input_luma_std,0.5262568463786376,high,1772,0.4877014471816076,low,304,1
pre_router,0.25,input_luma_min,0.46678259576180725,low,1772,0.4942570428674621,low,304,1
pre_router,0.25,input_luma_max,0.594531646455632,high,1772,0.44280394550028646,low,304,1
pre_router,0.25,input_luma_range,0.5784223143822073,high,1772,0.4625804854659128,low,304,1
pre_router,0.25,input_saturation_mean,0.6008233153096401,high,1772,0.463783097118091,low,304,1
pre_router,0.25,input_saturation_std,0.6297320944231544,high,1772,0.41541709218621564,low,304,1
pre_router,0.25,input_saturation_min,0.5,high,1772,0.5,high,304,1
pre_router,0.25,input_saturation_max,0.5072549740143839,high,1772,0.49417764714673573,low,304,1
pre_router,0.25,input_saturation_range,0.5072549740143839,high,1772,0.49417764714673573,low,304,1
pre_router,0.25,dark_channel_mean,0.43073652160218384,low,1772,0.5109332577776671,high,304,1
pre_router,0.25,dark_channel_std,0.5350482090048472,high,1772,0.48199273918350066,low,304,1
pre_router,0.25,dark_channel_min,0.5,high,1772,0.5,high,304,1
pre_router,0.25,dark_channel_max,0.5986797207202478,high,1772,0.44369286621665377,low,304,1
pre_router,0.25,dark_channel_range,0.5986797207202478,high,1772,0.44369286621665377,low,304,1
pre_router,0.25,bright_channel_mean,0.4497366440933032,low,1772,0.5028022019079882,high,304,1
pre_router,0.25,bright_channel_std,0.5170376397711166,high,1772,0.4896723291902259,low,304,1
pre_router,0.25,bright_channel_min,0.46843053878593804,low,1772,0.493617985154557,low,304,1
pre_router,0.25,bright_channel_max,0.5,high,1772,0.5,high,304,1
pre_router,0.25,bright_channel_range,0.531569461214062,high,1772,0.506382014845443,high,304,1
pre_router,0.25,depth_mean,0.5077816858277775,high,1772,0.5275098388422547,high,304,1
pre_router,0.25,depth_std,0.4346728612175617,low,1772,0.5486166463247565,high,304,1
pre_router,0.25,depth_min,0.5,high,1772,0.5,high,304,1
pre_router,0.25,depth_max,0.5,high,1772,0.5,high,304,1
pre_router,0.25,depth_range,0.5,high,1772,0.5,high,304,1
pre_router,0.25,input_luma_contrast,0.5262568463786376,high,1772,0.4877014471816076,low,304,1
pre_router,0.25,input_highfreq_energy,0.6592953260888585,high,1772,0.3558858694298453,low,304,1
pre_router,0.25,input_edge_mean,0.5481915061158066,high,1772,0.37820696440580864,low,304,1
pre_router,0.25,depth_grad_mean,0.561405673088701,high,1772,0.40353419931750817,low,304,1
pre_router,0.25,depth_near_ratio_gt_0_66,0.44975195548322744,low,1772,0.5457412758113931,high,304,1
pre_router,0.25,depth_far_ratio_lt_0_33,0.49527053038654695,low,1772,0.4636328679602461,low,304,1
pre_router,0.25,depth_image_edge_mismatch,0.5353701856615395,high,1772,0.4701767878048173,low,304,1
pre_router,0.25,depth_luma_std_ratio,0.4346877351392024,low,1772,0.5440801927914912,high,304,1
pre_router,0.25,filename_param_1,0.5376760995268968,high,1756,0.44301048332612175,low,315,2
pre_router,0.25,filename_param_2,0.42446074995619415,low,1756,0.5449712676398473,high,315,2
pre_router,0.25,input_luma_mean,0.4253460662344489,low,1756,0.522632901399042,high,315,2
pre_router,0.25,input_luma_std,0.5167241983529,high,1756,0.5093575641638769,high,315,2
pre_router,0.25,input_luma_min,0.46800639565445945,low,1756,0.4885951128418847,low,315,2
pre_router,0.25,input_luma_max,0.5880594007359383,high,1756,0.44986373953375386,low,315,2
pre_router,0.25,input_luma_range,0.5727159628526372,high,1756,0.4794296038198477,low,315,2
pre_router,0.25,input_saturation_mean,0.6074101980024531,high,1756,0.4548974061169183,low,315,2
pre_router,0.25,input_saturation_std,0.6265042929735413,high,1756,0.42258052272399477,low,315,2
pre_router,0.25,input_saturation_min,0.5,high,1756,0.5,high,315,2
pre_router,0.25,input_saturation_max,0.5059037147362888,high,1756,0.4938253892342845,low,315,2
pre_router,0.25,input_saturation_range,0.5059037147362888,high,1756,0.4938253892342845,low,315,2
pre_router,0.25,dark_channel_mean,0.42086647976169617,low,1756,0.523282700614121,high,315,2
pre_router,0.25,dark_channel_std,0.5248387944629402,high,1756,0.5034030956556064,high,315,2
pre_router,0.25,dark_channel_min,0.5,high,1756,0.5,high,315,2
pre_router,0.25,dark_channel_max,0.5960110390748204,high,1756,0.44987664442470754,low,315,2
pre_router,0.25,dark_channel_range,0.5960110390748204,high,1756,0.44987664442470754,low,315,2
pre_router,0.25,bright_channel_mean,0.44306465743823376,low,1756,0.5103383358763559,high,315,2
pre_router,0.25,bright_channel_std,0.5104144033642894,high,1756,0.5109046328558524,high,315,2
pre_router,0.25,bright_channel_min,0.4687778167163133,low,1756,0.48923124805477747,low,315,2
pre_router,0.25,bright_channel_max,0.5,high,1756,0.5,high,315,2
pre_router,0.25,bright_channel_range,0.5312221832836868,high,1756,0.5107687519452225,high,315,2
pre_router,0.25,depth_mean,0.5015174347292798,high,1756,0.5183727691618653,high,315,2
pre_router,0.25,depth_std,0.4323523742772034,low,1756,0.5221637706573145,high,315,2
pre_router,0.25,depth_min,0.5,high,1756,0.5,high,315,2
pre_router,0.25,depth_max,0.5,high,1756,0.5,high,315,2
pre_router,0.25,depth_range,0.5,high,1756,0.5,high,315,2
pre_router,0.25,input_luma_contrast,0.5167241983529,high,1756,0.5093575641638769,high,315,2
pre_router,0.25,input_highfreq_energy,0.6623357280532679,high,1756,0.3717246248092733,low,315,2
pre_router,0.25,input_edge_mean,0.5549776590152444,high,1756,0.3897671805849711,low,315,2
pre_router,0.25,depth_grad_mean,0.5608366917820221,high,1756,0.42504004311751803,low,315,2
pre_router,0.25,depth_near_ratio_gt_0_66,0.4472463641142457,low,1756,0.5215458541140033,high,315,2
pre_router,0.25,depth_far_ratio_lt_0_33,0.5076073243385316,high,1756,0.4711044309322645,low,315,2
pre_router,0.25,depth_image_edge_mismatch,0.5467636236201157,high,1756,0.47749614751049474,low,315,2
pre_router,0.25,depth_luma_std_ratio,0.4390275100753461,low,1756,0.5116409707514442,high,315,2
pre_router,0.25,filename_param_1,0.5281495154591601,high,1773,0.43421784164662375,low,314,3
pre_router,0.25,filename_param_2,0.43422176683813096,low,1773,0.5379340456133141,high,314,3
pre_router,0.25,input_luma_mean,0.4318883578971336,low,1773,0.5154144357558105,high,314,3
pre_router,0.25,input_luma_std,0.5213000694373834,high,1773,0.49356712070486713,low,314,3
pre_router,0.25,input_luma_min,0.4592435583573844,low,1773,0.5036454997038882,high,314,3
pre_router,0.25,input_luma_max,0.588683444615648,high,1773,0.4477664704673733,low,314,3
pre_router,0.25,input_luma_range,0.5756432952079515,high,1773,0.46986684030505566,low,314,3
pre_router,0.25,input_saturation_mean,0.6061848807267374,high,1773,0.45595335935894804,low,314,3
pre_router,0.25,input_saturation_std,0.6249512243661774,high,1773,0.4205317323148697,low,314,3
pre_router,0.25,input_saturation_min,0.5,high,1773,0.5,high,314,3
pre_router,0.25,input_saturation_max,0.5041258320101992,high,1773,0.499025550224199,low,314,3
pre_router,0.25,input_saturation_range,0.5041258320101992,high,1773,0.499025550224199,low,314,3
pre_router,0.25,dark_channel_mean,0.4265054398410675,low,1773,0.5170898850602497,high,314,3
pre_router,0.25,dark_channel_std,0.5276702323936256,high,1773,0.4875164674458236,low,314,3
pre_router,0.25,dark_channel_min,0.5,high,1773,0.5,high,314,3
pre_router,0.25,dark_channel_max,0.5922708979148796,high,1773,0.45221192545232597,low,314,3
pre_router,0.25,dark_channel_range,0.5922708979148796,high,1773,0.45221192545232597,low,314,3
pre_router,0.25,bright_channel_mean,0.449797814677794,low,1773,0.501911130180447,high,314,3
pre_router,0.25,bright_channel_std,0.5154504695931178,high,1773,0.4967684526039715,low,314,3
pre_router,0.25,bright_channel_min,0.4568836432813031,low,1773,0.5013627189112753,high,314,3
pre_router,0.25,bright_channel_max,0.5,high,1773,0.5,high,314,3
pre_router,0.25,bright_channel_range,0.543116356718697,high,1773,0.4986372810887248,low,314,3
pre_router,0.25,depth_mean,0.505498936712909,high,1773,0.5096115495715443,high,314,3
pre_router,0.25,depth_std,0.4388268819138646,low,1773,0.5173134797374878,high,314,3
pre_router,0.25,depth_min,0.5,high,1773,0.5,high,314,3
pre_router,0.25,depth_max,0.5,high,1773,0.5,high,314,3
pre_router,0.25,depth_range,0.5,high,1773,0.5,high,314,3
pre_router,0.25,input_luma_contrast,0.5213000694373834,high,1773,0.49356712070486713,low,314,3
pre_router,0.25,input_highfreq_energy,0.6576415449339823,high,1773,0.3609225999830793,low,314,3
pre_router,0.25,input_edge_mean,0.5482746244167565,high,1773,0.38281674905425495,low,314,3
pre_router,0.25,depth_grad_mean,0.5552818036686229,high,1773,0.4198700129322327,low,314,3
pre_router,0.25,depth_near_ratio_gt_0_66,0.44956012851564775,low,1773,0.5199686665296898,high,314,3
pre_router,0.25,depth_far_ratio_lt_0_33,0.49728942179256214,low,1773,0.4840673684719419,low,314,3
pre_router,0.25,depth_image_edge_mismatch,0.5486683057017738,high,1773,0.4807300668366792,low,314,3
pre_router,0.25,depth_luma_std_ratio,0.4391006338007973,low,1773,0.5215043691608552,high,314,3
pre_router,0.25,filename_param_1,0.5488435007821114,high,1764,0.4135866820342144,low,296,4
pre_router,0.25,filename_param_2,0.4333529319105133,low,1764,0.5355749556456313,high,296,4
pre_router,0.25,input_luma_mean,0.44083519245070135,low,1764,0.5081845141739727,high,296,4
pre_router,0.25,input_luma_std,0.5292540818158173,high,1764,0.491713503153369,low,296,4
pre_router,0.25,input_luma_min,0.4672809080551984,low,1764,0.5103018687110685,high,296,4
pre_router,0.25,input_luma_max,0.5987461489711663,high,1764,0.4445351856408397,low,296,4
pre_router,0.25,input_luma_range,0.5758991534147315,high,1764,0.45925468472785197,low,296,4
pre_router,0.25,input_saturation_mean,0.5973105989838046,high,1764,0.4616707028063041,low,296,4
pre_router,0.25,input_saturation_std,0.6155693295088633,high,1764,0.4304332482938137,low,296,4
pre_router,0.25,input_saturation_min,0.5,high,1764,0.5,high,296,4
pre_router,0.25,input_saturation_max,0.5055320189465123,high,1764,0.4968531061008301,low,296,4
pre_router,0.25,input_saturation_range,0.5055320189465123,high,1764,0.4968531061008301,low,296,4
pre_router,0.25,dark_channel_mean,0.4374741280464798,low,1764,0.5071387870860798,high,296,4
pre_router,0.25,dark_channel_std,0.5346189633634821,high,1764,0.48698506844170475,low,296,4
pre_router,0.25,dark_channel_min,0.5,high,1764,0.5,high,296,4
pre_router,0.25,dark_channel_max,0.603266185310958,high,1764,0.4471333156347531,low,296,4
pre_router,0.25,dark_channel_range,0.603266185310958,high,1764,0.4471333156347531,low,296,4
pre_router,0.25,bright_channel_mean,0.45698295473278167,low,1764,0.4980623292194926,low,296,4
pre_router,0.25,bright_channel_std,0.5227920462746218,high,1764,0.49570539634027894,low,296,4
pre_router,0.25,bright_channel_min,0.4704070642796699,low,1764,0.4978017068338103,low,296,4
pre_router,0.25,bright_channel_max,0.5,high,1764,0.5,high,296,4
pre_router,0.25,bright_channel_range,0.5295929357203302,high,1764,0.5021982931661897,high,296,4
pre_router,0.25,depth_mean,0.5168071536638349,high,1764,0.5021626801693884,high,296,4
pre_router,0.25,depth_std,0.44627059224335935,low,1764,0.5147972001709424,high,296,4
pre_router,0.25,depth_min,0.5,high,1764,0.5,high,296,4
pre_router,0.25,depth_max,0.5,high,1764,0.5,high,296,4
pre_router,0.25,depth_range,0.5,high,1764,0.5,high,296,4
pre_router,0.25,input_luma_contrast,0.5292540818158173,high,1764,0.491713503153369,low,296,4
pre_router,0.25,input_highfreq_energy,0.6586651354133468,high,1764,0.36606275657545423,low,296,4
pre_router,0.25,input_edge_mean,0.5527471893442353,high,1764,0.38333991634183295,low,296,4
pre_router,0.25,depth_grad_mean,0.5669657739240015,high,1764,0.4107052668384724,low,296,4
pre_router,0.25,depth_near_ratio_gt_0_66,0.4611710058282872,low,1764,0.5136381590023181,high,296,4
pre_router,0.25,depth_far_ratio_lt_0_33,0.4871047772905608,low,1764,0.49148525621932426,low,296,4
pre_router,0.25,depth_image_edge_mismatch,0.5417156631096165,high,1764,0.4800340589751227,low,296,4
pre_router,0.25,depth_luma_std_ratio,0.44001827979441643,low,1764,0.5195159222471154,high,296,4
pre_router,0.5,filename_param_1,0.5546326833666702,high,1601,0.45119628355305214,low,553,0
pre_router,0.5,filename_param_2,0.439117169797411,low,1601,0.5463333091428929,high,553,0
pre_router,0.5,input_luma_mean,0.4808789253798088,low,1601,0.49940700283425804,low,553,0
pre_router,0.5,input_luma_std,0.5311158476665443,high,1601,0.4980559833066079,low,553,0
pre_router,0.5,input_luma_min,0.4853147878555151,low,1601,0.4944130023948536,low,553,0
pre_router,0.5,input_luma_max,0.5736213018614339,high,1601,0.4549849041710615,low,553,0
pre_router,0.5,input_luma_range,0.5546703543748193,high,1601,0.47170513775130307,low,553,0
pre_router,0.5,input_saturation_mean,0.5703171898886154,high,1601,0.46472288193640165,low,553,0
pre_router,0.5,input_saturation_std,0.5905120907733574,high,1601,0.4414056170202613,low,553,0
pre_router,0.5,input_saturation_min,0.5,high,1601,0.5,high,553,0
pre_router,0.5,input_saturation_max,0.5036548979196692,high,1601,0.4981613608415092,low,553,0
pre_router,0.5,input_saturation_range,0.5036548979196692,high,1601,0.4981613608415092,low,553,0
pre_router,0.5,dark_channel_mean,0.47545673059396243,low,1601,0.5012521038227192,high,553,0
pre_router,0.5,dark_channel_std,0.5347768215552698,high,1601,0.4929282726932013,low,553,0
pre_router,0.5,dark_channel_min,0.5,high,1601,0.5,high,553,0
pre_router,0.5,dark_channel_max,0.5753298643600668,high,1601,0.4566500680480402,low,553,0
pre_router,0.5,dark_channel_range,0.5753298643600668,high,1601,0.4566500680480402,low,553,0
pre_router,0.5,bright_channel_mean,0.49599836677951764,low,1601,0.4908316573997397,low,553,0
pre_router,0.5,bright_channel_std,0.5305139216653664,high,1601,0.49651508539059774,low,553,0
pre_router,0.5,bright_channel_min,0.48139416755578346,low,1601,0.495055705944983,low,553,0
pre_router,0.5,bright_channel_max,0.5,high,1601,0.5,high,553,0
pre_router,0.5,bright_channel_range,0.5186058324442165,high,1601,0.5049442940550171,high,553,0
pre_router,0.5,depth_mean,0.4930640787899262,low,1601,0.5207230887149608,high,553,0
pre_router,0.5,depth_std,0.4642315802947412,low,1601,0.5395071313749681,high,553,0
pre_router,0.5,depth_min,0.5,high,1601,0.5,high,553,0
pre_router,0.5,depth_max,0.5,high,1601,0.5,high,553,0
pre_router,0.5,depth_range,0.5,high,1601,0.5,high,553,0
pre_router,0.5,input_luma_contrast,0.5311158476665443,high,1601,0.4980559833066079,low,553,0
pre_router,0.5,input_highfreq_energy,0.6231651586111469,high,1601,0.3799854260880976,low,553,0
pre_router,0.5,input_edge_mean,0.5480625354937859,high,1601,0.41037292711950507,low,553,0
pre_router,0.5,depth_grad_mean,0.5385054412328222,high,1601,0.43456850384777124,low,553,0
pre_router,0.5,depth_near_ratio_gt_0_66,0.4613074189202436,low,1601,0.5408675951156519,high,553,0
pre_router,0.5,depth_far_ratio_lt_0_33,0.5113231759333297,high,1601,0.4702164315388997,low,553,0
pre_router,0.5,depth_image_edge_mismatch,0.5447316892571196,high,1601,0.45496949519190144,low,553,0
pre_router,0.5,depth_luma_std_ratio,0.4519759456435707,low,1601,0.5310669873059836,high,553,0
pre_router,0.5,filename_param_1,0.5377981052703369,high,1621,0.4627618094284761,low,567,1
pre_router,0.5,filename_param_2,0.43287729517420537,low,1621,0.5515687115687116,high,567,1
pre_router,0.5,input_luma_mean,0.47038399895839467,low,1621,0.5037132370465703,high,567,1
pre_router,0.5,input_luma_std,0.5419982391910199,high,1621,0.4883426283426283,low,567,1
pre_router,0.5,input_luma_min,0.4723691715827751,low,1621,0.509582916249583,high,567,1
pre_router,0.5,input_luma_max,0.5609893235455501,high,1621,0.46229848896515563,low,567,1
pre_router,0.5,input_luma_range,0.5566961891505646,high,1621,0.46132418132418135,low,567,1
pre_router,0.5,input_saturation_mean,0.5661783625096488,high,1621,0.4748691548691549,low,567,1
pre_router,0.5,input_saturation_std,0.5898810833935253,high,1621,0.4455026455026455,low,567,1
pre_router,0.5,input_saturation_min,0.5,high,1621,0.5,high,567,1
pre_router,0.5,input_saturation_max,0.5050596133040278,high,1621,0.4958596691930025,low,567,1
pre_router,0.5,input_saturation_range,0.5050596133040278,high,1621,0.4958596691930025,low,567,1
pre_router,0.5,dark_channel_mean,0.46808068721150475,low,1621,0.501305114638448,high,567,1
pre_router,0.5,dark_channel_std,0.5440519996651982,high,1621,0.48449115782449115,low,567,1
pre_router,0.5,dark_channel_min,0.5,high,1621,0.5,high,567,1
pre_router,0.5,dark_channel_max,0.5615221387629077,high,1621,0.46550264550264553,low,567,1
pre_router,0.5,dark_channel_range,0.5615221387629077,high,1621,0.46550264550264553,low,567,1
pre_router,0.5,bright_channel_mean,0.4825779111473468,low,1621,0.49784641784641787,low,567,1
pre_router,0.5,bright_channel_std,0.5417207877760176,high,1621,0.486344439677773,low,567,1
pre_router,0.5,bright_channel_min,0.4699813844050605,low,1621,0.5128385528385528,high,567,1
pre_router,0.5,bright_channel_max,0.5,high,1621,0.5,high,567,1
pre_router,0.5,bright_channel_range,0.5300186155949396,high,1621,0.48716144716144716,low,567,1
pre_router,0.5,depth_mean,0.5011818810275932,high,1621,0.5173506840173507,high,567,1
pre_router,0.5,depth_std,0.4649791213935191,low,1621,0.5441126841126841,high,567,1
pre_router,0.5,depth_min,0.5,high,1621,0.5,high,567,1
pre_router,0.5,depth_max,0.5,high,1621,0.5,high,567,1
pre_router,0.5,depth_range,0.5,high,1621,0.5,high,567,1
pre_router,0.5,input_luma_contrast,0.5419982391910199,high,1621,0.4883426283426283,low,567,1
pre_router,0.5,input_highfreq_energy,0.6206793529647001,high,1621,0.38227465560798896,low,567,1
pre_router,0.5,input_edge_mean,0.5560777359964536,high,1621,0.40254730921397586,low,567,1
pre_router,0.5,depth_grad_mean,0.5492239885423416,high,1621,0.421687878354545,low,567,1
pre_router,0.5,depth_near_ratio_gt_0_66,0.46622687775707655,low,1621,0.5404738071404738,high,567,1
pre_router,0.5,depth_far_ratio_lt_0_33,0.4990397701028275,low,1621,0.48000190666857334,low,567,1
pre_router,0.5,depth_image_edge_mismatch,0.5333181949227941,high,1621,0.4609457076123743,low,567,1
pre_router,0.5,depth_luma_std_ratio,0.44665647794803753,low,1621,0.5399151532484866,high,567,1
pre_router,0.5,filename_param_1,0.5412708636262036,high,1607,0.4594269985530837,low,582,2
pre_router,0.5,filename_param_2,0.43283413538858856,low,1607,0.5422879174956291,high,582,2
pre_router,0.5,input_luma_mean,0.4658023836578548,low,1607,0.5004135392174595,high,582,2
pre_router,0.5,input_luma_std,0.5223696702396352,high,1607,0.5113313513594984,high,582,2
pre_router,0.5,input_luma_min,0.4720033520431965,low,1607,0.5001978205823838,high,582,2
pre_router,0.5,input_luma_max,0.5565431431479767,high,1607,0.4708308841261229,low,582,2
pre_router,0.5,input_luma_range,0.554390483437215,high,1607,0.47798209817929704,low,582,2
pre_router,0.5,input_saturation_mean,0.570747659839267,high,1607,0.4694546180743956,low,582,2
pre_router,0.5,input_saturation_std,0.5826877560858976,high,1607,0.45575695574847774,low,582,2
pre_router,0.5,input_saturation_min,0.5,high,1607,0.5,high,582,2
pre_router,0.5,input_saturation_max,0.5040736203390517,high,1607,0.49528009510459997,low,582,2
pre_router,0.5,input_saturation_range,0.5040736203390517,high,1607,0.49528009510459997,low,582,2
pre_router,0.5,dark_channel_mean,0.4614627961367391,low,1607,0.5016616928920239,high,582,2
pre_router,0.5,dark_channel_std,0.5246259130696196,high,1607,0.5084092587568578,high,582,2
pre_router,0.5,dark_channel_min,0.5,high,1607,0.5,high,582,2
pre_router,0.5,dark_channel_max,0.5605739283625378,high,1607,0.4707201988002653,low,582,2
pre_router,0.5,dark_channel_range,0.5605739283625378,high,1607,0.4707201988002653,low,582,2
pre_router,0.5,bright_channel_mean,0.4813281692345675,low,1607,0.4913316904804968,low,582,2
pre_router,0.5,bright_channel_std,0.5238727936990311,high,1607,0.5059327334659673,high,582,2
pre_router,0.5,bright_channel_min,0.46801657018379383,low,1607,0.5050241717911618,high,582,2
pre_router,0.5,bright_channel_max,0.5,high,1607,0.5,high,582,2
pre_router,0.5,bright_channel_range,0.5319834298162062,high,1607,0.49497582820883823,low,582,2
pre_router,0.5,depth_mean,0.4948118876037486,low,1607,0.5279840763851209,high,582,2
pre_router,0.5,depth_std,0.46156248515373527,low,1607,0.5421696961475855,high,582,2
pre_router,0.5,depth_min,0.5,high,1607,0.5,high,582,2
pre_router,0.5,depth_max,0.5,high,1607,0.5,high,582,2
pre_router,0.5,depth_range,0.5,high,1607,0.5,high,582,2
pre_router,0.5,input_luma_contrast,0.5223696702396352,high,1607,0.5113313513594984,high,582,2
pre_router,0.5,input_highfreq_energy,0.6263036480728478,high,1607,0.3903131970820522,low,582,2
pre_router,0.5,input_edge_mean,0.5618352280736733,high,1607,0.41081777144751913,low,582,2
pre_router,0.5,depth_grad_mean,0.5510808859549857,high,1607,0.43381582715379513,low,582,2
pre_router,0.5,depth_near_ratio_gt_0_66,0.4620511949831502,low,1607,0.5425262441972629,high,582,2
pre_router,0.5,depth_far_ratio_lt_0_33,0.5076515214646808,high,1607,0.4687165589015494,low,582,2
pre_router,0.5,depth_image_edge_mismatch,0.5463238506751984,high,1607,0.44984023632965575,low,582,2
pre_router,0.5,depth_luma_std_ratio,0.45520030093622005,low,1607,0.5247501808645325,high,582,2
pre_router,0.5,filename_param_1,0.5427588771147054,high,1630,0.4542227367227367,low,572,3
pre_router,0.5,filename_param_2,0.43955428518311956,low,1630,0.5472174447174447,high,572,3
pre_router,0.5,input_luma_mean,0.4713166945528909,low,1630,0.496987336987337,low,572,3
pre_router,0.5,input_luma_std,0.5295470037801326,high,1630,0.50001701001701,high,572,3
pre_router,0.5,input_luma_min,0.4685300086757142,low,1630,0.5108278208278209,high,572,3
pre_router,0.5,input_luma_max,0.5624984507653219,high,1630,0.46502882252882255,low,572,3
pre_router,0.5,input_luma_range,0.5555241835533247,high,1630,0.4687544887544888,low,572,3
pre_router,0.5,input_saturation_mean,0.5746862799776911,high,1630,0.4724494424494424,low,572,3
pre_router,0.5,input_saturation_std,0.5865960215653467,high,1630,0.45846720846720845,low,572,3
pre_router,0.5,input_saturation_min,0.5,high,1630,0.5,high,572,3
pre_router,0.5,input_saturation_max,0.5026073619631902,high,1630,0.49827253827253826,low,572,3
pre_router,0.5,input_saturation_range,0.5026073619631902,high,1630,0.49827253827253826,low,572,3
pre_router,0.5,dark_channel_mean,0.4659516948627378,low,1630,0.49797958797958797,low,572,3
pre_router,0.5,dark_channel_std,0.5308971618020698,high,1630,0.49915422415422417,low,572,3
pre_router,0.5,dark_channel_min,0.5,high,1630,0.5,high,572,3
pre_router,0.5,dark_channel_max,0.562286592923096,high,1630,0.47001228501228504,low,572,3
pre_router,0.5,dark_channel_range,0.562286592923096,high,1630,0.47001228501228504,low,572,3
pre_router,0.5,bright_channel_mean,0.4872420524261015,low,1630,0.4873247023247023,low,572,3
pre_router,0.5,bright_channel_std,0.5295958046724918,high,1630,0.49644774144774145,low,572,3
pre_router,0.5,bright_channel_min,0.46651174319885974,low,1630,0.5113882063882064,high,572,3
pre_router,0.5,bright_channel_max,0.5,high,1630,0.5,high,572,3
pre_router,0.5,bright_channel_range,0.5334882568011402,high,1630,0.48861179361179363,low,572,3
pre_router,0.5,depth_mean,0.49625472516576813,low,1630,0.5254271404271404,high,572,3
pre_router,0.5,depth_std,0.46444041643428147,low,1630,0.5363948213948214,high,572,3
pre_router,0.5,depth_min,0.5,high,1630,0.5,high,572,3
pre_router,0.5,depth_max,0.5,high,1630,0.5,high,572,3
pre_router,0.5,depth_range,0.5,high,1630,0.5,high,572,3
pre_router,0.5,input_luma_contrast,0.5295470037801326,high,1630,0.50001701001701,high,572,3
pre_router,0.5,input_highfreq_energy,0.6219166356819731,high,1630,0.3907975807975808,low,572,3
pre_router,0.5,input_edge_mean,0.5546709425543781,high,1630,0.41331695331695334,low,572,3
pre_router,0.5,depth_grad_mean,0.5451264950114644,high,1630,0.441464278964279,low,572,3
pre_router,0.5,depth_near_ratio_gt_0_66,0.4593232942926194,low,1630,0.5425987525987526,high,572,3
pre_router,0.5,depth_far_ratio_lt_0_33,0.5009911228852947,high,1630,0.4734043659043659,low,572,3
pre_router,0.5,depth_image_edge_mismatch,0.5471703228605069,high,1630,0.45766017766017764,low,572,3
pre_router,0.5,depth_luma_std_ratio,0.4526367974220735,low,1630,0.5277584577584578,high,572,3
pre_router,0.5,filename_param_1,0.5569471143422897,high,1609,0.4478202648415414,low,550,4
pre_router,0.5,filename_param_2,0.4381860432997207,low,1609,0.5349625551753211,high,550,4
pre_router,0.5,input_luma_mean,0.4747343351271835,low,1609,0.49672766949362696,low,550,4
pre_router,0.5,input_luma_std,0.5425111975114143,high,1609,0.4942032435649457,low,550,4
pre_router,0.5,input_luma_min,0.4709290280929462,low,1609,0.5151043991469524,high,550,4
pre_router,0.5,input_luma_max,0.5598318084803985,high,1609,0.4608485840400734,low,550,4
pre_router,0.5,input_luma_range,0.5549786167279338,high,1609,0.462418786886872,low,550,4
pre_router,0.5,input_saturation_mean,0.5622700475201667,high,1609,0.47847740911570696,low,550,4
pre_router,0.5,input_saturation_std,0.5756669123775661,high,1609,0.45832267023756385,low,550,4
pre_router,0.5,input_saturation_min,0.5,high,1609,0.5,high,550,4
pre_router,0.5,input_saturation_max,0.5027000094751262,high,1609,0.49809353766800574,low,550,4
pre_router,0.5,input_saturation_range,0.5027000094751262,high,1609,0.49809353766800574,low,550,4
pre_router,0.5,dark_channel_mean,0.4723021184133821,low,1609,0.4944799880970094,low,550,4
pre_router,0.5,dark_channel_std,0.5405800383180527,high,1609,0.49316867529633485,low,550,4
pre_router,0.5,dark_channel_min,0.5,high,1609,0.5,high,550,4
pre_router,0.5,dark_channel_max,0.5619894071301128,high,1609,0.4628889550166146,low,550,4
pre_router,0.5,dark_channel_range,0.5619894071301128,high,1609,0.4628889550166146,low,550,4
pre_router,0.5,bright_channel_mean,0.48696929256138355,low,1609,0.49079006100282696,low,550,4
pre_router,0.5,bright_channel_std,0.5453842484859872,high,1609,0.4898358379209443,low,550,4
pre_router,0.5,bright_channel_min,0.4699321324012379,low,1609,0.5117755294351038,high,550,4
pre_router,0.5,bright_channel_max,0.5,high,1609,0.5,high,550,4
pre_router,0.5,bright_channel_range,0.5300678675987621,high,1609,0.4882244705648961,low,550,4
pre_router,0.5,depth_mean,0.5100548754342097,high,1609,0.5107960124981401,high,550,4
pre_router,0.5,depth_std,0.4792093248089317,low,1609,0.5268977830679958,high,550,4
pre_router,0.5,depth_min,0.5,high,1609,0.5,high,550,4
pre_router,0.5,depth_max,0.5,high,1609,0.5,high,550,4
pre_router,0.5,depth_range,0.5,high,1609,0.5,high,550,4
pre_router,0.5,input_luma_contrast,0.5425111975114143,high,1609,0.4942032435649457,low,550,4
pre_router,0.5,input_highfreq_energy,0.6255153103585612,high,1609,0.38325745176809006,low,550,4
pre_router,0.5,input_edge_mean,0.5653755602770592,high,1609,0.4061191290978525,low,550,4
pre_router,0.5,depth_grad_mean,0.5634664829455759,high,1609,0.42175569111739325,low,550,4
pre_router,0.5,depth_near_ratio_gt_0_66,0.478945145443187,low,1609,0.5267544512225363,high,550,4
pre_router,0.5,depth_far_ratio_lt_0_33,0.4895813760773941,low,1609,0.4873416654267718,low,550,4
pre_router,0.5,depth_image_edge_mismatch,0.5387420244329779,high,1609,0.4672737191886128,low,550,4
pre_router,0.5,depth_luma_std_ratio,0.4555279331537877,low,1609,0.5242235778405991,high,550,4
pre_router,0.75,filename_param_1,0.555041901132354,high,1324,0.43997594672814117,low,891,0
pre_router,0.75,filename_param_2,0.44954783676575727,low,1324,0.5411360965040911,high,891,0
pre_router,0.75,input_luma_mean,0.5188187541800235,high,1324,0.46255184450097797,low,891,0
pre_router,0.75,input_luma_std,0.5130978875025946,high,1324,0.5022564151531066,high,891,0
pre_router,0.75,input_luma_min,0.5029144853670349,high,1324,0.4851516136683816,low,891,0
pre_router,0.75,input_luma_max,0.5186962362491639,high,1324,0.4964696859812773,low,891,0
pre_router,0.75,input_luma_range,0.512519170452711,high,1324,0.5029596740152671,high,891,0
pre_router,0.75,input_saturation_mean,0.5265633287977676,high,1324,0.49255629291640995,low,891,0
pre_router,0.75,input_saturation_std,0.5397894997809091,high,1324,0.48517359050782416,low,891,0
pre_router,0.75,input_saturation_min,0.5,high,1324,0.5,high,891,0
pre_router,0.75,input_saturation_max,0.5030665517400429,high,1324,0.4983308969354434,low,891,0
pre_router,0.75,input_saturation_range,0.5030665517400429,high,1324,0.4983308969354434,low,891,0
pre_router,0.75,dark_channel_mean,0.5155165355965038,high,1324,0.4652997072533422,low,891,0
pre_router,0.75,dark_channel_std,0.5124463803879061,high,1324,0.501374310287207,high,891,0
pre_router,0.75,dark_channel_min,0.5,high,1324,0.5,high,891,0
pre_router,0.75,dark_channel_max,0.5192183788427389,high,1324,0.49822063382720594,low,891,0
pre_router,0.75,dark_channel_range,0.5192183788427389,high,1324,0.49822063382720594,low,891,0
pre_router,0.75,bright_channel_mean,0.5300421173404672,high,1324,0.4554449893184982,low,891,0
pre_router,0.75,bright_channel_std,0.5179755425382256,high,1324,0.4952655067442373,low,891,0
pre_router,0.75,bright_channel_min,0.5002709808353129,high,1324,0.49448760241017725,low,891,0
pre_router,0.75,bright_channel_max,0.5,high,1324,0.5,high,891,0
pre_router,0.75,bright_channel_range,0.49972901916468715,low,1324,0.5055123975898228,high,891,0
pre_router,0.75,depth_mean,0.4862044809852171,low,1324,0.5269515622880466,high,891,0
pre_router,0.75,depth_std,0.4849483118470515,low,1324,0.5198727465214074,high,891,0
pre_router,0.75,depth_min,0.5,high,1324,0.5,high,891,0
pre_router,0.75,depth_max,0.5,high,1324,0.5,high,891,0
pre_router,0.75,depth_range,0.5,high,1324,0.5,high,891,0
pre_router,0.75,input_luma_contrast,0.5130978875025946,high,1324,0.5022564151531066,high,891,0
pre_router,0.75,input_highfreq_energy,0.5754778919997232,high,1324,0.43109275666106633,low,891,0
pre_router,0.75,input_edge_mean,0.5663149921588524,high,1324,0.4183647564246259,low,891,0
pre_router,0.75,depth_grad_mean,0.526364777680404,high,1324,0.46597606343273684,low,891,0
pre_router,0.75,depth_near_ratio_gt_0_66,0.47467194022278086,low,1324,0.5294948130869805,high,891,0
pre_router,0.75,depth_far_ratio_lt_0_33,0.5075903461636032,high,1324,0.47706565239763526,low,891,0
pre_router,0.75,depth_image_edge_mismatch,0.5217108980420193,high,1324,0.4828667801884097,low,891,0
pre_router,0.75,depth_luma_std_ratio,0.4793521251816148,low,1324,0.513131919388953,high,891,0
pre_router,0.75,filename_param_1,0.5409774336934281,high,1349,0.4578438084705173,low,903,1
pre_router,0.75,filename_param_2,0.4412073168361638,low,1349,0.5533156029146936,high,903,1
pre_router,0.75,input_luma_mean,0.5040208727230324,high,1349,0.47981555683315996,low,903,1
pre_router,0.75,input_luma_std,0.5338307193843129,high,1349,0.4819155581497752,low,903,1
pre_router,0.75,input_luma_min,0.49447919529794576,low,1349,0.4951387639323494,low,903,1
pre_router,0.75,input_luma_max,0.5131572006452275,high,1349,0.5020118612404564,high,903,1
pre_router,0.75,input_luma_range,0.5138228345035718,high,1349,0.49841640444079693,low,903,1
pre_router,0.75,input_saturation_mean,0.5357838931876296,high,1349,0.48290228813100616,low,903,1
pre_router,0.75,input_saturation_std,0.5541238759186302,high,1349,0.4715340469387964,low,903,1
pre_router,0.75,input_saturation_min,0.5,high,1349,0.5,high,903,1
pre_router,0.75,input_saturation_max,0.5040469011585778,high,1349,0.49787878654887346,low,903,1
pre_router,0.75,input_saturation_range,0.5040469011585778,high,1349,0.49787878654887346,low,903,1
pre_router,0.75,dark_channel_mean,0.5028645160932081,high,1349,0.4813289329126016,low,903,1
pre_router,0.75,dark_channel_std,0.5330630540586313,high,1349,0.4825233955214601,low,903,1
pre_router,0.75,dark_channel_min,0.5,high,1349,0.5,high,903,1
pre_router,0.75,dark_channel_max,0.5133612635799024,high,1349,0.5036664077323351,high,903,1
pre_router,0.75,dark_channel_range,0.5133612635799024,high,1349,0.5036664077323351,high,903,1
pre_router,0.75,bright_channel_mean,0.5148126091459064,high,1349,0.47271680630102797,low,903,1
pre_router,0.75,bright_channel_std,0.5383610553524181,high,1349,0.4746273613128702,low,903,1
pre_router,0.75,bright_channel_min,0.4938881762881646,low,1349,0.5026957697152161,high,903,1
pre_router,0.75,bright_channel_max,0.5,high,1349,0.5,high,903,1
pre_router,0.75,bright_channel_range,0.5061118237118354,high,1349,0.4973042302847839,low,903,1
pre_router,0.75,depth_mean,0.4896129189884031,low,1349,0.5171679313487553,high,903,1
pre_router,0.75,depth_std,0.4813546169586016,low,1349,0.5219106720443085,high,903,1
pre_router,0.75,depth_min,0.5,high,1349,0.5,high,903,1
pre_router,0.75,depth_max,0.5,high,1349,0.5,high,903,1
pre_router,0.75,depth_range,0.5,high,1349,0.5,high,903,1
pre_router,0.75,input_luma_contrast,0.5338307193843129,high,1349,0.4819155581497752,low,903,1
pre_router,0.75,input_highfreq_energy,0.586256153122163,high,1349,0.4244968701129802,low,903,1
pre_router,0.75,input_edge_mean,0.5733509077330134,high,1349,0.4131355777234552,low,903,1
pre_router,0.75,depth_grad_mean,0.5418776705174869,high,1349,0.45771507275762136,low,903,1
pre_router,0.75,depth_near_ratio_gt_0_66,0.4741416169002979,low,1349,0.5268307900715508,high,903,1
pre_router,0.75,depth_far_ratio_lt_0_33,0.5028443874363865,high,1349,0.4857695835545978,low,903,1
pre_router,0.75,depth_image_edge_mismatch,0.5274516704008796,high,1349,0.4775220862207437,low,903,1
pre_router,0.75,depth_luma_std_ratio,0.4641029698792003,low,1349,0.527988314308243,high,903,1
pre_router,0.75,filename_param_1,0.5502988801452785,high,1344,0.4464261394797575,low,905,2
pre_router,0.75,filename_param_2,0.44298647542821273,low,1344,0.5457893632605887,high,905,2
pre_router,0.75,input_luma_mean,0.5121380649717514,high,1344,0.47220085320651795,low,905,2
pre_router,0.75,input_luma_std,0.5116994832302035,high,1344,0.5025261243885292,high,905,2
pre_router,0.75,input_luma_min,0.4971082330060084,low,1344,0.49677563024282156,low,905,2
pre_router,0.75,input_luma_max,0.5062848203075957,high,1344,0.501944559980271,high,905,2
pre_router,0.75,input_luma_range,0.5109529834768182,high,1344,0.49831309513731176,low,905,2
pre_router,0.75,input_saturation_mean,0.5293758687561654,high,1344,0.4904627117833047,low,905,2
pre_router,0.75,input_saturation_std,0.5368730943413147,high,1344,0.48908756961289157,low,905,2
pre_router,0.75,input_saturation_min,0.5,high,1344,0.5,high,905,2
pre_router,0.75,input_saturation_max,0.5035139085059636,high,1344,0.4978040422407161,low,905,2
pre_router,0.75,input_saturation_range,0.5035139085059636,high,1344,0.4978040422407161,low,905,2
pre_router,0.75,dark_channel_mean,0.509101622051834,high,1344,0.4744056448555475,low,905,2
pre_router,0.75,dark_channel_std,0.5102036812841898,high,1344,0.5033358976152178,high,905,2
pre_router,0.75,dark_channel_min,0.5,high,1344,0.5,high,905,2
pre_router,0.75,dark_channel_max,0.5069826276791319,high,1344,0.5025356944357537,high,905,2
pre_router,0.75,dark_channel_range,0.5069826276791319,high,1344,0.5025356944357537,high,905,2
pre_router,0.75,bright_channel_mean,0.524202565913371,high,1344,0.46403171366418705,low,905,2
pre_router,0.75,bright_channel_std,0.5174318727019999,high,1344,0.4948237086877625,low,905,2
pre_router,0.75,bright_channel_min,0.49194263687113265,low,1344,0.5063408924437116,high,905,2
pre_router,0.75,bright_channel_max,0.5,high,1344,0.5,high,905,2
pre_router,0.75,bright_channel_range,0.5080573631288674,high,1344,0.49365910755628845,low,905,2
pre_router,0.75,depth_mean,0.48833764908976773,low,1344,0.5240167696673672,high,905,2
pre_router,0.75,depth_std,0.4818268821181957,low,1344,0.5256466223254479,high,905,2
pre_router,0.75,depth_min,0.5,high,1344,0.5,high,905,2
pre_router,0.75,depth_max,0.5,high,1344,0.5,high,905,2
pre_router,0.75,depth_range,0.5,high,1344,0.5,high,905,2
pre_router,0.75,input_luma_contrast,0.5116994832302035,high,1344,0.5025261243885292,high,905,2
pre_router,0.75,input_highfreq_energy,0.5855314966146534,high,1344,0.429008285452424,low,905,2
pre_router,0.75,input_edge_mean,0.5835221476773383,high,1344,0.41130369808709477,low,905,2
pre_router,0.75,depth_grad_mean,0.5450534144919739,high,1344,0.46027583820730933,low,905,2
pre_router,0.75,depth_near_ratio_gt_0_66,0.4750702011030401,low,1344,0.5296612571361266,high,905,2
pre_router,0.75,depth_far_ratio_lt_0_33,0.5095825906869339,high,1344,0.4800545492691797,low,905,2
pre_router,0.75,depth_image_edge_mismatch,0.527816661622276,high,1344,0.4755595717035788,low,905,2
pre_router,0.75,depth_luma_std_ratio,0.4782656824500045,low,1344,0.5178963563885587,high,905,2
pre_router,0.75,filename_param_1,0.547547055189101,high,1345,0.4505070467390427,low,909,3
pre_router,0.75,filename_param_2,0.44970988530027994,low,1345,0.5405350184721049,high,909,3
pre_router,0.75,input_luma_mean,0.5142786136624866,high,1345,0.4658424203292768,low,909,3
pre_router,0.75,input_luma_std,0.5155916372409937,high,1345,0.50006434880104,high,909,3
pre_router,0.75,input_luma_min,0.49434336740153184,low,1345,0.4909693547014979,low,909,3
pre_router,0.75,input_luma_max,0.5071280888327414,high,1345,0.5063421742042017,high,909,3
pre_router,0.75,input_luma_range,0.511038855695119,high,1345,0.5052155248571784,high,909,3
pre_router,0.75,input_saturation_mean,0.5326816539126653,high,1345,0.4886473445758323,low,909,3
pre_router,0.75,input_saturation_std,0.541874199638953,high,1345,0.48663399056363005,low,909,3
pre_router,0.75,input_saturation_min,0.5,high,1345,0.5,high,909,3
pre_router,0.75,input_saturation_max,0.5029688001573972,high,1345,0.49835637892936685,low,909,3
pre_router,0.75,input_saturation_range,0.5029688001573972,high,1345,0.49835637892936685,low,909,3
pre_router,0.75,dark_channel_mean,0.5103664661233703,high,1345,0.4691972832445174,low,909,3
pre_router,0.75,dark_channel_std,0.5133521795708167,high,1345,0.5020849738642073,high,909,3
pre_router,0.75,dark_channel_min,0.5,high,1345,0.5,high,909,3
pre_router,0.75,dark_channel_max,0.5058167911001578,high,1345,0.5097330288217189,high,909,3
pre_router,0.75,dark_channel_range,0.5058167911001578,high,1345,0.5097330288217189,high,909,3
pre_router,0.75,bright_channel_mean,0.5265680173136863,high,1345,0.4574639883023332,low,909,3
pre_router,0.75,bright_channel_std,0.5219800285109747,high,1345,0.49233522162526894,low,909,3
pre_router,0.75,bright_channel_min,0.4942336036008049,low,1345,0.4962684966447735,low,909,3
pre_router,0.75,bright_channel_max,0.5,high,1345,0.5,high,909,3
pre_router,0.75,bright_channel_range,0.5057663963991951,high,1345,0.5037315033552264,high,909,3
pre_router,0.75,depth_mean,0.4860265158967668,low,1345,0.527091572342958,high,909,3
pre_router,0.75,depth_std,0.484007276166413,low,1345,0.524656497374787,high,909,3
pre_router,0.75,depth_min,0.5,high,1345,0.5,high,909,3
pre_router,0.75,depth_max,0.5,high,1345,0.5,high,909,3
pre_router,0.75,depth_range,0.5,high,1345,0.5,high,909,3
pre_router,0.75,input_luma_contrast,0.5155916372409937,high,1345,0.50006434880104,high,909,3
pre_router,0.75,input_highfreq_energy,0.5783627244894085,high,1345,0.43501280068522385,low,909,3
pre_router,0.75,input_edge_mean,0.5759423981664613,high,1345,0.41412561613068116,low,909,3
pre_router,0.75,depth_grad_mean,0.5405138878821454,high,1345,0.46397339667872933,low,909,3
pre_router,0.75,depth_near_ratio_gt_0_66,0.47199366269376936,low,1345,0.5348388771461415,high,909,3
pre_router,0.75,depth_far_ratio_lt_0_33,0.5054050042628394,high,1345,0.4787899807826123,low,909,3
pre_router,0.75,depth_image_edge_mismatch,0.5283528871676452,high,1345,0.48222155328553346,low,909,3
pre_router,0.75,depth_luma_std_ratio,0.4766358430584751,low,1345,0.5171680419859567,high,909,3
pre_router,0.75,filename_param_1,0.5556028830278927,high,1326,0.43700891091798755,low,884,4
pre_router,0.75,filename_param_2,0.439894704697977,low,1326,0.5459891813245029,high,884,4
pre_router,0.75,input_luma_mean,0.5116261481668571,high,1326,0.4617754219253258,low,884,4
pre_router,0.75,input_luma_std,0.5255661102953663,high,1326,0.4884206363820224,low,884,4
pre_router,0.75,input_luma_min,0.4933946069512879,low,1326,0.49853824118039475,low,884,4
pre_router,0.75,input_luma_max,0.5072428869662995,high,1326,0.5023941300233338,high,884,4
pre_router,0.75,input_luma_range,0.5123139423879588,high,1326,0.4954041759362954,low,884,4
pre_router,0.75,input_saturation_mean,0.5229854550072703,high,1326,0.5016640052644448,high,884,4
pre_router,0.75,input_saturation_std,0.529409624267435,high,1326,0.500361477787605,high,884,4
pre_router,0.75,input_saturation_min,0.5,high,1326,0.5,high,884,4
pre_router,0.75,input_saturation_max,0.5030362119376534,high,1326,0.49824732325320953,low,884,4
pre_router,0.75,input_saturation_range,0.5030362119376534,high,1326,0.49824732325320953,low,884,4
pre_router,0.75,dark_channel_mean,0.5108670059975086,high,1326,0.4625247902825111,low,884,4
pre_router,0.75,dark_channel_std,0.5203120473864533,high,1326,0.4928587384047887,low,884,4
pre_router,0.75,dark_channel_min,0.5,high,1326,0.5,high,884,4
pre_router,0.75,dark_channel_max,0.5074291051112243,high,1326,0.5054153749558529,high,884,4
pre_router,0.75,dark_channel_range,0.5074291051112243,high,1326,0.5054153749558529,high,884,4
pre_router,0.75,bright_channel_mean,0.5208428761214113,high,1326,0.4570241397734236,low,884,4
pre_router,0.75,bright_channel_std,0.5339744659962814,high,1326,0.4783437827329834,low,884,4
pre_router,0.75,bright_channel_min,0.4936771448263462,low,1326,0.502978229830445,high,884,4
pre_router,0.75,bright_channel_max,0.5,high,1326,0.5,high,884,4
pre_router,0.75,bright_channel_range,0.5063228551736537,high,1326,0.49702177016955496,low,884,4
pre_router,0.75,depth_mean,0.4976761973255935,low,1326,0.5109341370868663,high,884,4
pre_router,0.75,depth_std,0.4954708322452771,low,1326,0.5096663235520513,high,884,4
pre_router,0.75,depth_min,0.5,high,1326,0.5,high,884,4
pre_router,0.75,depth_max,0.5,high,1326,0.5,high,884,4
pre_router,0.75,depth_range,0.5,high,1326,0.5,high,884,4
pre_router,0.75,input_luma_contrast,0.5255661102953663,high,1326,0.4884206363820224,low,884,4
pre_router,0.75,input_highfreq_energy,0.5850492514886749,high,1326,0.42543143392729393,low,884,4
pre_router,0.75,input_edge_mean,0.58510847028572,high,1326,0.40062077584151123,low,884,4
pre_router,0.75,depth_grad_mean,0.5463654641683469,high,1326,0.44932368185124927,low,884,4
pre_router,0.75,depth_near_ratio_gt_0_66,0.48570115769180827,low,1326,0.5164883678108181,high,884,4
pre_router,0.75,depth_far_ratio_lt_0_33,0.4929561738093098,low,1326,0.49704554167333276,low,884,4
pre_router,0.75,depth_image_edge_mismatch,0.5182030020362705,high,1326,0.4890802012804917,low,884,4
pre_router,0.75,depth_luma_std_ratio,0.4776787943909097,low,1326,0.5147919125570893,high,884,4
pre_router,1.0,filename_param_1,0.5391215562899572,high,1042,0.44627745775236594,low,1254,0
pre_router,1.0,filename_param_2,0.47103387066514657,low,1042,0.5299060894226133,high,1254,0
pre_router,1.0,input_luma_mean,0.5554175746467898,high,1042,0.42469821080592196,low,1254,0
pre_router,1.0,input_luma_std,0.4836484204753727,low,1042,0.5244320143340951,high,1254,0
pre_router,1.0,input_luma_min,0.504254397991139,high,1042,0.49001335262045176,low,1254,0
pre_router,1.0,input_luma_max,0.46712185935087236,low,1042,0.5287152667813623,high,1254,0
pre_router,1.0,input_luma_range,0.4853159770828222,low,1042,0.5143683326057867,high,1254,0
pre_router,1.0,input_saturation_mean,0.4737376069732873,low,1042,0.534689708496318,high,1254,0
pre_router,1.0,input_saturation_std,0.47907292222879655,low,1042,0.5332381816469943,high,1254,0
pre_router,1.0,input_saturation_min,0.5,high,1042,0.5,high,1254,0
pre_router,1.0,input_saturation_max,0.5011372000057726,high,1042,0.49920897136319414,low,1254,0
pre_router,1.0,input_saturation_range,0.5011372000057726,high,1042,0.49920897136319414,low,1254,0
pre_router,1.0,dark_channel_mean,0.5572308891229995,high,1042,0.4256162034619807,low,1254,0
pre_router,1.0,dark_channel_std,0.47758972767812047,low,1042,0.527686358928709,high,1254,0
pre_router,1.0,dark_channel_min,0.5,high,1042,0.5,high,1254,0
pre_router,1.0,dark_channel_max,0.46453754347480986,low,1042,0.5328669188828308,high,1254,0
pre_router,1.0,dark_channel_range,0.46453754347480986,low,1042,0.5328669188828308,high,1254,0
pre_router,1.0,bright_channel_mean,0.558109765777207,high,1042,0.42233154442456766,low,1254,0
pre_router,1.0,bright_channel_std,0.494549232967255,low,1042,0.5127877018941891,high,1254,0
pre_router,1.0,bright_channel_min,0.5076652764348492,high,1042,0.48957539808213,low,1254,0
pre_router,1.0,bright_channel_max,0.5,high,1042,0.5,high,1254,0
pre_router,1.0,bright_channel_range,0.4923347235651509,low,1042,0.51042460191787,high,1254,0
pre_router,1.0,depth_mean,0.46488029093847866,low,1042,0.5456250196152277,high,1254,0
pre_router,1.0,depth_std,0.5141587173307549,high,1042,0.49396778252347406,low,1254,0
pre_router,1.0,depth_min,0.5,high,1042,0.5,high,1254,0
pre_router,1.0,depth_max,0.5,high,1042,0.5,high,1254,0
pre_router,1.0,depth_range,0.5,high,1042,0.5,high,1254,0
pre_router,1.0,input_luma_contrast,0.4836484204753727,low,1042,0.5244320143340951,high,1254,0
pre_router,1.0,input_highfreq_energy,0.5156996377700489,high,1042,0.4825592094563943,low,1254,0
pre_router,1.0,input_edge_mean,0.5669573405683114,high,1042,0.4237820013523808,low,1254,0
pre_router,1.0,depth_grad_mean,0.5149225029945305,high,1042,0.4860007903153558,low,1254,0
pre_router,1.0,depth_near_ratio_gt_0_66,0.4878508651667557,low,1042,0.5231274233722214,high,1254,0
pre_router,1.0,depth_far_ratio_lt_0_33,0.5229056326035819,high,1042,0.46570723238409895,low,1254,0
pre_router,1.0,depth_image_edge_mismatch,0.5065280764290765,high,1042,0.5024893507145649,high,1254,0
pre_router,1.0,depth_luma_std_ratio,0.5207459627956648,high,1042,0.48171860778959924,low,1254,0
pre_router,1.0,filename_param_1,0.5352555094885636,high,1057,0.4496345636494672,low,1288,1
pre_router,1.0,filename_param_2,0.46873852189882576,low,1057,0.5358642012664425,high,1288,1
pre_router,1.0,input_luma_mean,0.5431743558350492,high,1057,0.43636841265562337,low,1288,1
pre_router,1.0,input_luma_std,0.5011478101174245,high,1057,0.5050599937283035,high,1288,1
pre_router,1.0,input_luma_min,0.4987673214981357,low,1057,0.4926892099312864,low,1288,1
pre_router,1.0,input_luma_max,0.4615615782736936,low,1057,0.5380417590458219,high,1288,1
pre_router,1.0,input_luma_range,0.48547881072958987,low,1057,0.5184939401108,high,1288,1
pre_router,1.0,input_saturation_mean,0.4848482108075018,low,1057,0.5251074165561784,high,1288,1
pre_router,1.0,input_saturation_std,0.49204741499248705,low,1057,0.5202791730163009,high,1288,1
pre_router,1.0,input_saturation_min,0.5,high,1057,0.5,high,1288,1
pre_router,1.0,input_saturation_max,0.5017199760698982,high,1057,0.49857786531256704,low,1288,1
pre_router,1.0,input_saturation_range,0.5017199760698982,high,1057,0.49857786531256704,low,1288,1
pre_router,1.0,dark_channel_mean,0.5455304969669987,high,1057,0.4355617569552564,low,1288,1
pre_router,1.0,dark_channel_std,0.4953231955033669,low,1057,0.5088415791471593,high,1288,1
pre_router,1.0,dark_channel_min,0.5,high,1057,0.5,high,1288,1
pre_router,1.0,dark_channel_max,0.45894004952974565,low,1057,0.5407072300557301,high,1288,1
pre_router,1.0,dark_channel_range,0.45894004952974565,low,1057,0.5407072300557301,high,1288,1
pre_router,1.0,bright_channel_mean,0.5449044187211308,high,1057,0.4339511962985988,low,1288,1
pre_router,1.0,bright_channel_std,0.5120770493627915,high,1057,0.4937489340866704,low,1288,1
pre_router,1.0,bright_channel_min,0.5031376954755412,high,1057,0.492402444861335,low,1288,1
pre_router,1.0,bright_channel_max,0.5,high,1057,0.5,high,1288,1
pre_router,1.0,bright_channel_range,0.4968623045244588,low,1057,0.507597555138665,high,1288,1
pre_router,1.0,depth_mean,0.4708539707273638,low,1057,0.5409565162376423,high,1288,1
pre_router,1.0,depth_std,0.5168978518559741,high,1057,0.49583743652658047,low,1288,1
pre_router,1.0,depth_min,0.5,high,1057,0.5,high,1288,1
pre_router,1.0,depth_max,0.5,high,1057,0.5,high,1288,1
pre_router,1.0,depth_range,0.5,high,1057,0.5,high,1288,1
pre_router,1.0,input_luma_contrast,0.5011478101174245,high,1057,0.5050599937283035,high,1288,1
pre_router,1.0,input_highfreq_energy,0.5247238299293228,high,1057,0.4727456276922908,low,1288,1
pre_router,1.0,input_edge_mean,0.5725937726083811,high,1057,0.41430056830372614,low,1288,1
pre_router,1.0,depth_grad_mean,0.5210817936446102,high,1057,0.4775192001936524,low,1288,1
pre_router,1.0,depth_near_ratio_gt_0_66,0.4935461767488452,low,1057,0.5215771803772921,high,1288,1
pre_router,1.0,depth_far_ratio_lt_0_33,0.5180574878958206,high,1057,0.47059935962677907,low,1288,1
pre_router,1.0,depth_image_edge_mismatch,0.5056715732650676,high,1057,0.5003775396244684,high,1288,1
pre_router,1.0,depth_luma_std_ratio,0.5112714953531081,high,1057,0.49693498341301323,low,1288,1
pre_router,1.0,filename_param_1,0.5346561905185354,high,1029,0.4512475120965081,low,1291,2
pre_router,1.0,filename_param_2,0.4692402534205922,low,1029,0.5291052578562174,high,1291,2
pre_router,1.0,input_luma_mean,0.5472679371572262,high,1029,0.43542496691479127,low,1291,2
pre_router,1.0,input_luma_std,0.48537792542060915,low,1029,0.5255806844904183,high,1291,2
pre_router,1.0,input_luma_min,0.5038657438283956,high,1029,0.48867600115320625,low,1291,2
pre_router,1.0,input_luma_max,0.4519144518477585,low,1029,0.5441327159743377,high,1291,2
pre_router,1.0,input_luma_range,0.47936917271317697,low,1029,0.5245806601758292,high,1291,2
pre_router,1.0,input_saturation_mean,0.48110249390761595,low,1029,0.5277613557814883,high,1291,2
pre_router,1.0,input_saturation_std,0.4768101244024947,low,1029,0.5368709902637439,high,1291,2
pre_router,1.0,input_saturation_min,0.5,high,1029,0.5,high,1291,2
pre_router,1.0,input_saturation_max,0.5013165760131213,high,1029,0.4981197875599615,low,1291,2
pre_router,1.0,input_saturation_range,0.5013165760131213,high,1029,0.4981197875599615,low,1291,2
pre_router,1.0,dark_channel_mean,0.5491791072690099,high,1029,0.43526032241145146,low,1291,2
pre_router,1.0,dark_channel_std,0.4777942923201026,low,1029,0.5307697651558044,high,1291,2
pre_router,1.0,dark_channel_min,0.5,high,1029,0.5,high,1291,2
pre_router,1.0,dark_channel_max,0.449313058556756,low,1029,0.5470990958446367,high,1291,2
pre_router,1.0,dark_channel_range,0.449313058556756,low,1029,0.5470990958446367,high,1291,2
pre_router,1.0,bright_channel_mean,0.5506124848528476,high,1029,0.43277259259516554,low,1291,2
pre_router,1.0,bright_channel_std,0.49845405534347775,low,1029,0.5124612269141661,high,1291,2
pre_router,1.0,bright_channel_min,0.5050965712563685,high,1029,0.4915590167180168,low,1291,2
pre_router,1.0,bright_channel_max,0.5,high,1029,0.5,high,1291,2
pre_router,1.0,bright_channel_range,0.49490342874363147,low,1029,0.5084409832819833,high,1291,2
pre_router,1.0,depth_mean,0.468938898310647,low,1029,0.5371926375424203,high,1291,2
pre_router,1.0,depth_std,0.5187669424030635,high,1029,0.4940773134463151,low,1291,2
pre_router,1.0,depth_min,0.5,high,1029,0.5,high,1291,2
pre_router,1.0,depth_max,0.5,high,1029,0.5,high,1291,2
pre_router,1.0,depth_range,0.5,high,1029,0.5,high,1291,2
pre_router,1.0,input_luma_contrast,0.48537792542060915,low,1029,0.5255806844904183,high,1291,2
pre_router,1.0,input_highfreq_energy,0.5187193043002033,high,1029,0.4801683264268322,low,1291,2
pre_router,1.0,input_edge_mean,0.5809770116159338,high,1029,0.40983316718364116,low,1291,2
pre_router,1.0,depth_grad_mean,0.5296390161002673,high,1029,0.46619959498841584,low,1291,2
pre_router,1.0,depth_near_ratio_gt_0_66,0.4945516125321381,low,1029,0.5170295908549357,high,1291,2
pre_router,1.0,depth_far_ratio_lt_0_33,0.5216975679160553,high,1029,0.471682187479376,low,1291,2
pre_router,1.0,depth_image_edge_mismatch,0.5091426341259608,high,1029,0.49781828665511146,low,1291,2
pre_router,1.0,depth_luma_std_ratio,0.5232399838242175,high,1029,0.4810613665493777,low,1291,2
pre_router,1.0,filename_param_1,0.5309671425513209,high,1059,0.4523700881129597,low,1280,3
pre_router,1.0,filename_param_2,0.46916275753992087,low,1059,0.5323042086252189,high,1280,3
pre_router,1.0,input_luma_mean,0.5466999488020441,high,1059,0.4353265926007005,low,1280,3
pre_router,1.0,input_luma_std,0.48581733483809597,low,1059,0.5287147000875657,high,1280,3
pre_router,1.0,input_luma_min,0.5019107437421064,high,1059,0.48341143552977234,low,1280,3
pre_router,1.0,input_luma_max,0.45790197843034963,low,1059,0.5386821366024518,high,1280,3
pre_router,1.0,input_luma_range,0.48223174591957835,low,1059,0.5259290170753065,high,1280,3
pre_router,1.0,input_saturation_mean,0.4805818415606855,low,1059,0.5263463222416812,high,1280,3
pre_router,1.0,input_saturation_std,0.480367766210319,low,1059,0.5332318574868652,high,1280,3
pre_router,1.0,input_saturation_min,0.5,high,1059,0.5,high,1280,3
pre_router,1.0,input_saturation_max,0.5010970495705677,high,1059,0.4992194341068301,low,1280,3
pre_router,1.0,input_saturation_range,0.5010970495705677,high,1059,0.4992194341068301,low,1280,3
pre_router,1.0,dark_channel_mean,0.5488774207315004,high,1059,0.43622619308231175,low,1280,3
pre_router,1.0,dark_channel_std,0.47895237481614805,low,1059,0.5332783767513135,high,1280,3
pre_router,1.0,dark_channel_min,0.5,high,1059,0.5,high,1280,3
pre_router,1.0,dark_channel_max,0.4549755891748538,low,1059,0.542433094352014,high,1280,3
pre_router,1.0,dark_channel_range,0.4549755891748538,low,1059,0.542433094352014,high,1280,3
pre_router,1.0,bright_channel_mean,0.5494725363495095,high,1059,0.4320380910683012,low,1280,3
pre_router,1.0,bright_channel_std,0.49851359655595023,low,1059,0.5154108745621716,high,1280,3
pre_router,1.0,bright_channel_min,0.5070551337555259,high,1059,0.48088913364711033,low,1280,3
pre_router,1.0,bright_channel_max,0.5,high,1059,0.5,high,1280,3
pre_router,1.0,bright_channel_range,0.49294486624447403,low,1059,0.5191108663528897,high,1280,3
pre_router,1.0,depth_mean,0.46013106399605935,low,1059,0.5457448555166374,high,1280,3
pre_router,1.0,depth_std,0.5131545492397553,high,1059,0.5006430604203153,high,1280,3
pre_router,1.0,depth_min,0.5,high,1059,0.5,high,1280,3
pre_router,1.0,depth_max,0.5,high,1059,0.5,high,1280,3
pre_router,1.0,depth_range,0.5,high,1059,0.5,high,1280,3
pre_router,1.0,input_luma_contrast,0.48581733483809597,low,1059,0.5287147000875657,high,1280,3
pre_router,1.0,input_highfreq_energy,0.5143711068942655,high,1059,0.48129925569176885,low,1280,3
pre_router,1.0,input_edge_mean,0.5677444563837062,high,1059,0.41844009960595446,low,1280,3
pre_router,1.0,depth_grad_mean,0.5188240820220352,high,1059,0.47496066385726793,low,1280,3
pre_router,1.0,depth_near_ratio_gt_0_66,0.48653334414102095,low,1059,0.5261561405429072,high,1280,3
pre_router,1.0,depth_far_ratio_lt_0_33,0.5255764619649069,high,1059,0.468091547176007,low,1280,3
pre_router,1.0,depth_image_edge_mismatch,0.5050106795195013,high,1059,0.5050343421628721,high,1280,3
pre_router,1.0,depth_luma_std_ratio,0.5154816660743222,high,1059,0.4861126313485114,low,1280,3
pre_router,1.0,filename_param_1,0.5451912233970148,high,1037,0.43948199299562724,low,1259,4
pre_router,1.0,filename_param_2,0.46342389536624823,low,1037,0.5324439833907609,high,1259,4
pre_router,1.0,input_luma_mean,0.546350413597344,high,1037,0.4333418603139248,low,1259,4
pre_router,1.0,input_luma_std,0.49567918658950194,low,1037,0.5136561243035906,high,1259,4
pre_router,1.0,input_luma_min,0.49792377428890344,low,1037,0.49049053222492006,low,1259,4
pre_router,1.0,input_luma_max,0.45860516033076326,low,1037,0.5324203104197819,high,1259,4
pre_router,1.0,input_luma_range,0.4816463939727841,low,1037,0.5182886067290596,high,1259,4
pre_router,1.0,input_saturation_mean,0.4775877954036461,low,1037,0.5346190700974337,high,1259,4
pre_router,1.0,input_saturation_std,0.47280416563380767,low,1037,0.5416425225917876,high,1259,4
pre_router,1.0,input_saturation_min,0.5,high,1037,0.5,high,1259,4
pre_router,1.0,input_saturation_max,0.5010818153291083,high,1037,0.4992043055127636,low,1259,4
pre_router,1.0,input_saturation_range,0.5010818153291083,high,1037,0.4992043055127636,low,1259,4
pre_router,1.0,dark_channel_mean,0.5497556243650604,high,1037,0.43151374162966144,low,1259,4
pre_router,1.0,dark_channel_std,0.48597831211017034,low,1037,0.5209519926281662,high,1259,4
pre_router,1.0,dark_channel_min,0.5,high,1037,0.5,high,1259,4
pre_router,1.0,dark_channel_max,0.456610249877848,low,1037,0.5366178461695013,high,1259,4
pre_router,1.0,dark_channel_range,0.456610249877848,low,1037,0.5366178461695013,high,1259,4
pre_router,1.0,bright_channel_mean,0.5477603556951487,high,1037,0.4331878093385984,low,1259,4
pre_router,1.0,bright_channel_std,0.508974768627642,high,1037,0.50040844708137,high,1259,4
pre_router,1.0,bright_channel_min,0.5039582978101479,high,1037,0.4861739249644552,low,1259,4
pre_router,1.0,bright_channel_max,0.5,high,1037,0.5,high,1259,4
pre_router,1.0,bright_channel_range,0.49604170218985216,low,1037,0.5138260750355448,high,1259,4
pre_router,1.0,depth_mean,0.4724832032050391,low,1037,0.5352218475375871,high,1259,4
pre_router,1.0,depth_std,0.5261204669430192,high,1037,0.48600962747930204,low,1259,4
pre_router,1.0,depth_min,0.5,high,1037,0.5,high,1259,4
pre_router,1.0,depth_max,0.5,high,1037,0.5,high,1259,4
pre_router,1.0,depth_range,0.5,high,1037,0.5,high,1259,4
pre_router,1.0,input_luma_contrast,0.49567918658950194,low,1037,0.5136561243035906,high,1259,4
pre_router,1.0,input_highfreq_energy,0.5224132792473432,high,1037,0.47824948626119695,low,1259,4
pre_router,1.0,input_edge_mean,0.5765764055360287,high,1037,0.4132314948032529,low,1259,4
pre_router,1.0,depth_grad_mean,0.5234818405475848,high,1037,0.4781466678350043,low,1259,4
pre_router,1.0,depth_near_ratio_gt_0_66,0.4984858167562448,low,1037,0.5124018101696257,high,1259,4
pre_router,1.0,depth_far_ratio_lt_0_33,0.5111788778064511,high,1037,0.4787815981163382,low,1259,4
pre_router,1.0,depth_image_edge_mismatch,0.4966721641035047,low,1037,0.5119347106526956,high,1259,4
pre_router,1.0,depth_luma_std_ratio,0.5197434879732226,high,1037,0.4851121745496482,low,1259,4
post_expert,0.25,udp_a0_absdiff_mean,0.4065062392673154,low,1747,0.6410536172031897,high,303,0
post_expert,0.25,udp_a0_absdiff_std,0.4493682884945621,low,1747,0.6060803277041092,high,303,0
post_expert,0.25,udp_a0_absdiff_min,0.49048425872925017,low,1747,0.5089295541443947,high,303,0
post_expert,0.25,udp_a0_absdiff_max,0.5320732684602175,high,1747,0.5019253254469961,high,303,0
post_expert,0.25,udp_a0_absdiff_range,0.5320741843159702,high,1747,0.5019237303140657,high,303,0
post_expert,0.25,udp_a0_luma_shift_mean,0.36406823125357757,low,1747,0.6514937622326756,high,303,0
post_expert,0.25,udp_a0_luma_shift_abs_mean,0.4112576989124213,low,1747,0.638136119073483,high,303,0
post_expert,0.25,udp_a0_chroma_u_abs_mean,0.46780629650829997,low,1747,0.5891495867808144,high,303,0
post_expert,0.25,udp_a0_chroma_v_abs_mean,0.4432870062965083,low,1747,0.597069421780264,high,303,0
post_expert,0.25,udp_a0_lowfreq_abs_mean,0.4020478534630796,low,1747,0.649507024167859,high,303,0
post_expert,0.25,udp_a0_highfreq_abs_mean,0.5055358900973097,high,1747,0.47755249183690723,low,303,0
post_expert,0.25,udp_a0_low_high_abs_ratio,0.3784210646823125,low,1747,0.6803257899497055,high,303,0
post_expert,0.25,udp_a0_absdiff_mean,0.42083311459919154,low,1772,0.6336307818766035,high,304,1
post_expert,0.25,udp_a0_absdiff_std,0.45756645143227115,low,1772,0.6071032704809823,high,304,1
post_expert,0.25,udp_a0_absdiff_min,0.4944135300190736,low,1772,0.49952284728622315,low,304,1
post_expert,0.25,udp_a0_absdiff_max,0.5374197245699687,high,1772,0.5040701982713528,high,304,1
post_expert,0.25,udp_a0_absdiff_range,0.5374205995065358,high,1772,0.504068641492515,high,304,1
post_expert,0.25,udp_a0_luma_shift_mean,0.38064640313577264,low,1772,0.642172827359454,high,304,1
post_expert,0.25,udp_a0_luma_shift_abs_mean,0.4264685810278755,low,1772,0.6307554113632401,high,304,1
post_expert,0.25,udp_a0_chroma_u_abs_mean,0.45647190578683045,low,1772,0.5820469150870551,high,304,1
post_expert,0.25,udp_a0_chroma_v_abs_mean,0.4354830524786953,low,1772,0.6013649836849578,high,304,1
post_expert,0.25,udp_a0_lowfreq_abs_mean,0.4160813341032775,low,1772,0.6408838144817794,high,304,1
post_expert,0.25,udp_a0_highfreq_abs_mean,0.5175704761404798,high,1772,0.48687791117642665,low,304,1
post_expert,0.25,udp_a0_low_high_abs_ratio,0.384069592454547,low,1772,0.6686007049094578,high,304,1
post_expert,0.25,udp_a0_absdiff_mean,0.41916768880322414,low,1756,0.6313467392377005,high,315,2
post_expert,0.25,udp_a0_absdiff_std,0.45853951287892064,low,1756,0.6072221842666606,high,315,2
post_expert,0.25,udp_a0_absdiff_min,0.4941089889609252,low,1756,0.5039033499578693,high,315,2
post_expert,0.25,udp_a0_absdiff_max,0.5399986858244261,high,1756,0.5072555851608936,high,315,2
post_expert,0.25,udp_a0_absdiff_range,0.5399995619414754,high,1756,0.5072540669384284,high,315,2
post_expert,0.25,udp_a0_luma_shift_mean,0.37172419835289994,low,1756,0.6535249330084337,high,315,2
post_expert,0.25,udp_a0_luma_shift_abs_mean,0.4248256527072017,low,1756,0.629039041090691,high,315,2
post_expert,0.25,udp_a0_chroma_u_abs_mean,0.46212633607850007,low,1756,0.5672215769776745,high,315,2
post_expert,0.25,udp_a0_chroma_v_abs_mean,0.43731294900998774,low,1756,0.5888714293305398,high,315,2
post_expert,0.25,udp_a0_lowfreq_abs_mean,0.4144506746101279,low,1756,0.6388414444368533,high,315,2
post_expert,0.25,udp_a0_highfreq_abs_mean,0.516131067110566,high,1756,0.48598604753554536,low,315,2
post_expert,0.25,udp_a0_low_high_abs_ratio,0.3820663220606273,low,1756,0.6679328642025916,high,315,2
post_expert,0.25,udp_a0_absdiff_mean,0.41754288996825345,low,1773,0.6368082161979236,high,314,3
post_expert,0.25,udp_a0_absdiff_std,0.45794432321146594,low,1773,0.6038823891997728,high,314,3
post_expert,0.25,udp_a0_absdiff_min,0.4908519071815983,low,1773,0.5031288147064866,high,314,3
post_expert,0.25,udp_a0_absdiff_max,0.5418379788594019,high,1773,0.5027125962363577,high,314,3
post_expert,0.25,udp_a0_absdiff_range,0.5418388479130112,high,1773,0.5027110854615116,high,314,3
post_expert,0.25,udp_a0_luma_shift_mean,0.3720826956652475,low,1773,0.6391574710837694,high,314,3
post_expert,0.25,udp_a0_luma_shift_abs_mean,0.4230552970121068,low,1773,0.6352762905038736,high,314,3
post_expert,0.25,udp_a0_chroma_u_abs_mean,0.47497690490033256,low,1773,0.5612090428939195,high,314,3
post_expert,0.25,udp_a0_chroma_v_abs_mean,0.4486897713259238,low,1773,0.581406591812809,high,314,3
post_expert,0.25,udp_a0_lowfreq_abs_mean,0.41287259587182157,low,1773,0.6448493153168398,high,314,3
post_expert,0.25,udp_a0_highfreq_abs_mean,0.5143841408144945,high,1773,0.47601191699198686,low,314,3
post_expert,0.25,udp_a0_low_high_abs_ratio,0.38411039761809784,low,1773,0.6733991829729632,high,314,3
post_expert,0.25,udp_a0_absdiff_mean,0.4346689672099319,low,1764,0.615973724083451,high,296,4
post_expert,0.25,udp_a0_absdiff_std,0.4708594800332626,low,1764,0.5943404472992398,high,296,4
post_expert,0.25,udp_a0_absdiff_min,0.49241104627095855,low,1764,0.5027470570714462,high,296,4
post_expert,0.25,udp_a0_absdiff_max,0.548017429912191,high,1764,0.4915888576645644,low,296,4
post_expert,0.25,udp_a0_absdiff_range,0.548017429912191,high,1764,0.4915888576645644,low,296,4
post_expert,0.25,udp_a0_luma_shift_mean,0.37225299382003746,low,1764,0.6475673085639545,high,296,4
post_expert,0.25,udp_a0_luma_shift_abs_mean,0.44011535685895253,low,1764,0.6124108056307386,high,296,4
post_expert,0.25,udp_a0_chroma_u_abs_mean,0.45730257638865995,low,1764,0.5780847330320258,high,296,4
post_expert,0.25,udp_a0_chroma_v_abs_mean,0.44403965140175616,low,1764,0.5891425685388311,high,296,4
post_expert,0.25,udp_a0_lowfreq_abs_mean,0.4289533260800281,low,1764,0.624326590605939,high,296,4
post_expert,0.25,udp_a0_highfreq_abs_mean,0.5267273306737881,high,1764,0.46664195340525,low,296,4
post_expert,0.25,udp_a0_low_high_abs_ratio,0.3872898647881339,low,1764,0.6667222445253111,high,296,4
post_expert,0.5,udp_a0_absdiff_mean,0.4226111922590534,low,1601,0.606953724350263,high,553,0
post_expert,0.5,udp_a0_absdiff_std,0.4499498124955949,low,1601,0.5863573869154902,high,553,0
post_expert,0.5,udp_a0_absdiff_min,0.4939410436570529,low,1601,0.5024172214727604,high,553,0
post_expert,0.5,udp_a0_absdiff_max,0.5190400616994404,high,1601,0.49922656865893167,low,553,0
post_expert,0.5,udp_a0_absdiff_range,0.519040871828648,high,1601,0.49922557453124394,low,553,0
post_expert,0.5,udp_a0_luma_shift_mean,0.37020879460065087,low,1601,0.6398484154101721,high,553,0
post_expert,0.5,udp_a0_luma_shift_abs_mean,0.42686437059846677,low,1601,0.6037178387266418,high,553,0
post_expert,0.5,udp_a0_chroma_u_abs_mean,0.46835189744412337,low,1601,0.5601641105986935,high,553,0
post_expert,0.5,udp_a0_chroma_v_abs_mean,0.45138617158050537,low,1601,0.5677453283454633,high,553,0
post_expert,0.5,udp_a0_lowfreq_abs_mean,0.4193204474181587,low,1601,0.6127852773665955,high,553,0
post_expert,0.5,udp_a0_highfreq_abs_mean,0.4971673832259507,low,1601,0.4978521871306194,low,553,0
post_expert,0.5,udp_a0_low_high_abs_ratio,0.40185446676890496,low,1601,0.629604426651768,high,553,0
post_expert,0.5,udp_a0_absdiff_mean,0.4268202517832841,low,1621,0.5918375518375518,high,567,1
post_expert,0.5,udp_a0_absdiff_std,0.4437587381695647,low,1621,0.5821783688450355,high,567,1
post_expert,0.5,udp_a0_absdiff_min,0.4974843371701196,low,1621,0.4950126316792983,low,567,1
post_expert,0.5,udp_a0_absdiff_max,0.5078263774145249,high,1621,0.5048157681491015,high,567,1
post_expert,0.5,udp_a0_absdiff_range,0.5078271524184773,high,1621,0.5048148148148148,high,567,1
post_expert,0.5,udp_a0_luma_shift_mean,0.3731558780949783,low,1621,0.6337928404595071,high,567,1
post_expert,0.5,udp_a0_luma_shift_abs_mean,0.43174075187783456,low,1621,0.5877019877019877,high,567,1
post_expert,0.5,udp_a0_chroma_u_abs_mean,0.4521287808567824,low,1621,0.5742914342914343,high,567,1
post_expert,0.5,udp_a0_chroma_v_abs_mean,0.4428062583119174,low,1621,0.5811125411125411,high,567,1
post_expert,0.5,udp_a0_lowfreq_abs_mean,0.42426971377554024,low,1621,0.5971218837885505,high,567,1
post_expert,0.5,udp_a0_highfreq_abs_mean,0.4914827065618035,low,1621,0.49963963963963964,low,567,1
post_expert,0.5,udp_a0_low_high_abs_ratio,0.413312320392834,low,1621,0.61332999666333,high,567,1
post_expert,0.5,udp_a0_absdiff_mean,0.4277071603972919,low,1607,0.5893988891903298,high,582,2
post_expert,0.5,udp_a0_absdiff_std,0.447546832420426,low,1607,0.5782879664797733,high,582,2
post_expert,0.5,udp_a0_absdiff_min,0.49679982679033297,low,1607,0.4984183773437029,low,582,2
post_expert,0.5,udp_a0_absdiff_max,0.5141091111867432,high,1607,0.4997065661361307,low,582,2
post_expert,0.5,udp_a0_absdiff_range,0.5141098900071885,high,1607,0.49970562413335745,low,582,2
post_expert,0.5,udp_a0_luma_shift_mean,0.37528319858441594,low,1607,0.6271129122204135,high,582,2
post_expert,0.5,udp_a0_luma_shift_abs_mean,0.43169472107713985,low,1607,0.5880584192439863,high,582,2
post_expert,0.5,udp_a0_chroma_u_abs_mean,0.46620892793029245,low,1607,0.5517602263821064,high,582,2
post_expert,0.5,udp_a0_chroma_v_abs_mean,0.4435008602071818,low,1607,0.5628607870621571,high,582,2
post_expert,0.5,udp_a0_lowfreq_abs_mean,0.4244828437538211,low,1607,0.5951686561765238,high,582,2
post_expert,0.5,udp_a0_highfreq_abs_mean,0.4989746828837852,low,1607,0.49416711882799785,low,582,2
post_expert,0.5,udp_a0_low_high_abs_ratio,0.40664201440350534,low,1607,0.6181841389341051,high,582,2
post_expert,0.5,udp_a0_absdiff_mean,0.4241223585548739,low,1630,0.5953874503874503,high,572,3
post_expert,0.5,udp_a0_absdiff_std,0.4467698456962261,low,1630,0.5822065772065772,high,572,3
post_expert,0.5,udp_a0_absdiff_min,0.49297770651298256,low,1630,0.50004914004914,high,572,3
post_expert,0.5,udp_a0_absdiff_max,0.5197465452066679,high,1630,0.5033769608769608,high,572,3
post_expert,0.5,udp_a0_absdiff_range,0.5197473198240069,high,1630,0.5033760158760159,high,572,3
post_expert,0.5,udp_a0_luma_shift_mean,0.37403792526491914,low,1630,0.6244925344925345,high,572,3
post_expert,0.5,udp_a0_luma_shift_abs_mean,0.4289025221540559,low,1630,0.591984501984502,high,572,3
post_expert,0.5,udp_a0_chroma_u_abs_mean,0.4791713143707009,low,1630,0.5517388017388017,high,572,3
post_expert,0.5,udp_a0_chroma_v_abs_mean,0.455610553386627,low,1630,0.5644547344547345,high,572,3
post_expert,0.5,udp_a0_lowfreq_abs_mean,0.42074657619136147,low,1630,0.600954450954451,high,572,3
post_expert,0.5,udp_a0_highfreq_abs_mean,0.49762192476916406,low,1630,0.5004148554148554,high,572,3
post_expert,0.5,udp_a0_low_high_abs_ratio,0.40561752494267833,low,1630,0.6148941598941599,high,572,3
post_expert,0.5,udp_a0_absdiff_mean,0.44215194569307337,low,1609,0.5805653920547538,high,550,4
post_expert,0.5,udp_a0_absdiff_std,0.45832951919355436,low,1609,0.572556663194961,high,550,4
post_expert,0.5,udp_a0_absdiff_min,0.4952182731823416,low,1609,0.4979199523880375,low,550,4
post_expert,0.5,udp_a0_absdiff_max,0.517381637205448,high,1609,0.49226404800872886,low,550,4
post_expert,0.5,udp_a0_absdiff_range,0.517381637205448,high,1609,0.49226404800872886,low,550,4
post_expert,0.5,udp_a0_luma_shift_mean,0.37004061456632026,low,1609,0.6310549025442642,high,550,4
post_expert,0.5,udp_a0_luma_shift_abs_mean,0.44675621463890935,low,1609,0.5766622030451818,high,550,4
post_expert,0.5,udp_a0_chroma_u_abs_mean,0.4564706279117946,low,1609,0.5664653077419035,high,550,4
post_expert,0.5,udp_a0_chroma_v_abs_mean,0.45197797274054374,low,1609,0.5632088478896989,high,550,4
post_expert,0.5,udp_a0_lowfreq_abs_mean,0.43806961166436215,low,1609,0.5875901403560978,high,550,4
post_expert,0.5,udp_a0_highfreq_abs_mean,0.5078049344530042,high,1609,0.48178644050984476,low,550,4
post_expert,0.5,udp_a0_low_high_abs_ratio,0.41156977145674445,low,1609,0.6211178892029956,high,550,4
post_expert,0.75,udp_a0_absdiff_mean,0.4583511104448698,low,1324,0.5454507563442967,high,891,0
post_expert,0.75,udp_a0_absdiff_std,0.4645642109268698,low,1324,0.5442102016488692,high,891,0
post_expert,0.75,udp_a0_absdiff_min,0.4942355313530592,low,1324,0.49879885205115904,low,891,0
post_expert,0.75,udp_a0_absdiff_max,0.49635473121007356,low,1324,0.5041691580066552,high,891,0
post_expert,0.75,udp_a0_absdiff_range,0.4963554519037845,low,1324,0.5041684001846054,high,891,0
post_expert,0.75,udp_a0_luma_shift_mean,0.36930507829616477,low,1324,0.63949495707317,high,891,0
post_expert,0.75,udp_a0_luma_shift_abs_mean,0.4624050125688983,low,1324,0.542052682273254,high,891,0
post_expert,0.75,udp_a0_chroma_u_abs_mean,0.4732291114134822,low,1324,0.5368131006213382,high,891,0
post_expert,0.75,udp_a0_chroma_v_abs_mean,0.46649278729734095,low,1324,0.5368509917238254,high,891,0
post_expert,0.75,udp_a0_lowfreq_abs_mean,0.45634614054103917,low,1324,0.5484570364156229,high,891,0
post_expert,0.75,udp_a0_highfreq_abs_mean,0.4936651022808515,low,1324,0.505027012566963,high,891,0
post_expert,0.75,udp_a0_low_high_abs_ratio,0.45057014079472335,low,1324,0.559515554676482,high,891,0
post_expert,0.75,udp_a0_absdiff_mean,0.44957493829525547,low,1349,0.5504519647556728,high,903,1
post_expert,0.75,udp_a0_absdiff_std,0.45249845217569956,low,1349,0.5545912567970263,high,903,1
post_expert,0.75,udp_a0_absdiff_min,0.49551477998684,low,1349,0.49417251463271555,low,903,1
post_expert,0.75,udp_a0_absdiff_max,0.489494576368124,low,1349,0.5180804188591968,high,903,1
post_expert,0.75,udp_a0_absdiff_range,0.4894952704597385,low,1349,0.5180796874062826,high,903,1
post_expert,0.75,udp_a0_luma_shift_mean,0.3666143321589303,low,1349,0.6432374983725173,high,903,1
post_expert,0.75,udp_a0_luma_shift_abs_mean,0.45328694024981747,low,1349,0.5477324228207457,high,903,1
post_expert,0.75,udp_a0_chroma_u_abs_mean,0.46733674271134396,low,1349,0.5468400502654442,high,903,1
post_expert,0.75,udp_a0_chroma_v_abs_mean,0.46010986082074945,low,1349,0.5454597986163837,high,903,1
post_expert,0.75,udp_a0_lowfreq_abs_mean,0.44755513169694294,low,1349,0.552383000449112,high,903,1
post_expert,0.75,udp_a0_highfreq_abs_mean,0.48898893062693133,low,1349,0.5169228946225045,high,903,1
post_expert,0.75,udp_a0_low_high_abs_ratio,0.445988219877118,low,1349,0.5534403156365615,high,903,1
post_expert,0.75,udp_a0_absdiff_mean,0.463794586808358,low,1344,0.538240068315414,high,905,2
post_expert,0.75,udp_a0_absdiff_std,0.4654774515738499,low,1344,0.5441065072640339,high,905,2
post_expert,0.75,udp_a0_absdiff_min,0.49667105248408217,low,1344,0.49506148755341745,low,905,2
post_expert,0.75,udp_a0_absdiff_max,0.4957056121648283,low,1344,0.5102009341838406,high,905,2
post_expert,0.75,udp_a0_absdiff_range,0.49570631277463906,low,1344,0.5102001980263619,high,905,2
post_expert,0.75,udp_a0_luma_shift_mean,0.3668280871670702,low,1344,0.6369462715464093,high,905,2
post_expert,0.75,udp_a0_luma_shift_abs_mean,0.46755966393148596,low,1344,0.5355979991239725,high,905,2
post_expert,0.75,udp_a0_chroma_u_abs_mean,0.476041946910591,low,1344,0.5369164571685174,high,905,2
post_expert,0.75,udp_a0_chroma_v_abs_mean,0.46424928257555376,low,1344,0.5405670621059256,high,905,2
post_expert,0.75,udp_a0_lowfreq_abs_mean,0.46131582929782083,low,1344,0.5408283980109025,high,905,2
post_expert,0.75,udp_a0_highfreq_abs_mean,0.5014376513317191,high,1344,0.5030119883245424,high,905,2
post_expert,0.75,udp_a0_low_high_abs_ratio,0.4494800774594207,low,1344,0.5510495765254103,high,905,2
post_expert,0.75,udp_a0_absdiff_mean,0.46128824043104727,low,1345,0.5444024904803765,high,909,3
post_expert,0.75,udp_a0_absdiff_std,0.46202966383973104,low,1345,0.5486662347662393,high,909,3
post_expert,0.75,udp_a0_absdiff_min,0.4958093009288503,low,1345,0.4982600375040809,low,909,3
post_expert,0.75,udp_a0_absdiff_max,0.49572784100126677,low,1345,0.5073179492437017,high,909,3
post_expert,0.75,udp_a0_absdiff_range,0.4957285313396361,low,1345,0.5073172221386051,high,909,3
post_expert,0.75,udp_a0_luma_shift_mean,0.37117146969587145,low,1345,0.6332641856386564,high,909,3
post_expert,0.75,udp_a0_luma_shift_abs_mean,0.4655890484721086,low,1345,0.541004001259346,high,909,3
post_expert,0.75,udp_a0_chroma_u_abs_mean,0.4905965559018753,low,1345,0.5214717770521269,high,909,3
post_expert,0.75,udp_a0_chroma_v_abs_mean,0.47331876719374,low,1345,0.5316199828839461,high,909,3
post_expert,0.75,udp_a0_lowfreq_abs_mean,0.4584185038296521,low,1345,0.5475210442392554,high,909,3
post_expert,0.75,udp_a0_highfreq_abs_mean,0.4991532999899901,low,1345,0.505564171750949,high,909,3
post_expert,0.75,udp_a0_low_high_abs_ratio,0.4474338396965273,low,1345,0.5545397897357482,high,909,3
post_expert,0.75,udp_a0_absdiff_mean,0.4697991269865052,low,1326,0.5277175734048943,high,884,4
post_expert,0.75,udp_a0_absdiff_std,0.46650713265438626,low,1326,0.5383536233808964,high,884,4
post_expert,0.75,udp_a0_absdiff_min,0.49503775019941754,low,1326,0.4959131879775054,low,884,4
post_expert,0.75,udp_a0_absdiff_max,0.48918329430600566,low,1326,0.5132550659715829,high,884,4
post_expert,0.75,udp_a0_absdiff_range,0.48918329430600566,low,1326,0.5132550659715829,high,884,4
post_expert,0.75,udp_a0_luma_shift_mean,0.3655233871439559,low,1326,0.6362363747777553,high,884,4
post_expert,0.75,udp_a0_luma_shift_abs_mean,0.47379033121144537,low,1326,0.5244620093637086,high,884,4
post_expert,0.75,udp_a0_chroma_u_abs_mean,0.4655467892709809,low,1326,0.5475807401012439,high,884,4
post_expert,0.75,udp_a0_chroma_v_abs_mean,0.46155986592293563,low,1326,0.5376917945296864,high,884,4
post_expert,0.75,udp_a0_lowfreq_abs_mean,0.46761373933169803,low,1326,0.5306418456950184,high,884,4
post_expert,0.75,udp_a0_highfreq_abs_mean,0.49757345628011773,low,1326,0.4988763247896788,low,884,4
post_expert,0.75,udp_a0_low_high_abs_ratio,0.45772848110206893,low,1326,0.5456503430643053,high,884,4
post_expert,1.0,udp_a0_absdiff_mean,0.5200121224366098,high,1042,0.49699708696036726,low,1254,0
post_expert,1.0,udp_a0_absdiff_std,0.49893134948696116,low,1042,0.5149696284947203,high,1254,0
post_expert,1.0,udp_a0_absdiff_min,0.49996572525363314,low,1042,0.4978166468374547,low,1254,0
post_expert,1.0,udp_a0_absdiff_max,0.4755891648507064,low,1042,0.5296382524044703,high,1254,0
post_expert,1.0,udp_a0_absdiff_range,0.4755891648507064,low,1042,0.5296382524044703,high,1254,0
post_expert,1.0,udp_a0_luma_shift_mean,0.3577713477551845,low,1042,0.6451056083859021,high,1254,0
post_expert,1.0,udp_a0_luma_shift_abs_mean,0.5232411643311734,high,1042,0.49459119012362585,low,1254,0
post_expert,1.0,udp_a0_chroma_u_abs_mean,0.49049976188070943,low,1042,0.51531414322112,high,1254,0
post_expert,1.0,udp_a0_chroma_v_abs_mean,0.49479745428831196,low,1042,0.5105315940689258,high,1254,0
post_expert,1.0,udp_a0_lowfreq_abs_mean,0.5207199861457867,high,1042,0.49662047458865083,low,1254,0
post_expert,1.0,udp_a0_highfreq_abs_mean,0.49531951279350006,low,1042,0.5105212514943237,high,1254,0
post_expert,1.0,udp_a0_low_high_abs_ratio,0.5204926904593538,high,1042,0.4921617550136522,low,1254,0
post_expert,1.0,udp_a0_absdiff_mean,0.5098969057821804,high,1057,0.507466207109023,high,1288,1
post_expert,1.0,udp_a0_absdiff_std,0.48527255272970116,low,1057,0.5268830218574124,high,1288,1
post_expert,1.0,udp_a0_absdiff_min,0.5013592854360287,high,1057,0.4971832380658968,low,1288,1
post_expert,1.0,udp_a0_absdiff_max,0.4651507457287551,low,1057,0.5360385296722764,high,1288,1
post_expert,1.0,udp_a0_absdiff_range,0.4651507457287551,low,1057,0.5360385296722764,high,1288,1
post_expert,1.0,udp_a0_luma_shift_mean,0.36458762312872167,low,1057,0.6402570020190461,high,1288,1
post_expert,1.0,udp_a0_luma_shift_abs_mean,0.5125319995547888,high,1057,0.5055021758385644,high,1288,1
post_expert,1.0,udp_a0_chroma_u_abs_mean,0.4902283098669932,low,1057,0.5184327360551029,high,1288,1
post_expert,1.0,udp_a0_chroma_v_abs_mean,0.4927646224052535,low,1057,0.5171715198961319,high,1288,1
post_expert,1.0,udp_a0_lowfreq_abs_mean,0.5101508152930047,high,1057,0.5076209364633133,high,1288,1
post_expert,1.0,udp_a0_highfreq_abs_mean,0.49153194390338917,low,1057,0.5111391381368661,high,1288,1
post_expert,1.0,udp_a0_low_high_abs_ratio,0.5105313317379933,high,1057,0.5022150366674185,high,1288,1
post_expert,1.0,udp_a0_absdiff_mean,0.5228920492359201,high,1029,0.49494152341321257,low,1291,2
post_expert,1.0,udp_a0_absdiff_std,0.493785521263179,low,1029,0.5171497743953483,high,1291,2
post_expert,1.0,udp_a0_absdiff_min,0.5025276424502781,high,1029,0.49706627114935065,low,1291,2
post_expert,1.0,udp_a0_absdiff_max,0.4720226715024634,low,1029,0.5283181598718969,high,1291,2
post_expert,1.0,udp_a0_absdiff_range,0.4720226715024634,low,1029,0.5283181598718969,high,1291,2
post_expert,1.0,udp_a0_luma_shift_mean,0.35972131356951953,low,1029,0.6368192349240864,high,1291,2
post_expert,1.0,udp_a0_luma_shift_abs_mean,0.5251553884340332,high,1029,0.493791790700017,low,1291,2
post_expert,1.0,udp_a0_chroma_u_abs_mean,0.4967292031451028,low,1029,0.5089453373301887,high,1291,2
post_expert,1.0,udp_a0_chroma_v_abs_mean,0.5005727158588303,high,1029,0.5048813274376244,high,1291,2
post_expert,1.0,udp_a0_lowfreq_abs_mean,0.5231298868753851,high,1029,0.4955827338629282,low,1291,2
post_expert,1.0,udp_a0_highfreq_abs_mean,0.4982786765499851,low,1029,0.5022112382030824,high,1291,2
post_expert,1.0,udp_a0_low_high_abs_ratio,0.5185058150244225,high,1029,0.49773214353944,low,1291,2
post_expert,1.0,udp_a0_absdiff_mean,0.5193391791838394,high,1059,0.5002962182574431,high,1280,3
post_expert,1.0,udp_a0_absdiff_std,0.49413440468000586,low,1059,0.5218243760945709,high,1280,3
post_expert,1.0,udp_a0_absdiff_min,0.5029274284562257,high,1059,0.4958673106392294,low,1280,3
post_expert,1.0,udp_a0_absdiff_max,0.4688513437211838,low,1059,0.5324266637478109,high,1280,3
post_expert,1.0,udp_a0_absdiff_range,0.4688513437211838,low,1059,0.5324266637478109,high,1280,3
post_expert,1.0,udp_a0_luma_shift_mean,0.36537258463770345,low,1059,0.6335670698336252,high,1280,3
post_expert,1.0,udp_a0_luma_shift_abs_mean,0.5230997002252294,high,1059,0.4979038966725044,low,1280,3
post_expert,1.0,udp_a0_chroma_u_abs_mean,0.5048679626192569,high,1059,0.5027637915936952,high,1280,3
post_expert,1.0,udp_a0_chroma_v_abs_mean,0.4974529190109303,low,1059,0.5096794275394045,high,1280,3
post_expert,1.0,udp_a0_lowfreq_abs_mean,0.5194818960840838,high,1059,0.501076784150613,high,1280,3
post_expert,1.0,udp_a0_highfreq_abs_mean,0.4954212815839082,low,1059,0.5082664048817863,high,1280,3
post_expert,1.0,udp_a0_low_high_abs_ratio,0.5155239269040063,high,1059,0.5012587565674256,high,1280,3
post_expert,1.0,udp_a0_absdiff_mean,0.5258725807815149,high,1037,0.4911562020357342,low,1259,4
post_expert,1.0,udp_a0_absdiff_std,0.49631967857905346,low,1037,0.514638375935259,high,1259,4
post_expert,1.0,udp_a0_absdiff_min,0.5013057009518542,high,1037,0.49773834795168737,low,1259,4
post_expert,1.0,udp_a0_absdiff_max,0.46688964480635503,low,1037,0.5335601463060272,high,1259,4
post_expert,1.0,udp_a0_absdiff_range,0.46688964480635503,low,1037,0.5335601463060272,high,1259,4
post_expert,1.0,udp_a0_luma_shift_mean,0.3592214368513586,low,1037,0.6382169376927403,high,1259,4
post_expert,1.0,udp_a0_luma_shift_abs_mean,0.528895215797083,high,1037,0.48914576614213956,low,1259,4
post_expert,1.0,udp_a0_chroma_u_abs_mean,0.49025076622615527,low,1037,0.5206781634862442,high,1259,4
post_expert,1.0,udp_a0_chroma_v_abs_mean,0.4922274076122545,low,1037,0.514784653696234,high,1259,4
post_expert,1.0,udp_a0_lowfreq_abs_mean,0.5264779675054199,high,1037,0.4913031864525594,low,1259,4
post_expert,1.0,udp_a0_highfreq_abs_mean,0.49366600706977065,low,1037,0.5068722281424279,high,1259,4
post_expert,1.0,udp_a0_low_high_abs_ratio,0.5258869094613706,high,1037,0.48989764796666846,low,1259,4
