canary_name,epoch,param_group,grad_l2_before_clip,grad_l2_after_clip,clip_coef,update_l2,weight_l2,weight_std,bias_mean,bias_delta,loss
canary32,1,mid_context,0.00033242725238082543,3.716705082595494e-06,0.019119509558392537,0.5066387148042736,4.193663120269775,0.02519182488322258,-0.007971314713358879,0.02385551997538556,3.3758199447765946
canary32,1,mid_risk,0.6756588798106036,0.007057249914967825,0.019119509558392537,0.10221077657244608,3.531160354614258,0.1069876030087471,-0.036100540310144424,0.016849341474019144,3.3758199447765946
canary32,1,final_context,0.00011567937955275576,1.3754169003183303e-06,0.019119509558392537,0.6215664077692077,6.056784629821777,0.02951453998684883,-0.003413289552554488,0.035096942669071075,3.3758199447765946
canary32,1,final_risk,0.6780401578279213,0.007084827129273327,0.019119509558392537,0.10240492035476297,3.5396955013275146,0.10726233571767807,-0.0712994784116745,0.01748738511547935,3.3758199447765946
canary32,1,other_trainable,0.0,0.0,0.019119509558392537,0.0,0.0,0.0,nan,0.0,3.3758199447765946
canary32,2,mid_context,0.000725995811299865,7.744816967745963e-06,0.019153728778918192,0.4556456321639699,3.7886688709259033,0.0227589700371027,-0.007458863779902458,0.021994708746278936,3.375684743747115
canary32,2,mid_risk,0.6744009909075166,0.007057111260798471,0.019153728778918192,0.09868459450086949,3.4523701667785645,0.10460120439529419,-0.03621560335159302,0.015917346794181646,3.375684743747115
canary32,2,final_context,0.00016304873164604602,1.8259564033938666e-06,0.019153728778918192,0.5544659854556979,5.6175408363342285,0.02737409807741642,-0.0032511267345398664,0.03265685941827273,3.375684743747115
canary32,2,final_risk,0.6768531267655535,0.007084962703489198,0.019153728778918192,0.09898789067104558,3.4605917930603027,0.10486513376235962,-0.07033373415470123,0.01687715134501009,3.375684743747115
canary32,2,other_trainable,0.0,0.0,0.019153728778918192,0.0,0.0,0.0,nan,0.0,3.375684743747115
canary32,3,mid_context,0.0010679441713511851,1.1242375272255374e-05,0.019185514063752258,0.40811530367031706,3.4195356369018555,0.02054153010249138,-0.006946163717657328,0.02014760801089664,3.3755752285942435
canary32,3,mid_risk,0.6732166748830217,0.007057257510382218,0.019185514063752258,0.09522458702059654,3.3759725093841553,0.1022871881723404,-0.03632425516843796,0.015119780289615747,3.3755752285942435
canary32,3,final_context,0.00020440621057783275,2.206746640864688e-06,0.019185514063752258,0.49294491371417976,5.22210693359375,0.025447161868214607,-0.003069245023652911,0.03035122001890814,3.3755752285942435
canary32,3,final_risk,0.6756850196156007,0.007084812895404157,0.019185514063752258,0.09564843938442298,3.3838813304901123,0.10254041105508804,-0.0694306269288063,0.016325901499979558,3.3755752285942435
canary32,3,other_trainable,0.0,0.0,0.019185514063752258,0.0,0.0,0.0,nan,0.0,3.3755752285942435
canary32,4,mid_context,0.001348765560147407,1.4176289471725091e-05,0.019212854524421855,0.3679153310444659,3.082982301712036,0.018519800156354904,-0.006439969874918461,0.018423014570035198,3.3753148019313812
canary32,4,mid_risk,0.6721879011195944,0.0070575625322194056,0.019212854524421855,0.0921603043630805,3.3018810749053955,0.1000429317355156,-0.03642992675304413,0.014528935985107225,3.3753148019313812
canary32,4,final_context,0.0002512392343912167,2.694599520863625e-06,0.019212854524421855,0.4417916650792955,4.865126609802246,0.023707600310444832,-0.0028765746392309666,0.028395709094688058,3.3753148019313812
canary32,4,final_risk,0.6746230768219209,0.007084503619688301,0.019212854524421855,0.09265065222283421,3.3094847202301025,0.10028577595949173,-0.06857971101999283,0.01588677076131258,3.3753148019313812
canary32,4,other_trainable,0.0,0.0,0.019212854524421855,0.0,0.0,0.0,nan,0.0,3.3753148019313812
canary32,5,mid_context,0.001488317077237833,1.5611379460377064e-05,0.019241278984561162,0.3328632895836965,2.7760276794433594,0.016675880178809166,-0.005943091586232185,0.01692534975413646,3.37534695956856
canary32,5,mid_risk,0.6712093650338139,0.0070581431160702006,0.019241278984561162,0.08939548159907727,3.22996187210083,0.09786444902420044,-0.03653959929943085,0.014017520373413743,3.37534695956856
canary32,5,final_context,0.00025092058951707536,2.7040860430726716e-06,0.019241278984561162,0.39802187818123086,4.541863441467285,0.022132327780127525,-0.002689252607524395,0.02666808630297927,3.37534695956856
canary32,5,final_risk,0.6735556479464418,0.007083922462708815,0.019241278984561162,0.08988813875911583,3.2372782230377197,0.09809749573469162,-0.06777282059192657,0.015482401975303662,3.37534695956856
canary32,5,other_trainable,0.0,0.0,0.019241278984561162,0.0,0.0,0.0,nan,0.0,3.37534695956856
canary32,6,mid_context,0.0015749182805026795,1.647677568342749e-05,0.019270550162436957,0.3015597688467715,2.496217966079712,0.014995027333498001,-0.0054632690735161304,0.015541625053669753,3.3754196893423796
canary32,6,mid_risk,0.6702411160047975,0.007058729064908332,0.019270550162436957,0.08681976429052388,3.1601719856262207,0.09575044363737106,-0.036643169820308685,0.013481516913914549,3.3754196893423796
canary32,6,final_context,0.00023867734250379355,2.5432582095955656e-06,0.019270550162436957,0.3598096247986831,4.2482805252075195,0.0207016970962286,-0.0025141043588519096,0.025086876924224556,3.3754196893423796
canary32,6,final_risk,0.6724991926653575,0.007083336537098042,0.019270550162436957,0.08728644992080926,3.1672191619873047,0.09597425907850266,-0.0670054629445076,0.015010555580071859,3.3754196893423796
canary32,6,other_trainable,0.0,0.0,0.019270550162436957,0.0,0.0,0.0,nan,0.0,3.3754196893423796
canary32,7,mid_context,0.0016789477606925537,1.7582312972943164e-05,0.019296583001303075,0.2733114176751072,2.241382598876953,0.013464203104376793,-0.005006968975067139,0.014338384700758712,3.375377830117941
canary32,7,mid_risk,0.6693930391330316,0.007059402769956108,0.019296583001303075,0.08440517737907434,3.0923945903778076,0.09369736909866333,-0.03674451634287834,0.012929931444019266,3.375377830117941
canary32,7,final_context,0.0002359113460786837,2.5041335711336925e-06,0.019296583001303075,0.32611193257939325,3.9808671474456787,0.019398588687181473,-0.002353221643716097,0.023628113431358542,3.375377830117941
canary32,7,final_risk,0.6715369714186281,0.00708266259745902,0.019296583001303075,0.08482111846886278,3.0991876125335693,0.09391243755817413,-0.06627815961837769,0.014504449179348884,3.375377830117941
canary32,7,other_trainable,0.0,0.0,0.019296583001303075,0.0,0.0,0.0,nan,0.0,3.375377830117941
canary32,8,mid_context,0.001729853481461135,1.8126626717429566e-05,0.01932315165587321,0.24754586540107337,2.0096657276153564,0.012072250247001648,-0.004577503073960543,0.01300378801235337,3.375696111470461
canary32,8,mid_risk,0.6685206521115168,0.007060074640828891,0.01932315165587321,0.08216657943703666,3.0267045497894287,0.0917075052857399,-0.03683032467961311,0.012806177577548096,3.375696111470461
canary32,8,final_context,0.00022672831049199853,2.4068322071586328e-06,0.01932315165587321,0.29624802788662313,3.736521005630493,0.018207894638180733,-0.0021993082482367754,0.02227288289891646,3.375696111470461
canary32,8,final_risk,0.6705459009404413,0.007081991736569491,0.01932315165587321,0.08255549598379555,3.033255100250244,0.09191424399614334,-0.06556618213653564,0.014402325951671117,3.375696111470461
canary32,8,other_trainable,0.0,0.0,0.01932315165587321,0.0,0.0,0.0,nan,0.0,3.375696111470461
canary32,9,mid_context,0.0017607309953450827,1.850464991002759e-05,0.01934630292346037,0.22405609706772397,1.7991552352905273,0.010807687416672707,-0.004184847231954336,0.01193183834114305,3.375552821904421
canary32,9,mid_risk,0.6677725799471516,0.00706073913672017,0.01934630292346037,0.07997644599677141,2.9629414081573486,0.08977600187063217,-0.03690246492624283,0.012206381311338802,3.375552821904421
canary32,9,final_context,0.0002204899100958895,2.337662471322228e-06,0.01934630292346037,0.26974977987634896,3.5124969482421875,0.017116226255893707,-0.0020620403811335564,0.021021334564827167,3.375552821904421
canary32,9,final_risk,0.6696883992001995,0.007081328358146121,0.01934630292346037,0.08030636215375389,2.9692718982696533,0.08997508883476257,-0.06489483267068863,0.013801966891996465,3.375552821904421
canary32,9,other_trainable,0.0,0.0,0.01934630292346037,0.0,0.0,0.0,nan,0.0,3.375552821904421
canary32,10,mid_context,0.0017624357521733949,1.855776212807423e-05,0.01936851007436353,0.20254308790466308,1.6082817316055298,0.009661088697612286,-0.0038188837934285402,0.011025334307659385,3.37563553545624
canary32,10,mid_risk,0.6670577578609193,0.007061374843079415,0.01936851007436353,0.07792952958814388,2.9009757041931152,0.08789893239736557,-0.03698316961526871,0.011896418131631404,3.37563553545624
canary32,10,final_context,0.0002169618998054924,2.297545465116386e-06,0.01936851007436353,0.24623580973202744,3.3063673973083496,0.016111765056848526,-0.0019341971492394805,0.019872028197823608,3.37563553545624
canary32,10,final_risk,0.66886579222414,0.007080694440017022,0.01936851007436353,0.07821975755918263,2.9070916175842285,0.08809055387973785,-0.06424848735332489,0.013555470716750038,3.37563553545624
canary32,10,other_trainable,0.0,0.0,0.01936851007436353,0.0,0.0,0.0,nan,0.0,3.37563553545624
canary32,11,mid_context,0.0017805654269678214,1.8811618834343425e-05,0.019384570090477497,0.18285850973965265,1.4354981184005737,0.008623162284493446,-0.0034888149239122868,0.010350745915740773,3.375343529507518
canary32,11,mid_risk,0.6664686126140414,0.007062001692281427,0.019384570090477497,0.07596568325737837,2.840745687484741,0.08607442677021027,-0.03707103803753853,0.011502258551724397,3.375343529507518
canary32,11,final_context,0.00021373113915760413,2.2900104451752738e-06,0.019384570090477497,0.22539604545745004,3.11600661277771,0.015184135176241398,-0.0018190729897469282,0.01881158174245432,3.375343529507518
canary32,11,final_risk,0.6681693638229982,0.007080068700273232,0.019384570090477497,0.07620471571927888,2.8466484546661377,0.08625862747430801,-0.06363454461097717,0.013138131832437772,3.375343529507518
canary32,11,other_trainable,0.0,0.0,0.019384570090477497,0.0,0.0,0.0,nan,0.0,3.375343529507518
canary32,12,mid_context,0.0018204730524392584,1.9205390237649324e-05,0.01939553277616483,0.16481888859200391,1.2794132232666016,0.00768554350361228,-0.0031900450121611357,0.009133259020582905,3.374722270295024
canary32,12,mid_risk,0.6659542557994536,0.007062608836304943,0.01939553277616483,0.07405629026806194,2.7824859619140625,0.08430959284305573,-0.037120018154382706,0.011259027502623963,3.374722270295024
canary32,12,final_context,0.00023692520926333181,2.542996871745906e-06,0.01939553277616483,0.20694465899529937,2.939560890197754,0.014324299991130829,-0.0017033673357218504,0.017835694198840422,3.374722270295024
canary32,12,final_risk,0.6675438538248784,0.007079461686370063,0.01939553277616483,0.07427385783089031,2.7881925106048584,0.0844869315624237,-0.06303691118955612,0.012888801594688994,3.374722270295024
canary32,12,other_trainable,0.0,0.0,0.01939553277616483,0.0,0.0,0.0,nan,0.0,3.374722270295024
canary32,13,mid_context,0.0017267654952590474,1.8315236099199714e-05,0.01942065563189486,0.14838286022151034,1.138588786125183,0.006839598063379526,-0.002896845107898116,0.008323175929292116,3.3751916578039527
canary32,13,mid_risk,0.665205317536472,0.007063073932321475,0.01942065563189486,0.07230395381984962,2.726203203201294,0.08260462433099747,-0.037138164043426514,0.011414400151909712,3.3751916578039527
canary32,13,final_context,0.00020292290677049676,2.166681816220089e-06,0.01942065563189486,0.19062304870809071,2.775421380996704,0.01352445688098669,-0.0015929315704852343,0.01695386565977583,3.3751916578039527
canary32,13,final_risk,0.6667072826325112,0.007079000439497853,0.01942065563189486,0.07247147331380745,2.7317280769348145,0.08277562260627747,-0.06244751065969467,0.012790048546905472,3.3751916578039527
canary32,13,other_trainable,0.0,0.0,0.01942065563189486,0.0,0.0,0.0,nan,0.0,3.3751916578039527
canary32,14,mid_context,0.0016962433293521936,1.7944435088117677e-05,0.019439713831340667,0.13329674985604545,1.011759638786316,0.006077724043279886,-0.0026383590884506702,0.007925147610067797,3.375062466599047
canary32,14,mid_risk,0.6646584590582687,0.007063605089281195,0.019439713831340667,0.07042900331264863,2.67134690284729,0.08094288408756256,-0.03720056638121605,0.010438062821231565,3.375062466599047
canary32,14,final_context,0.00019066091198636394,2.030443331228179e-06,0.019439713831340667,0.1761729794057056,2.6222245693206787,0.012777931988239288,-0.0015001754509285092,0.016100034127716847,3.375062466599047
canary32,14,final_risk,0.6660687076973153,0.007078471582342531,0.019439713831340667,0.07059346521075517,2.6766724586486816,0.08110693842172623,-0.06190093234181404,0.012081852960506713,3.375062466599047
canary32,14,other_trainable,0.0,0.0,0.019439713831340667,0.0,0.0,0.0,nan,0.0,3.375062466599047
canary32,15,mid_context,0.0016188738386046038,1.7230216606797355e-05,0.019456785388011405,0.11964613968802314,0.8976708054542542,0.00539238378405571,-0.002398512791842222,0.006867245272262118,3.3752673054113984
canary32,15,mid_risk,0.6640717377920937,0.007064061036352063,0.019456785388011405,0.06873406053766846,2.618384838104248,0.07933850586414337,-0.03723444417119026,0.010412966636352428,3.3752673054113984
canary32,15,final_context,0.00018129241253516732,1.937344078853566e-06,0.019456785388011405,0.16337152858617812,2.478797197341919,0.012079018168151379,-0.0014044316485524178,0.015328014851522765,3.3752673054113984
canary32,15,final_risk,0.6653990651729433,0.007078018651796733,0.019456785388011405,0.06888493680165275,2.6235268115997314,0.07949616014957428,-0.0613582506775856,0.01197890333897479,3.3752673054113984
canary32,15,other_trainable,0.0,0.0,0.019456785388011405,0.0,0.0,0.0,nan,0.0,3.3752673054113984
canary32,16,mid_context,0.0016138617457795515,1.713905836395607e-05,0.01946454709688041,0.10715531946627159,0.7952934503555298,0.004777392838150263,-0.002192265121266246,0.006680381006998896,3.374708414077759
canary32,16,mid_risk,0.6637021276168624,0.007064574805286324,0.01946454709688041,0.06704945048448795,2.5668795108795166,0.07777827978134155,-0.03729315847158432,0.00989649705922954,3.374708414077759
canary32,16,final_context,0.00018798883946141788,2.0302424628505364e-06,0.01946454709688041,0.15199387953803628,2.344149589538574,0.011422887444496155,-0.0013168810401111841,0.014603944648879819,3.374708414077759
canary32,16,final_risk,0.6649399827972292,0.007077505831661849,0.01946454709688041,0.06718314723477231,2.5718226432800293,0.07792901247739792,-0.06084567680954933,0.011509911197553763,3.374708414077759
canary32,16,other_trainable,0.0,0.0,0.01946454709688041,0.0,0.0,0.0,nan,0.0,3.374708414077759
canary32,17,mid_context,0.001526107899315854,1.627163365631841e-05,0.0194835468959828,0.09579869278000026,0.7035773396492004,0.00422644754871726,-0.001985526643693447,0.0057850021677910155,3.374887485988438
canary32,17,mid_risk,0.6631173857507825,0.007064964045210788,0.0194835468959828,0.06552081295303526,2.517380952835083,0.07627879828214645,-0.037311043590307236,0.010317124353766706,3.374887485988438
canary32,17,final_context,0.00016789505294548067,1.803886586395549e-06,0.0194835468959828,0.1418422199909749,2.2174384593963623,0.010805432684719563,-0.0012240736978128552,0.01396055012741012,3.374887485988438
canary32,17,final_risk,0.6642779165632897,0.007077119588392382,0.0194835468959828,0.06562589331714833,2.522146463394165,0.07642339169979095,-0.06032279133796692,0.01164421300542342,3.374887485988438
canary32,17,other_trainable,0.0,0.0,0.0194835468959828,0.0,0.0,0.0,nan,0.0,3.374887485988438
canary32,18,mid_context,0.0014824523849274063,1.5771690493979833e-05,0.019495204034852293,0.08566436382586737,0.6213322877883911,0.003732394427061081,-0.0018081065500155091,0.005529432173996065,3.374674511142075
canary32,18,mid_risk,0.6627186091828947,0.007065383590258368,0.019495204034852293,0.06382496142180495,2.469205141067505,0.074819415807724,-0.03736186772584915,0.009293948092161549,3.374674511142075
canary32,18,final_context,0.00016487847890669742,1.7707513541045814e-06,0.019495204034852293,0.13273167753672582,2.0979528427124023,0.010223185643553734,-0.0011464504059404135,0.013305506064093248,3.374674511142075
canary32,18,final_risk,0.6638064439033777,0.00707670181046677,0.019495204034852293,0.06394649355149519,2.473775625228882,0.07495725154876709,-0.059839945286512375,0.010882985033706435,3.374674511142075
canary32,18,other_trainable,0.0,0.0,0.019495204034852293,0.0,0.0,0.0,nan,0.0,3.374674511142075
canary32,19,mid_context,0.001400256232490889,1.4961304951324883e-05,0.01951045755537238,0.07636958208758397,0.5478640198707581,0.003291065338999033,-0.0016359897563233972,0.00482241426787896,3.3747788071632385
canary32,19,mid_risk,0.6622270634493147,0.007065742174812256,0.01951045755537238,0.0623779233082716,2.4229631423950195,0.07341859489679337,-0.03738396614789963,0.00965978746013123,3.3747788071632385
canary32,19,final_context,0.0001542569161111588,1.6523593134966668e-06,0.01951045755537238,0.12451540684582704,1.9850828647613525,0.009673169814050198,-0.001062633702531457,0.012737258983107952,3.3747788071632385
canary32,19,final_risk,0.6632449232434524,0.007076345551342033,0.01951045755537238,0.06246246581928918,2.4273581504821777,0.07355035841464996,-0.059350382536649704,0.010912574376637606,3.3747788071632385
canary32,19,other_trainable,0.0,0.0,0.01951045755537238,0.0,0.0,0.0,nan,0.0,3.3747788071632385
canary32,20,mid_context,0.0013707207031078963,1.4629998696065078e-05,0.019517154989119653,0.06800296949195028,0.4822847843170166,0.0028971261344850063,-0.0014913257909938693,0.005120403157343974,3.3745108665898442
canary32,20,mid_risk,0.6619205843182322,0.007066130615346108,0.019517154989119653,0.060828788446374286,2.3777902126312256,0.07205017656087875,-0.03744877502322197,0.008962845964502366,3.3745108665898442
canary32,20,final_context,0.000157039024319452,1.7088615955212929e-06,0.019517154989119653,0.11705317099772336,1.878304362297058,0.009152846410870552,-0.0009924176847562194,0.012171857565120497,3.3745108665898442
canary32,20,final_risk,0.6628717372617438,0.0070759584758719836,0.019517154989119653,0.06093291061607293,2.381972551345825,0.07217463850975037,-0.05889188498258591,0.010435022828965001,3.3745108665898442
canary32,20,other_trainable,0.0,0.0,0.019517154989119653,0.0,0.0,0.0,nan,0.0,3.3745108665898442
canary32,21,mid_context,0.0012989094792950618,1.3860238604138759e-05,0.019530718978065773,0.06053476470366697,0.42378008365631104,0.002545684576034546,-0.001351514016278088,0.004013839639017204,3.3743780376389623
canary32,21,mid_risk,0.661483574858566,0.007066459295150755,0.019530718978065773,0.05939787242685619,2.3346006870269775,0.07074181735515594,-0.037481993436813354,0.00914072349904036,3.3743780376389623
canary32,21,final_context,0.00014617294376278756,1.5685106582919905e-06,0.019530718978065773,0.11023744247044401,1.777164340019226,0.008659997954964638,-0.0009140228503383696,0.011646976664792476,3.3743780376389623
canary32,21,final_risk,0.6623691453312739,0.0070756318481849205,0.019530718978065773,0.05949509345033874,2.338599920272827,0.07086000591516495,-0.058422625064849854,0.010449250136357315,3.3743780376389623
canary32,21,other_trainable,0.0,0.0,0.019530718978065773,0.0,0.0,0.0,nan,0.0,3.3743780376389623
canary32,22,mid_context,0.0012262408338251866,1.309585396271601e-05,0.019544339326992895,0.05370207087333039,0.37171778082847595,0.0022329422645270824,-0.001219846773892641,0.00376972433320683,3.3744490705430508
canary32,22,mid_risk,0.661092238287103,0.007066761168550957,0.019544339326992895,0.05787002453926789,2.2927534580230713,0.06947413086891174,-0.03753332048654556,0.008327834035148063,3.3744490705430508
canary32,22,final_context,0.00013374118198674893,1.432430307817504e-06,0.019544339326992895,0.10397388993651054,1.6812682151794434,0.008192705921828747,-0.0008486736915074289,0.011126704373105385,3.3744490705430508
canary32,22,final_risk,0.6619219241763586,0.007075331674203586,0.019544339326992895,0.05798830930935694,2.296555519104004,0.06958556175231934,-0.05798351764678955,0.009799735966215785,3.3744490705430508
canary32,22,other_trainable,0.0,0.0,0.019544339326992895,0.0,0.0,0.0,nan,0.0,3.3744490705430508
canary32,23,mid_context,0.0011602557309749353,1.2424878180243236e-05,0.019555750774704637,0.04764866497923818,0.32543474435806274,0.001954916398972273,-0.0011001284001395106,0.0033284837806059567,3.3744884952902794
canary32,23,mid_risk,0.6607214771901337,0.007067054179486455,0.019555750774704637,0.05652123486453072,2.2525875568389893,0.06825736910104752,-0.03757714852690697,0.008445029191582422,3.3744884952902794
canary32,23,final_context,0.0001262091533162565,1.3540131963524018e-06,0.019555750774704637,0.09819328698909593,1.5902670621871948,0.00774926645681262,-0.0007811748655512929,0.01065612495843761,3.3744884952902794
canary32,23,final_risk,0.6614945338690016,0.0070750402304823705,0.019555750774704637,0.056623345234550454,2.256202459335327,0.06836239993572235,-0.057542987167835236,0.009719803213074961,3.3744884952902794
canary32,23,other_trainable,0.0,0.0,0.019555750774704637,0.0,0.0,0.0,nan,0.0,3.3744884952902794
canary32,24,mid_context,0.0010878234458554488,1.1671329486918015e-05,0.019569284371849027,0.04219274710607645,0.2843482494354248,0.0017081067198887467,-0.0009888034546747804,0.003092395863119248,3.3746603205800056
canary32,24,mid_risk,0.6603524829306309,0.00706732345519327,0.019569284371849027,0.055112135566380865,2.2137815952301025,0.06708180904388428,-0.03763193637132645,0.007991093514900797,3.3746603205800056
canary32,24,final_context,0.00011925918153592413,1.2780952530138894e-06,0.019569284371849027,0.0928305451773248,1.5038514137268066,0.007328169420361519,-0.0007205411093309522,0.010194357183289055,3.3746603205800056
canary32,24,final_risk,0.6610747395063827,0.007074772735544309,0.019569284371849027,0.055231918590712706,2.217200517654419,0.06718016415834427,-0.05711784586310387,0.009362322423854992,3.3746603205800056
canary32,24,other_trainable,0.0,0.0,0.019569284371849027,0.0,0.0,0.0,nan,0.0,3.3746603205800056
canary32,25,mid_context,0.0010450323209441736,1.1195960069808632e-05,0.019576712785844386,0.037347008459009894,0.24790608882904053,0.0014891955070197582,-0.0008918255334720016,0.0030081893078120966,3.374463223852217
canary32,25,mid_risk,0.6600749886201678,0.007067606715766834,0.019576712785844386,0.05376076161637953,2.1762924194335938,0.06594612449407578,-0.037697140127420425,0.007685252174274855,3.374463223852217
canary32,25,final_context,0.00011366441820317612,1.2180894736441949e-06,0.019576712785844386,0.08783881306477245,1.42174232006073,0.006928058806806803,-0.0006613995064981282,0.009760359642271604,3.374463223852217
canary32,25,final_risk,0.6607449617413161,0.007074490424639076,0.019576712785844386,0.05389002509347357,2.17950701713562,0.06603755056858063,-0.05670648440718651,0.009087221906694403,3.374463223852217
canary32,25,other_trainable,0.0,0.0,0.019576712785844386,0.0,0.0,0.0,nan,0.0,3.374463223852217
canary32,26,mid_context,0.0010186699173154888,1.0908589151527986e-05,0.01957898554313151,0.03300100257810378,0.21564987301826477,0.001295429770834744,-0.0008070276235230267,0.0030105474432598244,3.374161415733397
canary32,26,mid_risk,0.6598623728129005,0.007067886370095865,0.01957898554313151,0.0524518513157442,2.14009165763855,0.06484945863485336,-0.037772174924612045,0.0074412181941224745,3.374161415733397
canary32,26,final_context,0.00011522877270199865,1.24597328213367e-06,0.01957898554313151,0.08317695692585331,1.343690276145935,0.006547712720930576,-0.0006058156723156571,0.009348484009528849,3.374161415733397
canary32,26,final_risk,0.6604819882371148,0.007074211352122517,0.01957898554313151,0.05258113972618456,2.1430938243865967,0.06493370980024338,-0.05631031468510628,0.008806256835133008,3.374161415733397
canary32,26,other_trainable,0.0,0.0,0.01957898554313151,0.0,0.0,0.0,nan,0.0,3.374161415733397
canary32,27,mid_context,0.0009647950253430551,1.0335343995263237e-05,0.019588249484297538,0.02908473319391608,0.18720100820064545,0.0011245358036831021,-0.0007306374027393758,0.002445580601774497,3.3740588752552867
canary32,27,mid_risk,0.6595610175019825,0.007068119614232218,0.019588249484297538,0.05123501466496965,2.1056461334228516,0.0638059601187706,-0.03783344849944115,0.0077469876100020214,3.3740588752552867
canary32,27,final_context,0.00010868822711941412,1.1659507003652739e-06,0.019588249484297538,0.07881159327359184,1.2694649696350098,0.006186020094901323,-0.0005482526030391455,0.00896153045247503,3.3740588752552867
canary32,27,final_risk,0.6601339900489094,0.007073979076182866,0.019588249484297538,0.051351302902682805,2.1084578037261963,0.06388376653194427,-0.0559014268219471,0.008894595194414294,3.3740588752552867
canary32,27,other_trainable,0.0,0.0,0.019588249484297538,0.0,0.0,0.0,nan,0.0,3.3740588752552867
canary32,28,mid_context,0.0009132155060173205,9.785564105457448e-06,0.019596932207905055,0.025575097177790666,0.1621219664812088,0.0009738833759911358,-0.0006551247206516564,0.002321030860558826,3.3740767342969775
canary32,28,mid_risk,0.659294500057506,0.0070683376122401805,0.019596932207905055,0.04990310203475265,2.072336196899414,0.06279685348272324,-0.03791095316410065,0.00708192121903979,3.3740767342969775
canary32,28,final_context,0.00010190806366591052,1.0944301130635115e-06,0.019596932207905055,0.07471095213049592,1.198860764503479,0.00584197323769331,-0.0004995563649572432,0.008570425701526559,3.3740767342969775
canary32,28,final_risk,0.6598269191913764,0.007073762071962353,0.019596932207905055,0.05004419889104844,2.074944257736206,0.06286779791116714,-0.05551644042134285,0.008390061382805897,3.3740767342969775
canary32,28,other_trainable,0.0,0.0,0.019596932207905055,0.0,0.0,0.0,nan,0.0,3.3740767342969775
canary32,29,mid_context,0.0008781835307688238,9.416718705551918e-06,0.019601007606714557,0.02245753771088525,0.1400754600763321,0.0008414480835199356,-0.000592439784668386,0.00202464615745933,3.373900616541505
canary32,29,mid_risk,0.6590796237478379,0.007068562039295111,0.019601007606714557,0.04870131227244047,2.0404794216156006,0.061831749975681305,-0.03798750787973404,0.0071133310489462104,3.373900616541505
canary32,29,final_context,0.00010134188410196306,1.0934839648536e-06,0.019601007606714557,0.07085433224791357,1.1316882371902466,0.005514648277312517,-0.00045049533946439624,0.008210263075380423,3.373900616541505
canary32,29,final_risk,0.6595698519863814,0.0070735382815270585,0.019601007606714557,0.04884138892379593,2.042891025543213,0.061896100640296936,-0.05513074994087219,0.008327425686833057,3.373900616541505
canary32,29,other_trainable,0.0,0.0,0.019601007606714557,0.0,0.0,0.0,nan,0.0,3.373900616541505
canary32,30,mid_context,0.0008239634851354956,8.846518687001168e-06,0.019610006977922402,0.019686428888839137,0.12072516977787018,0.0007252090726979077,-0.0005323986406438053,0.0018787755454307046,3.3739642091095448
canary32,30,mid_risk,0.6588196478605445,0.007068751705989004,0.019610006977922402,0.04748421916281834,2.0098776817321777,0.06090465560555458,-0.03807072713971138,0.006872069427956899,3.3739642091095448
canary32,30,final_context,9.281601909004987e-05,1.0010435266587027e-06,0.019610006977922402,0.06721781847252226,1.0677733421325684,0.005203197710216045,-0.00040577235631644726,0.007857135799677348,3.3739642091095448
canary32,30,final_risk,0.6592733482888896,0.007073349485292376,0.019610006977922402,0.04763332725867548,2.0120911598205566,0.06096237897872925,-0.05475430563092232,0.008096334457335793,3.3739642091095448
canary32,30,other_trainable,0.0,0.0,0.019610006977922402,0.0,0.0,0.0,nan,0.0,3.3739642091095448
canary32,31,mid_context,0.0007639534928981851,8.22984529694404e-06,0.019620397605468385,0.017212881084344264,0.10379094630479813,0.0006234836182557046,-0.0004740803560707718,0.0017753822769134488,3.3741749403998256
canary32,31,mid_risk,0.6585511319771322,0.007068923674238375,0.019620397605468385,0.04629319285176548,1.9805372953414917,0.06001574546098709,-0.03815942257642746,0.006645228244565126,3.3741749403998256
canary32,31,final_context,8.518560665537828e-05,9.167976530218126e-07,0.019620397605468385,0.06378400291177595,1.0069581270217896,0.004906842950731516,-0.0003650879953056574,0.00752395143243622,3.3741749403998256
canary32,31,final_risk,0.6589712445608144,0.0070731784378966125,0.019620397605468385,0.04644673869909721,1.9825533628463745,0.060066889971494675,-0.05438724160194397,0.007855094919973936,3.3741749403998256
canary32,31,other_trainable,0.0,0.0,0.019620397605468385,0.0,0.0,0.0,nan,0.0,3.3741749403998256
canary32,32,mid_context,0.0007380521897734493,7.920952051914918e-06,0.019623586213380714,0.015021694798057934,0.08900381624698639,0.0005346558173187077,-0.00042527582263574004,0.0016462250827413575,3.3738603806123137
canary32,32,mid_risk,0.6583818763559823,0.007069120799905862,0.019623586213380714,0.04511938038191642,1.9524421691894531,0.05916455015540123,-0.03825386241078377,0.006390575516663389,3.3738603806123137
canary32,32,final_context,8.243583692477316e-05,8.853024798975357e-07,0.019623586213380714,0.06053477686766168,0.9490926265716553,0.0046248650178313255,-0.000324711378198117,0.007199386393176819,3.3738603806123137
canary32,32,final_risk,0.6587650296127712,0.0070729817973714535,0.019623586213380714,0.045274924225872086,1.9542639255523682,0.059209223836660385,-0.05403320491313934,0.007570980721457543,3.3738603806123137
canary32,32,other_trainable,0.0,0.0,0.019623586213380714,0.0,0.0,0.0,nan,0.0,3.3738603806123137
canary32,33,mid_context,0.0007096510448836396,7.619844992158843e-06,0.019625839693399563,0.01307731078419239,0.07612603157758713,0.00045729769044555724,-0.00038172301719896495,0.0016150695738167764,3.373710892163217
canary32,33,mid_risk,0.6582237844660936,0.007069300895840923,0.019625839693399563,0.043971594133080716,1.9254865646362305,0.058347851037979126,-0.03835529088973999,0.0061510535548995795,3.373710892163217
canary32,33,final_context,8.16319112617838e-05,8.825177837120695e-07,0.019625839693399563,0.057455857283284985,0.8940401673316956,0.0043565984815359116,-0.0002886358124669641,0.0068891074131723065,3.373710892163217
canary32,33,final_risk,0.658573856459847,0.007072802082906549,0.019625839693399563,0.04413246507934111,1.9271132946014404,0.05838605388998985,-0.05369158089160919,0.007327450486934434,3.373710892163217
canary32,33,other_trainable,0.0,0.0,0.019625839693399563,0.0,0.0,0.0,nan,0.0,3.373710892163217
canary32,34,mid_context,0.0006524557826006966,7.047996246208367e-06,0.019635702289907513,0.011377470928954475,0.06501926481723785,0.0003905781777575612,-0.0003472606767900288,0.0016848185220209196,3.3739591455087066
canary32,34,mid_risk,0.6579765873772627,0.007069438669846861,0.019635702289907513,0.04298289098234652,1.9001580476760864,0.05758042633533478,-0.0384460985660553,0.0067701297719507635,3.3739591455087066
canary32,34,final_context,7.399477412168762e-05,7.988869194465929e-07,0.019635702289907513,0.0545350264263435,0.8416750431060791,0.004101424477994442,-0.0002516845997888595,0.006602372279968868,3.3739591455087066
canary32,34,final_risk,0.6582980180187187,0.007072665019063062,0.019635702289907513,0.0431014139462247,1.901613473892212,0.05761297419667244,-0.05333232134580612,0.007552643832698902,3.3739591455087066
canary32,34,other_trainable,0.0,0.0,0.019635702289907513,0.0,0.0,0.0,nan,0.0,3.3739591455087066
canary32,35,mid_context,0.0006052006809487743,6.540713079057736e-06,0.01964484248942359,0.009824917479140879,0.05535231530666351,0.0003325077996123582,-0.00030616368167102337,0.0013586628117277042,3.374127200804651
canary32,35,mid_risk,0.6577667869157243,0.0070695763597621855,0.01964484248942359,0.04176940024712467,1.8756428956985474,0.056837618350982666,-0.03855292871594429,0.005929716437773561,3.374127200804651
canary32,35,final_context,6.946287341854514e-05,7.449747473455099e-07,0.01964484248942359,0.051756267307140544,0.7918777465820312,0.003858767217025161,-0.00022283018915914,0.006305242390039753,3.374127200804651
canary32,35,final_risk,0.6580619266554676,0.007072527700757179,0.01964484248942359,0.04193706041103337,1.8769148588180542,0.05686412379145622,-0.052999258041381836,0.007038744824737295,3.374127200804651
canary32,35,other_trainable,0.0,0.0,0.01964484248942359,0.0,0.0,0.0,nan,0.0,3.374127200804651
canary32,36,mid_context,0.0005777155550334643,6.227864006678354e-06,0.01964816021835122,0.008490476622445023,0.04700374975800514,0.00028235698118805885,-0.000271642638836056,0.001329889139490697,3.3739225305616856
canary32,36,mid_risk,0.6576225266129515,0.0070697292309761335,0.01964816021835122,0.04068732322365112,1.852190375328064,0.056126974523067474,-0.03866549953818321,0.005728963566900852,3.3739225305616856
canary32,36,final_context,6.435884779231024e-05,6.930269505194155e-07,0.01964816021835122,0.049112283680199494,0.7445386052131653,0.003628086531534791,-0.0001927857520058751,0.006025020898244297,3.3739225305616856
canary32,36,final_risk,0.6578888699086698,0.0070723752394478544,0.01964816021835122,0.0408590758122119,1.853280782699585,0.05614751949906349,-0.05267792567610741,0.006829127068694514,3.3739225305616856
canary32,36,other_trainable,0.0,0.0,0.01964816021835122,0.0,0.0,0.0,nan,0.0,3.3739225305616856
canary32,37,mid_context,0.0005412361019249519,5.857551236026863e-06,0.019652946163119713,0.007284891535309221,0.039859313517808914,0.0002394395851297304,-0.0002443471166770905,0.0010773978308568685,3.3739889916032553
canary32,37,mid_risk,0.6574590080317898,0.007069858999093577,0.019652946163119713,0.0396487982747238,1.8300561904907227,0.0554562471807003,-0.03877672925591469,0.005715733749435101,3.3739889916032553
canary32,37,final_context,6.131953878981046e-05,6.602160515668754e-07,0.019652946163119713,0.04659301308304627,0.6995530128479004,0.003408875083550811,-0.00016499654157087207,0.005756137150419175,3.3739889916032553
canary32,37,final_risk,0.6577001954149319,0.007072245807048901,0.019652946163119713,0.039810242664101304,1.8309803009033203,0.05547136068344116,-0.052359599620103836,0.006685039301623786,3.3739889916032553
canary32,37,other_trainable,0.0,0.0,0.019652946163119713,0.0,0.0,0.0,nan,0.0,3.3739889916032553
canary32,38,mid_context,0.0005136067478022569,5.546835621219371e-06,0.019656751706488486,0.006268246735658858,0.03370925039052963,0.00020249545923434198,-0.0002171633968828246,0.0011059818952415064,3.373874849639833
canary32,38,mid_risk,0.6573237534238162,0.0070699885088856725,0.019656751706488486,0.03858913062093912,1.808807611465454,0.054812319576740265,-0.038895584642887115,0.005419134727917669,3.373874849639833
canary32,38,final_context,5.7474808622093905e-05,6.189332397883345e-07,0.019656751706488486,0.04418986928041695,0.6568230986595154,0.003200654638931155,-0.00014028401346877217,0.005496589041808996,3.373874849639833
canary32,38,final_risk,0.6575405987248437,0.00707211658823054,0.019656751706488486,0.038764947933802286,1.809563159942627,0.05482194572687149,-0.05205477401614189,0.00646235250615008,3.373874849639833
canary32,38,other_trainable,0.0,0.0,0.019656751706488486,0.0,0.0,0.0,nan,0.0,3.373874849639833
canary32,39,mid_context,0.0004864489566663764,5.263975233813548e-06,0.019659014905296,0.00534863517397169,0.028486214578151703,0.00017112010391429067,-0.0001969438890228048,0.0009367824983152425,3.373809133656323
canary32,39,mid_risk,0.6572001342510678,0.007070110358509685,0.019659014905296,0.03758739842874016,1.7887730598449707,0.05420514941215515,-0.03901423141360283,0.00540354167486112,3.373809133656323
canary32,39,final_context,5.4317178478193604e-05,5.849702639480333e-07,0.019659014905296,0.04189568548080232,0.6162551641464233,0.003002970479428768,-0.0001161861582659185,0.0052472027006418825,3.373809133656323
canary32,39,final_risk,0.6573938645751907,0.007071995000967415,0.019659014905296,0.037754788048044774,1.7893739938735962,0.054209768772125244,-0.05175291746854782,0.006336725609032555,3.373809133656323
canary32,39,other_trainable,0.0,0.0,0.019659014905296,0.0,0.0,0.0,nan,0.0,3.373809133656323
canary32,40,mid_context,0.00046330742763568016,4.994459005013119e-06,0.01966193366920216,0.0046134711937040026,0.023997098207473755,0.00014415344048757106,-0.00017370079876855016,0.0011077948594798292,3.373640574514866
canary32,40,mid_risk,0.6570864026224505,0.007070225100703459,0.01966193366920216,0.036564850962432414,1.7694731950759888,0.05362020432949066,-0.03914128243923187,0.005092636961118026,3.373640574514866
canary32,40,final_context,5.063676728324274e-05,5.453453898155575e-07,0.01966193366920216,0.039703839592867385,0.5777610540390015,0.0028153914026916027,-9.594354196451604e-05,0.0050070191457536805,3.373640574514866
canary32,40,final_risk,0.6572585631527176,0.007071880283554609,0.01966193366920216,0.03674331006046067,1.7699145078659058,0.05361967906355858,-0.0514678992331028,0.006091114223787321,3.373640574514866
canary32,40,other_trainable,0.0,0.0,0.01966193366920216,0.0,0.0,0.0,nan,0.0,3.373640574514866
canary64,1,mid_context,0.0003924766616102921,4.408247006974157e-06,0.019066249948290016,0.9568239923680889,3.784255266189575,0.02273111417889595,0.006327278912067413,0.046153562310481254,3.290878225117922
canary64,1,mid_risk,0.6751083820019472,0.0070761183589800655,0.019066249948290016,0.2006453746231682,3.4950196743011475,0.10584355890750885,-0.06383435428142548,0.03405513439809856,3.290878225117922
canary64,1,final_context,0.0002677578838802606,3.056778247762e-06,0.019066249948290016,1.169758836574401,5.662815570831299,0.02759450487792492,-0.0017530469922348857,0.06455662726828239,3.290878225117922
canary64,1,final_risk,0.6739936395428874,0.00706598272769117,0.019066249948290016,0.20157386287296675,3.4713947772979736,0.10516761988401413,-0.0667634978890419,0.03473131598043343,3.290878225117922
canary64,1,other_trainable,0.0,0.0,0.019066249948290016,0.0,0.0,0.0,nan,0.0,3.290878225117922
canary64,2,mid_context,0.0006585848566757594,7.096197405316252e-06,0.019141518151799295,0.7744024607003088,3.0790340900421143,0.018494965508580208,0.005556898191571236,0.0373498764150522,3.290634149685502
canary64,2,mid_risk,0.6721513762575984,0.007074563416979883,0.019141518151799295,0.1872166536736256,3.3431410789489746,0.10123807936906815,-0.06290257722139359,0.03110127821266484,3.290634149685502
canary64,2,final_context,0.0004622110431428325,5.015395373233517e-06,0.019141518151799295,0.9325450972654662,4.912417888641357,0.02393794059753418,-0.001659042900428176,0.05477208036188974,3.290634149685502
canary64,2,final_risk,0.6713911416739938,0.007067536877629275,0.019141518151799295,0.1885276412955643,3.3197591304779053,0.10057643055915833,-0.06537485122680664,0.032308601721417356,3.290634149685502
canary64,2,other_trainable,0.0,0.0,0.019141518151799295,0.0,0.0,0.0,nan,0.0,3.290634149685502
canary64,3,mid_context,0.0007847076197677822,8.360477776173104e-06,0.019213069928386,0.6335771556236187,2.492602586746216,0.014972428791224957,0.00474890973418951,0.031245158832522532,3.290941980201751
canary64,3,mid_risk,0.6695097560984312,0.007073602470736688,0.019213069928386,0.17664547787554954,3.1998703479766846,0.0968932956457138,-0.062022607773542404,0.029555888134228808,3.290941980201751
canary64,3,final_context,0.0005192530606700663,5.5813902953449005e-06,0.019213069928386,0.7568800216257805,4.296399116516113,0.02093617431819439,-0.0015512474346905947,0.04767214325503028,3.290941980201751
canary64,3,final_risk,0.6689749033692307,0.007068497095663683,0.019213069928386,0.1774157561991035,3.177006721496582,0.09625362604856491,-0.06415081769227982,0.03074601219354924,3.290941980201751
canary64,3,other_trainable,0.0,0.0,0.019213069928386,0.0,0.0,0.0,nan,0.0,3.290941980201751
canary64,4,mid_context,0.0008634138707757155,9.197090468010206e-06,0.019274782381943283,0.520228695632592,2.0063107013702393,0.012051434256136417,0.003981770947575569,0.026424970377586517,3.2910255528986454
canary64,4,mid_risk,0.6672745771193925,0.007072996703322632,0.019274782381943283,0.16736465110254994,3.064474105834961,0.0927872285246849,-0.06122053787112236,0.02816464117197034,3.2910255528986454
canary64,4,final_context,0.0005385993617130671,5.77333393435035e-06,0.019274782381943283,0.6223388609907937,3.7843496799468994,0.018441030755639076,-0.0014413086464628577,0.04202844988646364,3.2910255528986454
canary64,4,final_risk,0.666883340874099,0.0070691021428849615,0.019274782381943283,0.16774269760424787,3.0423405170440674,0.09217531979084015,-0.06303253024816513,0.029253841965877648,3.2910255528986454
canary64,4,other_trainable,0.0,0.0,0.019274782381943283,0.0,0.0,0.0,nan,0.0,3.2910255528986454
canary64,5,mid_context,0.0009180513073149659,9.796139367126293e-06,0.01932323485700734,0.4260318011294569,1.605319857597351,0.009642825461924076,0.003311416832730174,0.022315605603102067,3.290711506269872
canary64,5,mid_risk,0.6653942751800818,0.007072557558277613,0.01932323485700734,0.15898776701815703,2.936845064163208,0.08891710638999939,-0.06043250486254692,0.0271642475783951,3.290711506269872
canary64,5,final_context,0.0005562057664087326,5.977709923018094e-06,0.01932323485700734,0.5167846894581366,3.3529748916625977,0.016339004039764404,-0.0013679881813004613,0.037396288867807805,3.290711506269872
canary64,5,final_risk,0.6650967568933239,0.007069540491649877,0.01932323485700734,0.15906581707176579,2.9156198501586914,0.0883374884724617,-0.061995722353458405,0.02800705679057632,3.290711506269872
canary64,5,other_trainable,0.0,0.0,0.01932323485700734,0.0,0.0,0.0,nan,0.0,3.290711506269872
canary64,6,mid_context,0.0009065707888699977,9.687992631843838e-06,0.019370880748243148,0.347170327340286,1.2767547369003296,0.007669257465749979,0.0027231706771999598,0.018872024941970607,3.290530620608479
canary64,6,mid_risk,0.6636685928977359,0.007072274496529078,0.019370880748243148,0.15122233753153624,2.816413164138794,0.08526543527841568,-0.0596962608397007,0.025923605387975904,3.290530620608479
canary64,6,final_context,0.0005260836436249284,5.644874315720848e-06,0.019370880748243148,0.43386669116328647,2.9842638969421387,0.014542308636009693,-0.0012845309684053063,0.03345241155657598,3.290530620608479
canary64,6,final_risk,0.6634346724795965,0.0070698242105428745,0.019370880748243148,0.1510464156312515,2.7962350845336914,0.084721639752388,-0.06103897839784622,0.026604736160804675,3.290530620608479
canary64,6,other_trainable,0.0,0.0,0.019370880748243148,0.0,0.0,0.0,nan,0.0,3.290530620608479
canary64,7,mid_context,0.000873048895022267,9.352849298823612e-06,0.019415049684904973,0.28111898844221983,1.0094486474990845,0.006063633598387241,0.002227143384516239,0.015862428209904574,3.29048738675192
canary64,7,mid_risk,0.6620962377468257,0.007072050532493708,0.019415049684904973,0.1439861596771133,2.7030951976776123,0.08182988315820694,-0.058976009488105774,0.024730116778863637,3.29048738675192
canary64,7,final_context,0.0004813619253930417,5.166500370938325e-06,0.019415049684904973,0.3688707543144765,2.664616346359253,0.01298468466848135,-0.0012135603465139866,0.030137334041160594,3.29048738675192
canary64,7,final_risk,0.6619124370765913,0.007070048787614764,0.019415049684904973,0.14356442854271537,2.6840736865997314,0.08132443577051163,-0.060153327882289886,0.025182559455656655,3.29048738675192
canary64,7,other_trainable,0.0,0.0,0.019415049684904973,0.0,0.0,0.0,nan,0.0,3.29048738675192
canary64,8,mid_context,0.0008268662221721063,8.848087606129974e-06,0.019449520980051024,0.2262663746163878,0.7933032512664795,0.004765309859067202,0.0018026840407401323,0.013330794599060265,3.290170685388148
canary64,8,mid_risk,0.6607649375954309,0.007071864002393371,0.019449520980051024,0.137226736946155,2.596554756164551,0.07860023528337479,-0.05827387049794197,0.02376957782045461,3.290170685388148
canary64,8,final_context,0.00044975843943368353,4.831121080604085e-06,0.019449520980051024,0.3178043720075153,2.384021043777466,0.011617361567914486,-0.0011549487244337797,0.027291375972324648,3.290170685388148
canary64,8,final_risk,0.6606246571718115,0.007070236434410492,0.019449520980051024,0.13659962209884127,2.578765869140625,0.0781346783041954,-0.0593215674161911,0.02408358754181796,3.290170685388148
canary64,8,other_trainable,0.0,0.0,0.019449520980051024,0.0,0.0,0.0,nan,0.0,3.290170685388148
canary64,9,mid_context,0.0007879706580931527,8.48438122928918e-06,0.019476067998606683,0.18098223296050747,0.619610071182251,0.003721974790096283,0.0014609495410695672,0.01112364719338335,3.2897465098649263
canary64,9,mid_risk,0.6596189120669088,0.007071717362667851,0.019476067998606683,0.1309015405680523,2.4966535568237305,0.07557236403226852,-0.05757671594619751,0.02324461826666291,3.2897465098649263
canary64,9,final_context,0.00042995075145737085,4.653518653640941e-06,0.019476067998606683,0.27719074561239476,2.135246753692627,0.01040508784353733,-0.00111310463398695,0.024864103772921486,3.2897465098649263
canary64,9,final_risk,0.6595098115492655,0.007070383598230204,0.019476067998606683,0.13011815178983693,2.480142593383789,0.07514727115631104,-0.05851805955171585,0.023455042104444677,3.2897465098649263
canary64,9,other_trainable,0.0,0.0,0.019476067998606683,0.0,0.0,0.0,nan,0.0,3.2897465098649263
canary64,10,mid_context,0.0006953981594458454,7.4747510237185566e-06,0.019512127484171582,0.14396176476004896,0.4807592034339905,0.0028879214078187943,0.0011548070469871163,0.009368822001094491,3.2898004497401416
canary64,10,mid_risk,0.6584164392309195,0.007071572710281986,0.019512127484171582,0.12473386262504263,2.4030370712280273,0.07273530215024948,-0.056892212480306625,0.021818676936063278,3.2898004497401416
canary64,10,final_context,0.00036277679358383123,3.913545901876857e-06,0.019512127484171582,0.2442134053995986,1.9130464792251587,0.009322302415966988,-0.001053958898410201,0.022621778396188157,3.2898004497401416
canary64,10,final_risk,0.6583366035418192,0.007070529760388746,0.019512127484171582,0.12382286830462362,2.3878133296966553,0.07235036045312881,-0.05778292566537857,0.021897255452861215,3.2898004497401416
canary64,10,other_trainable,0.0,0.0,0.019512127484171582,0.0,0.0,0.0,nan,0.0,3.2898004497401416
canary64,11,mid_context,0.0006116394154255172,6.576211330520806e-06,0.019545766849872595,0.11388689096499523,0.37036868929862976,0.002224817406386137,0.0009253575117327273,0.007542880894017245,3.2898571179248393
canary64,11,mid_risk,0.657326281748616,0.0070714362575074055,0.019545766849872595,0.11888781612422485,2.3159501552581787,0.07009672373533249,-0.0562204048037529,0.020697707768760006,3.2898571179248393
canary64,11,final_context,0.0003070110607963034,3.302513009135201e-06,0.019545766849872595,0.21680688571119278,1.7135316133499146,0.008350066840648651,-0.001006945502012968,0.0206614877895231,3.2898571179248393
canary64,11,final_risk,0.6572724386334358,0.00707066744994695,0.019545766849872595,0.11788961942187001,2.3020174503326416,0.06975128501653671,-0.05707099288702011,0.020634465458935408,3.2898571179248393
canary64,11,other_trainable,0.0,0.0,0.019545766849872595,0.0,0.0,0.0,nan,0.0,3.2898571179248393
canary64,12,mid_context,0.0005484207869092155,5.914269529239036e-06,0.019571937455942674,0.08962897781329007,0.2830657660961151,0.0017003936227411032,0.0007209876785054803,0.006324925586620011,3.2899136198684573
canary64,12,mid_risk,0.6564133602928354,0.00707131831760606,0.019571937455942674,0.11331245282844485,2.234684705734253,0.06763485819101334,-0.05557628720998764,0.01975034788538752,3.2899136198684573
canary64,12,final_context,0.00026778001807113065,2.891682994123564e-06,0.019571937455942674,0.19352080485716006,1.533727765083313,0.007473889272660017,-0.0009569423273205757,0.018839948889101062,3.2899136198684573
canary64,12,final_risk,0.6563815905607242,0.007070785900558289,0.019571937455942674,0.1122765690304389,2.2220094203948975,0.06732743233442307,-0.056398581713438034,0.01967179484786906,3.2899136198684573
canary64,12,other_trainable,0.0,0.0,0.019571937455942674,0.0,0.0,0.0,nan,0.0,3.2899136198684573
canary64,13,mid_context,0.00048804093133751955,5.278617114317789e-06,0.019596049913507056,0.07010455804694982,0.21447058022022247,0.0012883421732112765,0.0005697582382708788,0.005081413219754528,3.2899253270588815
canary64,13,mid_risk,0.6555797693443696,0.007071219844023432,0.019596049913507056,0.10797536379070391,2.1594321727752686,0.06535567343235016,-0.05494987592101097,0.018873879565534556,3.2899253270588815
canary64,13,final_context,0.00023218653608721276,2.5135395174595758e-06,0.019596049913507056,0.17339910402394074,1.371281385421753,0.006682278122752905,-0.0009081934695132077,0.017202286987268403,3.2899253270588815
canary64,13,final_risk,0.6555658054394902,0.007070884886562514,0.019596049913507056,0.10691581364071374,2.147982358932495,0.06508469581604004,-0.055737391114234924,0.018726180041548617,3.2899253270588815
canary64,13,other_trainable,0.0,0.0,0.019596049913507056,0.0,0.0,0.0,nan,0.0,3.2899253270588815
canary64,14,mid_context,0.00043195389979588917,4.680773817999625e-06,0.01962072906065201,0.05451119433119794,0.16092371940612793,0.0009666844853200018,0.0004259044653736055,0.004363320590644229,3.2900467216968536
canary64,14,mid_risk,0.6548096901989278,0.007071129106389259,0.01962072906065201,0.10281956077158236,2.089529037475586,0.06323880702257156,-0.05434855446219444,0.01791509003385248,3.2900467216968536
canary64,14,final_context,0.00020023789002138277,2.1706471554709673e-06,0.01962072906065201,0.1557867265014544,1.2242697477340698,0.005965889897197485,-0.0008540200651623309,0.015695288409754517,3.2900467216968536
canary64,14,final_risk,0.654811216690618,0.0070709764109089975,0.01962072906065201,0.10176802067355246,2.0792441368103027,0.0630020722746849,-0.05511942878365517,0.017780700388179645,3.2900467216968536
canary64,14,other_trainable,0.0,0.0,0.01962072906065201,0.0,0.0,0.0,nan,0.0,3.2900467216968536
canary64,15,mid_context,0.0003888955322120145,4.216131170569562e-06,0.019635980519886014,0.042032794798867276,0.11948917806148529,0.0007177845109254122,0.00032150177867151797,0.003385967376870145,3.2898096553981304
canary64,15,mid_risk,0.65419382465743,0.007071070142877461,0.019635980519886014,0.09787883128875698,2.025197982788086,0.06129114329814911,-0.05376854166388512,0.01711298635580054,3.2898096553981304
canary64,15,final_context,0.00017529015931534058,1.9010519254580293e-06,0.019635980519886014,0.1402192331993602,1.091103196144104,0.005316970404237509,-0.0007989660371094942,0.014285314168650939,3.2898096553981304
canary64,15,final_risk,0.654205802847952,0.007071035971519686,0.019635980519886014,0.09683810082489348,2.0160281658172607,0.06108669936656952,-0.054506804794073105,0.016942835755547343,3.2898096553981304
canary64,15,other_trainable,0.0,0.0,0.019635980519886014,0.0,0.0,0.0,nan,0.0,3.2898096553981304
canary64,16,mid_context,0.000352587586071434,3.8171497467021845e-06,0.019648426937186377,0.032144880364995146,0.0877176895737648,0.0005269302637316287,0.00022656744113191962,0.0028184792420688624,3.2894918005913496
canary64,16,mid_risk,0.6536611062381672,0.007071029116769138,0.019648426937186377,0.09309467379817178,1.965859293937683,0.05949494242668152,-0.053213343024253845,0.01619856555270908,3.2894918005913496
canary64,16,final_context,0.000155200684005235,1.6807478596268028e-06,0.019648426937186377,0.12635210982623607,0.9704486727714539,0.0047290087677538395,-0.0007419482572004199,0.012995433656154217,3.2894918005913496
canary64,16,final_risk,0.6536801314563685,0.007071077169211262,0.019648426937186377,0.09208297577656079,1.9577330350875854,0.05932033807039261,-0.05392821133136749,0.016048674266955776,3.2894918005913496
canary64,16,other_trainable,0.0,0.0,0.019648426937186377,0.0,0.0,0.0,nan,0.0,3.2894918005913496
canary64,17,mid_context,0.0003188628554001089,3.452378392297162e-06,0.01966003735142379,0.02432154567366162,0.06362384557723999,0.0003821959253400564,0.00016352132661268115,0.0021547054068950023,3.2892634007148445
canary64,17,mid_risk,0.6531737537256997,0.00707099787099632,0.01966003735142379,0.08849449806122775,1.911657452583313,0.05785466358065605,-0.05267999321222305,0.015420732741217273,3.2892634007148445
canary64,17,final_context,0.0001381181432903933,1.4960351263092487e-06,0.01966003735142379,0.1139114420816217,0.861163854598999,0.004196459427475929,-0.0006857348489575088,0.011808715120805018,3.2892634007148445
canary64,17,final_risk,0.6531979275032876,0.007071108752382748,0.01966003735142379,0.087510430354508,1.9045140743255615,0.05770772323012352,-0.053357139229774475,0.015258612618001833,3.2892634007148445
canary64,17,other_trainable,0.0,0.0,0.01966003735142379,0.0,0.0,0.0,nan,0.0,3.2892634007148445
canary64,18,mid_context,0.00028353383498586423,3.0757920520466713e-06,0.019671842444791778,0.018201263387801717,0.045569296926259995,0.0002737401518970728,0.00012729433365166187,0.001697436194985069,3.2891693245619535
canary64,18,mid_risk,0.6527198098354094,0.00707096995542292,0.019671842444791778,0.08408559043452123,1.8624122142791748,0.05636480823159218,-0.05216704308986664,0.01481984575254625,3.2891693245619535
canary64,18,final_context,0.0001201065862259927,1.304010512036327e-06,0.019671842444791778,0.10268052734378222,0.7622687816619873,0.003714541671797633,-0.0006299545057117939,0.010723254491774959,3.2891693245619535
canary64,18,final_risk,0.652748285077116,0.007071136730125761,0.019671842444791778,0.08312796671381095,1.8561893701553345,0.05624336749315262,-0.05278915539383888,0.014628908067339179,3.2891693245619535
canary64,18,other_trainable,0.0,0.0,0.019671842444791778,0.0,0.0,0.0,nan,0.0,3.2891693245619535
canary64,19,mid_context,0.00024906978578576744,2.7066866987099954e-06,0.01968357543742054,0.013457526347415897,0.032201532274484634,0.0001934384199557826,8.643679757369682e-05,0.001358930611134649,3.289158647879958
canary64,19,mid_risk,0.6523058974029573,0.007070945336563422,0.01968357543742054,0.07978730338018607,1.8174591064453125,0.05500510334968567,-0.05167354270815849,0.014030128867328698,3.289158647879958
canary64,19,final_context,0.00010277909186676558,1.1180607286644734e-06,0.01968357543742054,0.09248382170584976,0.6729042530059814,0.003279066178947687,-0.0005744335940107703,0.009701514811663182,3.289158647879958
canary64,19,final_risk,0.6523378976707336,0.007071161538002637,0.01968357543742054,0.07887566838806545,1.8120771646499634,0.05490657314658165,-0.05225912109017372,0.013898721947514427,3.289158647879958
canary64,19,other_trainable,0.0,0.0,0.01968357543742054,0.0,0.0,0.0,nan,0.0,3.289158647879958
canary64,20,mid_context,0.00022131237473392636,2.405364879847959e-06,0.019691154608683346,0.009813120888290413,0.02244773507118225,0.00013484615192282945,6.634298915741965e-05,0.0010213318944431702,3.288943079765886
canary64,20,mid_risk,0.6519657413235035,0.007070936524586089,0.019691154608683346,0.07565310657348451,1.7769746780395508,0.0537809394299984,-0.05120564252138138,0.013349358785941234,3.288943079765886
canary64,20,final_context,8.889111897169274e-05,9.678859751390048e-07,0.019691154608683346,0.08318997349344034,0.5923033356666565,0.002886296482756734,-0.0005205977940931916,0.008770995464514193,3.288943079765886
canary64,20,final_risk,0.6519985979355507,0.007071170493037841,0.019691154608683346,0.07477315231094135,1.7723674774169922,0.05370314419269562,-0.051736243069171906,0.01320506104383602,3.288943079765886
canary64,20,other_trainable,0.0,0.0,0.019691154608683346,0.0,0.0,0.0,nan,0.0,3.288943079765886
canary64,21,mid_context,0.00019468013123271534,2.1125272479216667e-06,0.019699818889117576,0.007069629673001649,0.015419051982462406,9.262399544240907e-05,3.9316983020398766e-05,0.0008803758319894212,3.2888224315829575
canary64,21,mid_risk,0.6516500124363839,0.007070928538022547,0.019699818889117576,0.07160473694906269,1.740322232246399,0.05267290398478508,-0.05076315626502037,0.012384252326016832,3.2888224315829575
canary64,21,final_context,7.619706477841807e-05,8.273359839468248e-07,0.019699818889117576,0.07469344923709546,0.5197710394859314,0.0025328462943434715,-0.0004683697479777038,0.007913818404562678,3.2888224315829575
canary64,21,final_risk,0.6516832603088801,0.007071178499061934,0.019699818889117576,0.07077405082234291,1.7364097833633423,0.052613332867622375,-0.051258381456136703,0.012314817744473006,3.2888224315829575
canary64,21,other_trainable,0.0,0.0,0.019699818889117576,0.0,0.0,0.0,nan,0.0,3.2888224315829575
canary64,22,mid_context,0.00017213621913094525,1.8706624224937325e-06,0.01970618242660881,0.005002860214689464,0.010439730249345303,6.271262100199237e-05,2.9088001610944048e-05,0.0005985084526692717,3.2887120246887207
canary64,22,mid_risk,0.6513803599588817,0.007070929300976122,0.01970618242660881,0.0677619089324209,1.7076563835144043,0.051685743033885956,-0.05034460499882698,0.011837755361419646,3.2887120246887207
canary64,22,final_context,6.619495196931876e-05,7.20221693839921e-07,0.01970618242660881,0.06691310521958366,0.4546687602996826,0.0022156010381877422,-0.00041905022226274014,0.007118132093889141,3.2887120246887207
canary64,22,final_risk,0.6514126759062939,0.0070711775969280665,0.01970618242660881,0.0669633194381202,1.7043747901916504,0.05164234712719917,-0.05078675225377083,0.011752777511431984,3.2887120246887207
canary64,22,other_trainable,0.0,0.0,0.01970618242660881,0.0,0.0,0.0,nan,0.0,3.2887120246887207
canary64,23,mid_context,0.0001474812655880514,1.6080636530435429e-06,0.019715438648764037,0.003496699440564157,0.006966911256313324,4.185101352049969e-05,2.1958228899165988e-05,0.0004853255585850677,3.2888095038942993
canary64,23,mid_risk,0.6511094279144001,0.0070709258366208234,0.019715438648764037,0.06403321574080821,1.6786189079284668,0.05080854892730713,-0.049949731677770615,0.011205897753067094,3.2888095038942993
canary64,23,final_context,5.504068517295513e-05,6.006112594958427e-07,0.019715438648764037,0.05978778053558373,0.39640089869499207,0.0019316618563607335,-0.00037319620605558157,0.006392286715405037,3.2888095038942993
canary64,23,final_risk,0.6511413369174515,0.0070711812620916055,0.019715438648764037,0.06327096525293423,1.6759010553359985,0.05077923461794853,-0.05033629387617111,0.011125605025145778,3.2888095038942993
canary64,23,other_trainable,0.0,0.0,0.019715438648764037,0.0,0.0,0.0,nan,0.0,3.2888095038942993
canary64,24,mid_context,0.00013090376136263543,1.4254990309815856e-06,0.019718608427123197,0.002410544408708792,0.004577646031975746,2.7498428607941605e-05,1.760981831466779e-05,0.00040872372073479395,3.2885982915759087
canary64,24,mid_risk,0.6509197917581495,0.007070937749608599,0.019718608427123197,0.06041498056918033,1.6527808904647827,0.05002825707197189,-0.04957732558250427,0.010508826023372055,3.2885982915759087
canary64,24,final_context,4.7953811162445454e-05,5.227317342789737e-07,0.019718608427123197,0.0532669649382155,0.3444098234176636,0.0016783084720373154,-0.0003293022164143622,0.005726430898086162,3.2885982915759087
canary64,24,final_risk,0.6509488630216154,0.007071169522757997,0.019718608427123197,0.059697593626136504,1.6505578756332397,0.050010934472084045,-0.04991394281387329,0.010473135453257969,3.2885982915759087
canary64,24,other_trainable,0.0,0.0,0.019718608427123197,0.0,0.0,0.0,nan,0.0,3.2885982915759087
canary64,25,mid_context,0.00011270146111226834,1.2293463915280739e-06,0.01972515656340147,0.0016290582700454737,0.0029593806248158216,1.7777325410861522e-05,1.106421223084908e-05,0.0002912298157895297,3.2886229385621846
canary64,25,mid_risk,0.6507200665477093,0.007070943090715707,0.01972515656340147,0.05692348505858277,1.629918098449707,0.04933806136250496,-0.049225565046072006,0.00984069003772521,3.2886229385621846
canary64,25,final_context,4.028740709558827e-05,4.3968435045318077e-07,0.01972515656340147,0.047309080055103786,0.29816925525665283,0.0014529776526615024,-0.00028963948716409504,0.005114915050808243,3.2886229385621846
canary64,25,final_risk,0.6507472309673299,0.0070711642330166195,0.01972515656340147,0.05625064646986808,1.6281249523162842,0.04933077469468117,-0.049521554261446,0.009844137663466635,3.2886229385621846
canary64,25,other_trainable,0.0,0.0,0.01972515656340147,0.0,0.0,0.0,nan,0.0,3.2886229385621846
canary64,26,mid_context,0.00010626057675570188,1.1538216505224464e-06,0.01971963160011051,0.0011226170931285325,0.001894250512123108,1.1378961062291637e-05,4.758759587275563e-06,0.00036124046691343714,3.2880866113118827
canary64,26,mid_risk,0.6506445797098397,0.00707097230611347,0.01971963160011051,0.05356468192514061,1.6094841957092285,0.04872135445475578,-0.048886243253946304,0.009238777257006253,3.2880866113118827
canary64,26,final_context,3.937226444770129e-05,4.2879676050839577e-07,0.01971963160011051,0.0418788403360023,0.2571825087070465,0.0012532488908618689,-0.0002527222968637943,0.004560010381286067,3.2880866113118827
canary64,26,final_risk,0.6506663208979558,0.007071134925495197,0.01971963160011051,0.052945394728026084,1.6080548763275146,0.04872215539216995,-0.04916053265333176,0.009325749465201065,3.2880866113118827
canary64,26,other_trainable,0.0,0.0,0.01971963160011051,0.0,0.0,0.0,nan,0.0,3.2880866113118827
canary64,27,mid_context,9.25908796333712e-05,1.0081806941613553e-06,0.019721035231799876,0.0007129978895178673,0.0011968474136665463,7.189576990640489e-06,1.0593076922305045e-06,0.00016999583673510808,3.2879736265167594
canary64,27,mid_risk,0.6505194275997226,0.007070984967409482,0.019721035231799876,0.05033790612425244,1.5917205810546875,0.04818550497293472,-0.048568207770586014,0.008759718665325432,3.2879736265167594
canary64,27,final_context,3.416881220912927e-05,3.7441644655562927e-07,0.019721035231799876,0.03694261077816338,0.22098056972026825,0.0010768361389636993,-0.00022006119252182543,0.0040491331616999285,3.2879736265167594
canary64,27,final_risk,0.6505382877916123,0.007071122319458637,0.019721035231799876,0.049757194221200306,1.5906040668487549,0.048192884773015976,-0.04881035163998604,0.008841121361154919,3.2879736265167594
canary64,27,other_trainable,0.0,0.0,0.019721035231799876,0.0,0.0,0.0,nan,0.0,3.2879736265167594
canary64,28,mid_context,7.71220777325701e-05,8.386645302921228e-07,0.019727000329813536,0.000524328521908845,0.0007492911536246538,4.5010788198851515e-06,4.322215772845084e-06,0.00028068327193228826,3.2879693652503192
canary64,28,mid_risk,0.6503728998956163,0.007070989864040554,0.019727000329813536,0.047256103543978335,1.576723337173462,0.047733426094055176,-0.04828342795372009,0.008425515797597415,3.2879693652503192
canary64,28,final_context,2.7328954854903116e-05,2.9748807336809325e-07,0.019727000329813536,0.032470744717700846,0.18912145495414734,0.0009215866448357701,-0.00019019879982806742,0.0035887972482029785,3.2879693652503192
canary64,28,final_risk,0.6503898074511538,0.0070711175356484215,0.019727000329813536,0.04669059157168884,1.5758788585662842,0.047746192663908005,-0.04846144840121269,0.008374403453914325,3.2879693652503192
canary64,28,other_trainable,0.0,0.0,0.019727000329813536,0.0,0.0,0.0,nan,0.0,3.2879693652503192
canary64,29,mid_context,6.730556855152496e-05,7.319213804903073e-07,0.019727704431052602,0.00030131952396197687,0.0004570532764773816,2.7455716917756945e-06,2.6446286938153207e-06,0.00011639797342956131,3.2878448800183833
canary64,29,mid_risk,0.6502853626325438,0.007071002780031757,0.019727704431052602,0.04418685839707473,1.5634008646011353,0.04733194038271904,-0.048010993748903275,0.007571889285903198,3.2878448800183833
canary64,29,final_context,2.381275129370456e-05,2.5954889078653395e-07,0.019727704431052602,0.028432727220644154,0.16119027137756348,0.0007854775176383555,-0.00016336241969838738,0.0031676171472675737,3.2878448800183833
canary64,29,final_risk,0.6502993720898687,0.007071104481920814,0.019727704431052602,0.04369143756116476,1.5627741813659668,0.04734855517745018,-0.04816170036792755,0.007676278225154968,3.2878448800183833
canary64,29,other_trainable,0.0,0.0,0.019727704431052602,0.0,0.0,0.0,nan,0.0,3.2878448800183833
canary64,30,mid_context,5.6147763680898524e-05,6.130381552824429e-07,0.01973253664345272,0.00019652915601291572,0.00030197796877473593,1.814010602174676e-06,4.150575023231795e-06,9.681118671855139e-05,3.2879473380744457
canary64,30,mid_risk,0.6501744561678962,0.007071008228028557,0.01973253664345272,0.04132264092845748,1.5522196292877197,0.046995244920253754,-0.047764141112565994,0.007225512266489698,3.2879473380744457
canary64,30,final_context,1.9192969158563107e-05,2.0985725778647878e-07,0.01973253664345272,0.02480019675838856,0.13679833710193634,0.0006666157278232276,-0.00013967350241728127,0.002787401486239154,3.2879473380744457
canary64,30,final_risk,0.6501867198591298,0.007071098830095455,0.01973253664345272,0.040853042808367164,1.5517752170562744,0.047014717012643814,-0.04787124693393707,0.007242413096691247,3.2879473380744457
canary64,30,other_trainable,0.0,0.0,0.01973253664345272,0.0,0.0,0.0,nan,0.0,3.2879473380744457
canary64,31,mid_context,4.672117558089841e-05,5.130397710595319e-07,0.019736351206784405,0.0002052358866728578,0.00023992342175915837,1.4412479458769667e-06,1.0825549452420091e-06,0.00017744017568922273,3.288072381168604
canary64,31,mid_risk,0.6500826264376676,0.007071014773529989,0.019736351206784405,0.038533616320053275,1.5424774885177612,0.04670201614499092,-0.04752427712082863,0.006703829315563941,3.288072381168604
canary64,31,final_context,1.5621626911906022e-05,1.719359755140553e-07,0.019736351206784405,0.021544986345192325,0.11558355391025543,0.0005632360116578639,-0.00011908429587492719,0.00244672364995388,3.288072381168604
canary64,31,final_risk,0.6500931526295508,0.007071092552390665,0.019736351206784405,0.03812147023335772,1.5421756505966187,0.04672324284911156,-0.04761188104748726,0.0068052921089146855,3.288072381168604
canary64,31,other_trainable,0.0,0.0,0.019736351206784405,0.0,0.0,0.0,nan,0.0,3.288072381168604
canary64,32,mid_context,4.434066294833328e-05,4.837839478100337e-07,0.01972508415038075,0.00038294974686030857,0.00026603307924233377,1.5980713214958087e-06,4.173537490714807e-06,0.0003780760456614581,3.2874108096584678
canary64,32,mid_risk,0.6501192700511066,0.007071040051029161,0.01972508415038075,0.035877416125711416,1.5339196920394897,0.046444542706012726,-0.047292206436395645,0.00630961395777413,3.2874108096584678
canary64,32,final_context,1.6052205980086613e-05,1.76851479921704e-07,0.01972508415038075,0.018640385007546573,0.097209632396698,0.00047369979438371956,-0.0001001605560304597,0.0021516935272884196,3.2874108096584678
canary64,32,final_risk,0.6501251933737695,0.007071067194590239,0.01972508415038075,0.03551867594277203,1.5337271690368652,0.046466629952192307,-0.047365814447402954,0.0064722604864211495,3.2874108096584678
canary64,32,other_trainable,0.0,0.0,0.01972508415038075,0.0,0.0,0.0,nan,0.0,3.2874108096584678
canary64,33,mid_context,3.696070437050137e-05,4.0179818368523487e-07,0.019726923476433872,0.00017432737828474145,0.00010886234667850658,6.539484616041591e-07,6.660429789917544e-07,0.00017073853823796367,3.2873099860735238
canary64,33,mid_risk,0.6500602221051146,0.007071044782543249,0.019726923476433872,0.03327545988690422,1.5266352891921997,0.04622551053762436,-0.04708601161837578,0.005619520032287002,3.2873099860735238
canary64,33,final_context,1.3173440813282118e-05,1.4382765534642668e-07,0.019726923476433872,0.016055094450979423,0.08136516809463501,0.00039648968959227204,-8.425136911682785e-05,0.0018628047576273758,3.2873099860735238
canary64,33,final_risk,0.650064608054268,0.007071062440782977,0.019726923476433872,0.03295989047110419,1.526525616645813,0.04624778404831886,-0.04715053737163544,0.00579894876264197,3.2873099860735238
canary64,33,other_trainable,0.0,0.0,0.019726923476433872,0.0,0.0,0.0,nan,0.0,3.2873099860735238
canary64,34,mid_context,2.893565567912929e-05,3.178396217483784e-07,0.019733460264651965,0.00016573317650032395,0.00011904819984920323,7.151343197620008e-07,9.49610921452404e-07,0.00016453626450667192,3.287613262422383
canary64,34,mid_risk,0.6499702984418282,0.007071042817119274,0.019733460264651965,0.030910423878832388,1.521027684211731,0.04605720564723015,-0.04690312221646309,0.005651810906337957,3.287613262422383
canary64,34,final_context,9.567132433912932e-06,1.0555074547834634e-07,0.019733460264651965,0.013766768902342574,0.06776439398527145,0.0003302131954114884,-7.052520231809467e-05,0.001611305413760417,3.287613262422383
canary64,34,final_risk,0.649974438439748,0.00707106447290849,0.019733460264651965,0.03059743537926066,1.5209858417510986,0.04607931151986122,-0.04693141579627991,0.005620169221880015,3.287613262422383
canary64,34,other_trainable,0.0,0.0,0.019733460264651965,0.0,0.0,0.0,nan,0.0,3.287613262422383
canary64,35,mid_context,2.4516327912116267e-05,2.686333280302544e-07,0.01973354079015355,4.725360456505887e-05,7.860461482778192e-05,4.7218293275363976e-07,9.618365766073111e-07,4.596152939650827e-05,3.287506061606109
canary64,35,mid_risk,0.6499391545389968,0.007071048423575735,0.01973354079015355,0.028509375376465862,1.516088604927063,0.045909009873867035,-0.04673147574067116,0.00492059905421991,3.287506061606109
canary64,35,final_context,8.033223060998616e-06,8.823861352729999e-08,0.01973354079015355,0.011749258587812297,0.05614466592669487,0.00027359038358554244,-5.845926352776587e-05,0.0013871668576384037,3.287506061606109
canary64,35,final_risk,0.6499418461533294,0.007071058963110884,0.01973354079015355,0.02826142626865895,1.516092300415039,0.0459304004907608,-0.04674776270985603,0.0050257390835850195,3.287506061606109
canary64,35,other_trainable,0.0,0.0,0.01973354079015355,0.0,0.0,0.0,nan,0.0,3.287506061606109
canary64,36,mid_context,2.109003828827711e-05,2.3066817966897802e-07,0.01973194166733533,5.5293513204127944e-05,6.956562720006332e-05,4.1788666749198455e-07,-5.352775360734086e-07,5.4976422689161874e-05,3.287342771422118
canary64,36,mid_risk,0.6499254783168611,0.007071054250147155,0.01973194166733533,0.026265792672868497,1.5117689371109009,0.045779455453157425,-0.04656808078289032,0.004459413784041038,3.287342771422118
canary64,36,final_context,6.961029601631267e-06,7.628608234006679e-08,0.01973194166733533,0.009978584045791342,0.046266503632068634,0.0002254542923765257,-4.823267590836622e-05,0.0011897669616986917,3.287342771422118
canary64,36,final_risk,0.6499268031399071,0.007071053061502872,0.01973194166733533,0.02606746172298871,1.5118016004562378,0.04579974710941315,-0.04658574238419533,0.004629946889527684,3.287342771422118
canary64,36,other_trainable,0.0,0.0,0.01973194166733533,0.0,0.0,0.0,nan,0.0,3.287342771422118
canary64,37,mid_context,1.8693190838820063e-05,2.0464190741993804e-07,0.01972577584823183,9.749065211341526e-05,4.979946243111044e-05,2.991478709191142e-07,6.358675932460756e-07,9.744112321652734e-05,3.2870418899692595
canary64,37,mid_risk,0.6499486528162739,0.00707106204615074,0.01972577584823183,0.024169521047281067,1.5082365274429321,0.04567365348339081,-0.046418312937021255,0.004242137947116202,3.2870418899692595
canary64,37,final_context,6.4567142459295385e-06,7.129666390605712e-08,0.01972577584823183,0.008431808545732326,0.03791218623518944,0.00018474386888556182,-3.945762000512332e-05,0.001017438877862824,3.2870418899692595
canary64,37,final_risk,0.6499484418098953,0.0070710452551514804,0.01972577584823183,0.02400065738092467,1.5082881450653076,0.04569265991449356,-0.04642629623413086,0.004369002654582972,3.2870418899692595
canary64,37,other_trainable,0.0,0.0,0.01972577584823183,0.0,0.0,0.0,nan,0.0,3.2870418899692595
canary64,38,mid_context,1.5749469163498854e-05,1.725999638769008e-07,0.019723350804373863,4.658429186593186e-05,7.512010051868856e-05,4.512496900588303e-07,9.801169653655961e-07,4.655712109526066e-05,3.286896370816976
canary64,38,mid_risk,0.6499476316133863,0.0070710644338627055,0.019723350804373863,0.02217965716390529,1.5054707527160645,0.045590974390506744,-0.04628470167517662,0.00403010371807194,3.286896370816976
canary64,38,final_context,5.522056293117148e-06,6.116054157568131e-08,0.019723350804373863,0.007086341856407994,0.03088472969830036,0.00015049928333610296,-3.216640106984414e-05,0.0008612771772601451,3.286896370816976
canary64,38,final_risk,0.6499467236731908,0.007071042871244674,0.019723350804373863,0.02203105177336513,1.5055338144302368,0.04560859873890877,-0.046275388449430466,0.004076997126916929,3.286896370816976
canary64,38,other_trainable,0.0,0.0,0.019723350804373863,0.0,0.0,0.0,nan,0.0,3.286896370816976
canary64,39,mid_context,1.3277249330202035e-05,1.4500926703853864e-07,0.019720865644068584,0.00011471767696686433,4.714005990535952e-05,2.8316915745563165e-07,-8.351462952305155e-07,0.00011471493780846806,3.2867282037623227
canary64,39,mid_risk,0.6499509767829716,0.007071065976496373,0.019720865644068584,0.020221854776354138,1.502524971961975,0.045502711087465286,-0.046149805188179016,0.003401448114863158,3.2867282037623227
canary64,39,final_context,4.6972217564445435e-06,5.184947582392915e-08,0.019720865644068584,0.00592289857200253,0.025006648153066635,0.00012185559171484783,-2.60451251961058e-05,0.0007291239815555678,3.2867282037623227
canary64,39,final_risk,0.6499495386888837,0.007071041475814118,0.019720865644068584,0.02013449065298483,1.5025874376296997,0.04551869258284569,-0.046162936836481094,0.0036148261977931393,3.2867282037623227
canary64,39,other_trainable,0.0,0.0,0.019720865644068584,0.0,0.0,0.0,nan,0.0,3.2867282037623227
canary64,40,mid_context,1.1035221934463486e-05,1.201655206450892e-07,0.019721048080687673,9.073698846437221e-05,5.098829933558591e-05,3.062835673972586e-07,1.0242779353575315e-06,9.073617547983366e-05,3.286580050829798
canary64,40,mid_risk,0.6499378759323633,0.007071065142848271,0.019721048080687673,0.01855102726993583,1.5011215209960938,0.045461125671863556,-0.04605032131075859,0.003786455499555804,3.286580050829798
canary64,40,final_context,3.9277000603021946e-06,4.286852411938836e-08,0.019721048080687673,0.004921230123200359,0.020119020715355873,9.803839202504605e-05,-2.088563996949233e-05,0.0006102871505515732,3.286580050829798
canary64,40,final_risk,0.6499362512451805,0.007071042288664219,0.019721048080687673,0.01841107656630963,1.5011872053146362,0.045475710183382034,-0.04603035748004913,0.0035631905714053583,3.286580050829798
canary64,40,other_trainable,0.0,0.0,0.019721048080687673,0.0,0.0,0.0,nan,0.0,3.286580050829798
