name,true_delta_psnr,baseline_delta_psnr,depth_surplus_psnr,normal_delta_psnr,shuffle_delta_psnr,zero_delta_psnr
1001_0.89_1.66.png,-0.04653167724609375,-0.20283126831054688,0.15629959106445312,-0.09822845458984375,-0.13722991943359375,-0.20283126831054688
1003_0.9_1.06.png,-0.09320831298828125,-0.3217735290527344,0.22856521606445312,-0.181640625,-0.24092864990234375,-0.3217735290527344
1006_0.89_1.55.png,-0.035736083984375,-0.005725860595703125,-0.030010223388671875,-0.02400970458984375,-0.054248809814453125,-0.005725860595703125
1010_0.91_1.13.png,-0.10595321655273438,-0.21982955932617188,0.1138763427734375,-0.08044815063476562,-0.08200454711914062,-0.21982955932617188
1012_0.85_1.28.png,-0.14534378051757812,-0.24433135986328125,0.09898757934570312,-0.1216888427734375,-0.12805557250976562,-0.24433135986328125
1013_0.63_1.83.png,-0.230010986328125,-0.27077484130859375,0.04076385498046875,-0.2916259765625,-0.2695350646972656,-0.27077484130859375
1017_0.91_1.44.png,0.08370208740234375,0.10901260375976562,-0.025310516357421875,0.056789398193359375,0.06536483764648438,0.10901260375976562
1019_0.82_1.87.png,0.20502471923828125,0.16582489013671875,0.0391998291015625,0.131195068359375,0.16162490844726562,0.16582489013671875
1035_0.76_1.14.png,0.22829437255859375,0.06977462768554688,0.15851974487304688,0.09119033813476562,0.1688690185546875,0.06977462768554688
1038_0.87_1.29.png,0.10848617553710938,0.14273452758789062,-0.03424835205078125,0.08803176879882812,0.09539794921875,0.14273452758789062
1039_0.79_1.79.png,0.03624725341796875,0.0653228759765625,-0.02907562255859375,0.011394500732421875,0.020069122314453125,0.0653228759765625
1040_0.78_2.0.png,0.019046783447265625,0.0390472412109375,-0.020000457763671875,-0.00982666015625,0.0043506622314453125,0.0390472412109375
1049_0.97_1.09.png,0.0061187744140625,0.0240631103515625,-0.0179443359375,-0.010040283203125,0.002986907958984375,0.0240631103515625
104_0.88_1.76.png,-0.06444358825683594,-0.07796669006347656,0.013523101806640625,-0.029155731201171875,-0.030168533325195312,-0.07796669006347656
1063_0.51_1.61.png,-0.07259750366210938,-0.15985107421875,0.08725357055664062,-0.10729217529296875,-0.09044265747070312,-0.15985107421875
1069_0.66_1.4.png,0.14463043212890625,-0.02295684814453125,0.1675872802734375,0.05442047119140625,0.05527496337890625,-0.02295684814453125
1072_0.58_0.58.png,0.1904449462890625,-0.06543350219726562,0.2558784484863281,0.0889892578125,0.06939315795898438,-0.06543350219726562
1079_0.77_1.21.png,0.15337753295898438,0.08537673950195312,0.06800079345703125,0.09372711181640625,0.10382080078125,0.08537673950195312
108_0.96_0.98.png,0.13631820678710938,0.1409130096435547,-0.0045948028564453125,0.08241653442382812,0.10506439208984375,0.1409130096435547
1090_0.54_0.58.png,0.031414031982421875,-0.17088699340820312,0.202301025390625,0.01805877685546875,-0.06317901611328125,-0.17088699340820312
1098_0.8_0.51.png,0.06758499145507812,-0.0439910888671875,0.11157608032226562,-0.063385009765625,-0.01490020751953125,-0.0439910888671875
1104_0.89_1.59.png,0.10387039184570312,0.033473968505859375,0.07039642333984375,0.03338623046875,0.051822662353515625,0.033473968505859375
1108_0.58_1.2.png,0.09227752685546875,-0.14307785034179688,0.23535537719726562,-0.07852935791015625,-0.07529830932617188,-0.14307785034179688
1116_0.63_1.62.png,0.2112579345703125,0.0621185302734375,0.149139404296875,0.12552261352539062,0.125732421875,0.0621185302734375
1121_0.88_0.92.png,0.10802841186523438,-0.010051727294921875,0.11808013916015625,0.00994110107421875,0.050823211669921875,-0.010051727294921875
1124_0.74_1.17.png,0.22834014892578125,0.06517791748046875,0.1631622314453125,0.15095138549804688,0.17822647094726562,0.06517791748046875
1125_0.72_1.76.png,0.2505989074707031,0.14357376098632812,0.107025146484375,0.17099761962890625,0.19461441040039062,0.14357376098632812
1126_0.73_0.82.png,-0.15645217895507812,-0.10046768188476562,-0.0559844970703125,-0.08606719970703125,-0.10167694091796875,-0.10046768188476562
1127_0.91_0.61.png,0.05974578857421875,0.2219696044921875,-0.16222381591796875,0.05460357666015625,0.09796142578125,0.2219696044921875
1133_0.68_1.41.png,-0.0722198486328125,0.019195556640625,-0.0914154052734375,-0.03130340576171875,-0.04015350341796875,0.019195556640625
1134_0.69_1.2.png,-0.052974700927734375,0.045680999755859375,-0.09865570068359375,-0.00118255615234375,-0.017261505126953125,0.045680999755859375
1139_0.58_1.05.png,0.21154022216796875,0.0370330810546875,0.17450714111328125,0.02355194091796875,0.11377334594726562,0.0370330810546875
113_0.65_1.81.png,-8.7738037109375e-05,-0.029140472412109375,0.029052734375,-0.0428924560546875,-0.0413970947265625,-0.029140472412109375
1147_0.56_1.1.png,-0.11384201049804688,-0.09325408935546875,-0.020587921142578125,-0.06462860107421875,-0.0929718017578125,-0.09325408935546875
1152_0.65_1.76.png,0.325042724609375,0.21957778930664062,0.10546493530273438,0.21934890747070312,0.21352767944335938,0.21957778930664062
1154_0.96_0.62.png,0.09476470947265625,0.051548004150390625,0.043216705322265625,0.050914764404296875,0.0613250732421875,0.051548004150390625
1155_0.63_1.27.png,0.22061538696289062,-0.010021209716796875,0.2306365966796875,0.11052703857421875,0.1309051513671875,-0.010021209716796875
1157_0.56_1.98.png,0.8529739379882812,0.6457138061523438,0.2072601318359375,0.6620368957519531,0.6997566223144531,0.6457138061523438
1163_0.95_1.89.png,0.13759231567382812,0.00162506103515625,0.13596725463867188,0.08227920532226562,0.09343338012695312,0.00162506103515625
1164_0.79_1.96.png,-0.1753692626953125,-0.20938873291015625,0.03401947021484375,-0.10052490234375,-0.15808486938476562,-0.20938873291015625
1167_0.95_0.68.png,0.15160369873046875,0.099639892578125,0.05196380615234375,0.045623779296875,0.0659332275390625,0.099639892578125
1174_0.74_1.33.png,-0.17253494262695312,-0.19116973876953125,0.018634796142578125,-0.23331832885742188,-0.18299102783203125,-0.19116973876953125
1178_0.68_0.85.png,0.16288375854492188,-0.09584808349609375,0.2587318420410156,0.004024505615234375,0.047443389892578125,-0.09584808349609375
1182_0.63_1.77.png,0.3558464050292969,0.23719406127929688,0.11865234375,0.23766326904296875,0.2752838134765625,0.23719406127929688
118_0.72_0.71.png,-0.07771682739257812,-0.006114959716796875,-0.07160186767578125,-0.12811279296875,-0.11963653564453125,-0.006114959716796875
1195_0.65_1.61.png,-0.17163467407226562,-0.20540237426757812,0.0337677001953125,-0.14199447631835938,-0.15785980224609375,-0.20540237426757812
1199_0.86_0.65.png,0.08629226684570312,-0.07826614379882812,0.16455841064453125,-0.07487869262695312,-0.0048065185546875,-0.07826614379882812
1207_0.7_1.43.png,0.07604217529296875,0.029300689697265625,0.046741485595703125,0.06772232055664062,0.0978546142578125,0.029300689697265625
1216_0.65_1.09.png,-0.09589385986328125,-0.055408477783203125,-0.040485382080078125,-0.01801300048828125,-0.062530517578125,-0.055408477783203125
1217_0.82_0.83.png,0.10760498046875,-0.0523529052734375,0.1599578857421875,-0.030231475830078125,-0.011135101318359375,-0.0523529052734375
1220_0.82_1.9.png,0.143402099609375,0.04789161682128906,0.09551048278808594,0.07306098937988281,0.07462120056152344,0.04789161682128906
1226_0.82_0.78.png,-0.196929931640625,-0.25966644287109375,0.06273651123046875,-0.15128707885742188,-0.22042465209960938,-0.25966644287109375
1232_0.77_0.99.png,-0.23474884033203125,-0.42232513427734375,0.1875762939453125,-0.3468971252441406,-0.3805198669433594,-0.42232513427734375
1233_0.54_0.63.png,-0.08972549438476562,0.043933868408203125,-0.13365936279296875,0.056461334228515625,0.03977203369140625,0.043933868408203125
1246_0.62_2.0.png,0.1976776123046875,0.16089248657226562,0.036785125732421875,0.13415145874023438,0.14548492431640625,0.16089248657226562
1267_0.75_1.55.png,0.7381858825683594,0.5276145935058594,0.2105712890625,0.5324440002441406,0.5590019226074219,0.5276145935058594
1270_0.74_1.52.png,0.0136260986328125,-0.08646011352539062,0.10008621215820312,-0.012950897216796875,-0.0318450927734375,-0.08646011352539062
1275_0.54_1.73.png,0.32807159423828125,0.17955780029296875,0.1485137939453125,0.19681167602539062,0.23503494262695312,0.17955780029296875
1284_0.58_1.58.png,0.2512855529785156,0.15045928955078125,0.10082626342773438,0.16586685180664062,0.15603256225585938,0.15045928955078125
1290_0.95_1.76.png,0.2745513916015625,0.12076950073242188,0.15378189086914062,0.14012908935546875,0.14151763916015625,0.12076950073242188
12_0.9_1.75.png,0.01416015625,-0.17041015625,0.1845703125,-0.09202957153320312,-0.090545654296875,-0.17041015625
1307_0.92_1.87.png,-0.20177841186523438,-0.3172874450683594,0.115509033203125,-0.2592887878417969,-0.268829345703125,-0.3172874450683594
1310_0.53_1.28.png,0.17475509643554688,0.01868438720703125,0.15607070922851562,-0.018039703369140625,0.01171875,0.01868438720703125
1323_0.89_0.88.png,0.03809356689453125,-0.09503936767578125,0.1331329345703125,-0.046863555908203125,-0.07101058959960938,-0.09503936767578125
1324_0.55_1.43.png,0.07176971435546875,-0.042751312255859375,0.11452102661132812,0.001956939697265625,-0.009296417236328125,-0.042751312255859375
1333_0.79_1.62.png,0.047088623046875,0.11040496826171875,-0.06331634521484375,0.019634246826171875,0.057476043701171875,0.11040496826171875
1338_0.83_1.25.png,0.1449432373046875,0.0563507080078125,0.088592529296875,0.04961395263671875,0.048900604248046875,0.0563507080078125
1339_0.65_1.47.png,0.2619781494140625,0.12378692626953125,0.13819122314453125,0.15769195556640625,0.13623809814453125,0.12378692626953125
133_0.75_1.91.png,0.07870674133300781,-0.03470611572265625,0.11341285705566406,0.013597488403320312,0.009145736694335938,-0.03470611572265625
1348_0.85_0.74.png,0.12507247924804688,-0.06427764892578125,0.18935012817382812,-0.01880645751953125,-0.0259246826171875,-0.06427764892578125
1349_0.94_1.22.png,-0.0008144378662109375,0.01618194580078125,-0.016996383666992188,-0.039310455322265625,-0.034465789794921875,0.01618194580078125
1354_0.79_1.67.png,0.06064605712890625,-0.10789108276367188,0.16853713989257812,-0.039653778076171875,-0.047039031982421875,-0.10789108276367188
1357_0.64_1.26.png,-0.11702346801757812,-0.110321044921875,-0.006702423095703125,-0.17567062377929688,-0.15048599243164062,-0.110321044921875
1359_0.92_1.46.png,0.14324188232421875,0.11103057861328125,0.0322113037109375,0.09822463989257812,0.1009674072265625,0.11103057861328125
135_0.95_0.78.png,-0.038654327392578125,-0.138519287109375,0.09986495971679688,-0.13148117065429688,-0.10029983520507812,-0.138519287109375
1376_0.65_1.6.png,0.14662933349609375,0.009723663330078125,0.13690567016601562,0.046417236328125,0.0634613037109375,0.009723663330078125
1381_0.96_0.82.png,-0.03033447265625,-0.06604385375976562,0.035709381103515625,-0.13763046264648438,-0.09954833984375,-0.06604385375976562
1383_0.75_0.81.png,-0.115478515625,-0.20792007446289062,0.09244155883789062,-0.2551994323730469,-0.2486572265625,-0.20792007446289062
1392_0.87_0.83.png,0.13203811645507812,-0.00455474853515625,0.13659286499023438,-0.00185394287109375,-0.00370025634765625,-0.00455474853515625
1395_0.71_1.8.png,0.3506278991699219,0.20890426635742188,0.1417236328125,0.23645401000976562,0.24654769897460938,0.20890426635742188
1397_0.94_0.79.png,0.17078399658203125,-0.0088653564453125,0.17964935302734375,0.028003692626953125,0.04657745361328125,-0.0088653564453125
1399_0.81_0.95.png,0.3423652648925781,0.17166900634765625,0.17069625854492188,0.21146392822265625,0.20226287841796875,0.17166900634765625
1401_0.77_1.54.png,0.20662689208984375,0.04288482666015625,0.1637420654296875,0.07341384887695312,0.11344146728515625,0.04288482666015625
140_0.99_1.0.png,-0.025264739990234375,0.028499603271484375,-0.05376434326171875,-0.018444061279296875,-0.002773284912109375,0.028499603271484375
1416_0.95_1.15.png,0.264495849609375,0.12744140625,0.137054443359375,0.14253997802734375,0.194091796875,0.12744140625
1417_0.88_0.75.png,0.061550140380859375,0.11180877685546875,-0.050258636474609375,0.06313323974609375,0.08092498779296875,0.11180877685546875
1418_0.79_1.51.png,0.0702362060546875,0.07763671875,-0.0074005126953125,0.0490570068359375,0.048191070556640625,0.07763671875
1423_0.68_1.59.png,0.0621337890625,0.07915878295898438,-0.017024993896484375,0.11250686645507812,0.08240890502929688,0.07915878295898438
1425_0.84_1.75.png,-0.35958099365234375,-0.3444976806640625,-0.01508331298828125,-0.4236602783203125,-0.40460205078125,-0.3444976806640625
1428_0.86_1.18.png,-0.2636604309082031,-0.23787307739257812,-0.025787353515625,-0.3417396545410156,-0.3116302490234375,-0.23787307739257812
1431_0.81_0.84.png,-0.06551361083984375,-0.2293548583984375,0.16384124755859375,-0.1573944091796875,-0.17389297485351562,-0.2293548583984375
1434_0.83_1.44.png,0.0453948974609375,0.0820770263671875,-0.03668212890625,0.07976150512695312,0.07239151000976562,0.0820770263671875
1436_0.66_1.76.png,0.21967697143554688,0.12714385986328125,0.09253311157226562,0.21971511840820312,0.16829681396484375,0.12714385986328125
1437_0.74_1.01.png,0.1929473876953125,0.06711196899414062,0.12583541870117188,0.05965423583984375,0.093475341796875,0.06711196899414062
1441_0.58_1.73.png,-0.0315093994140625,-0.11499786376953125,0.08348846435546875,-0.059482574462890625,-0.03147125244140625,-0.11499786376953125
1442_0.62_0.81.png,-0.052982330322265625,-0.173309326171875,0.12032699584960938,-0.088531494140625,-0.06487274169921875,-0.173309326171875
1444_0.58_1.95.png,-0.021366119384765625,-0.08696365356445312,0.0655975341796875,-0.04168701171875,-0.06026458740234375,-0.08696365356445312
1447_0.8_1.55.png,0.19336318969726562,0.015106201171875,0.17825698852539062,0.1131591796875,0.06583023071289062,0.015106201171875
1463_1.0_1.22.png,0.11247634887695312,0.12508773803710938,-0.01261138916015625,0.07987213134765625,0.0870819091796875,0.12508773803710938
1468_0.81_0.54.png,0.00899505615234375,0.15809249877929688,-0.14909744262695312,0.2013702392578125,0.18857574462890625,0.15809249877929688
146_0.96_1.51.png,0.10326004028320312,0.09984016418457031,0.0034198760986328125,0.0540771484375,0.06945991516113281,0.09984016418457031
1482_0.59_1.05.png,-0.1529998779296875,-0.1216583251953125,-0.031341552734375,-0.0806884765625,-0.09081268310546875,-0.1216583251953125
1484_0.75_0.81.png,-0.07870864868164062,-0.016387939453125,-0.062320709228515625,-0.001575469970703125,-0.013332366943359375,-0.016387939453125
1486_0.98_1.1.png,-0.25273895263671875,-0.1069183349609375,-0.14582061767578125,-0.1399993896484375,-0.12590789794921875,-0.1069183349609375
1487_0.99_1.08.png,-0.18750381469726562,-0.05742645263671875,-0.13007736206054688,-0.07920074462890625,-0.05474090576171875,-0.05742645263671875
1505_0.8_0.86.png,0.24750137329101562,-0.028896331787109375,0.276397705078125,0.0950927734375,0.039463043212890625,-0.028896331787109375
1507_0.87_0.95.png,0.15835952758789062,-0.031597137451171875,0.1899566650390625,0.047626495361328125,-0.00276947021484375,-0.031597137451171875
1510_0.72_1.09.png,0.06251144409179688,0.012454986572265625,0.05005645751953125,-0.02758026123046875,-0.014232635498046875,0.012454986572265625
1551_0.97_1.18.png,-0.03265380859375,-0.035556793212890625,0.002902984619140625,-0.045299530029296875,-0.038738250732421875,-0.035556793212890625
1563_0.95_1.85.png,0.13375091552734375,0.10406875610351562,0.029682159423828125,0.09355545043945312,0.09891891479492188,0.10406875610351562
1564_0.56_1.56.png,0.09197998046875,0.0094757080078125,0.0825042724609375,0.09754180908203125,0.02803802490234375,0.0094757080078125
157_0.81_1.26.png,0.176727294921875,0.05970001220703125,0.11702728271484375,0.041477203369140625,0.06426239013671875,0.05970001220703125
1587_0.73_1.54.png,0.18200302124023438,0.11479568481445312,0.06720733642578125,0.14299774169921875,0.13378524780273438,0.11479568481445312
1588_0.93_1.69.png,0.202972412109375,0.1278228759765625,0.0751495361328125,0.14714431762695312,0.14809417724609375,0.1278228759765625
158_0.56_1.42.png,0.20479202270507812,0.04961395263671875,0.15517807006835938,0.08613967895507812,0.07888031005859375,0.04961395263671875
1590_0.78_0.63.png,-0.18417739868164062,0.037471771240234375,-0.221649169921875,-0.033779144287109375,-0.07709884643554688,0.037471771240234375
1594_0.71_0.5.png,0.056026458740234375,0.2980690002441406,-0.24204254150390625,0.24712753295898438,0.2643318176269531,0.2980690002441406
1603_0.54_0.74.png,0.22667694091796875,-0.04430389404296875,0.2709808349609375,0.04683685302734375,0.033466339111328125,-0.04430389404296875
1605_1.0_1.37.png,0.07322311401367188,0.04734039306640625,0.025882720947265625,0.04367828369140625,0.051952362060546875,0.04734039306640625
1611_0.9_1.98.png,0.11872100830078125,0.095672607421875,0.02304840087890625,0.0777740478515625,0.08249664306640625,0.095672607421875
1614_0.81_0.78.png,-0.19367599487304688,-0.51019287109375,0.3165168762207031,-0.4567070007324219,-0.460205078125,-0.51019287109375
1623_0.78_1.81.png,0.0474853515625,-0.0632781982421875,0.1107635498046875,-0.029842376708984375,-0.03388214111328125,-0.0632781982421875
1626_0.53_1.25.png,-0.4668388366699219,-0.11928558349609375,-0.3475532531738281,-0.121063232421875,-0.2534828186035156,-0.11928558349609375
1628_0.8_1.49.png,-0.027935028076171875,-0.009082794189453125,-0.01885223388671875,0.001613616943359375,0.00659942626953125,-0.009082794189453125
162_0.75_0.98.png,0.09468841552734375,-0.09035873413085938,0.18504714965820312,-0.07102203369140625,-0.046184539794921875,-0.09035873413085938
1638_0.83_1.06.png,-0.038726806640625,-0.20281219482421875,0.16408538818359375,-0.143157958984375,-0.17076873779296875,-0.20281219482421875
1643_0.77_0.66.png,0.37084197998046875,0.0244903564453125,0.34635162353515625,0.0512542724609375,0.0677947998046875,0.0244903564453125
1645_0.87_1.02.png,0.06695938110351562,0.008960723876953125,0.0579986572265625,0.0560302734375,-0.005222320556640625,0.008960723876953125
1647_0.89_1.55.png,0.10809326171875,0.031154632568359375,0.07693862915039062,0.058490753173828125,0.0138702392578125,0.031154632568359375
1653_0.9_1.01.png,0.052001953125,0.025699615478515625,0.026302337646484375,0.013599395751953125,0.022266387939453125,0.025699615478515625
1655_0.54_1.38.png,-0.4293403625488281,-0.20824813842773438,-0.22109222412109375,-0.20067596435546875,-0.3548316955566406,-0.20824813842773438
166_0.58_1.66.png,0.09569168090820312,-0.06544876098632812,0.16114044189453125,0.07175064086914062,-0.0055084228515625,-0.06544876098632812
1672_0.86_1.68.png,-0.02785491943359375,-0.16072463989257812,0.13286972045898438,-0.14681243896484375,-0.10161590576171875,-0.16072463989257812
1678_0.95_0.64.png,0.062061309814453125,0.053173065185546875,0.00888824462890625,0.06049346923828125,0.053363800048828125,0.053173065185546875
1680_0.79_1.69.png,0.04531097412109375,-0.09180068969726562,0.13711166381835938,-0.05615234375,-0.06427383422851562,-0.09180068969726562
1681_0.98_1.69.png,0.24499130249023438,0.19464492797851562,0.05034637451171875,0.19941329956054688,0.18819808959960938,0.19464492797851562
1684_0.61_1.24.png,0.2757148742675781,0.24382781982421875,0.031887054443359375,0.2191314697265625,0.24082183837890625,0.24382781982421875
1685_0.79_1.99.png,0.2732391357421875,0.15372467041015625,0.11951446533203125,0.167205810546875,0.20028305053710938,0.15372467041015625
1688_0.94_1.37.png,0.2811241149902344,0.18407440185546875,0.09704971313476562,0.20780563354492188,0.21497344970703125,0.18407440185546875
1693_0.51_1.03.png,-0.18144607543945312,-0.135467529296875,-0.045978546142578125,-0.12849807739257812,-0.14485931396484375,-0.135467529296875
1697_0.87_1.23.png,-0.081390380859375,-0.13034439086914062,0.048954010009765625,-0.059841156005859375,-0.076263427734375,-0.13034439086914062
1702_0.69_0.67.png,0.18989181518554688,-0.00714874267578125,0.19704055786132812,0.095184326171875,0.0762786865234375,-0.00714874267578125
1712_0.9_0.74.png,0.0556488037109375,-0.01593017578125,0.0715789794921875,0.03912353515625,0.01772308349609375,-0.01593017578125
1718_0.92_1.01.png,0.06348800659179688,0.020565032958984375,0.0429229736328125,0.025684356689453125,0.024723052978515625,0.020565032958984375
1726_0.54_0.7.png,-0.029888153076171875,0.005809783935546875,-0.03569793701171875,0.0186920166015625,-0.014064788818359375,0.005809783935546875
1729_0.85_0.57.png,-0.10712814331054688,-0.07058334350585938,-0.0365447998046875,-0.07949447631835938,-0.08132553100585938,-0.07058334350585938
1731_0.84_1.3.png,-0.15178680419921875,-0.12460708618164062,-0.027179718017578125,-0.126678466796875,-0.14109420776367188,-0.12460708618164062
1732_0.87_0.59.png,-0.09412384033203125,-0.08349227905273438,-0.010631561279296875,-0.07473373413085938,-0.0886383056640625,-0.08349227905273438
1735_0.72_0.9.png,0.17714691162109375,-0.06175994873046875,0.2389068603515625,0.015865325927734375,0.029994964599609375,-0.06175994873046875
1737_0.98_0.6.png,0.05173492431640625,0.08240509033203125,-0.030670166015625,0.04756927490234375,0.06977081298828125,0.08240509033203125
1742_0.9_1.59.png,0.0368804931640625,-0.045207977294921875,0.08208847045898438,-0.014537811279296875,-0.014881134033203125,-0.045207977294921875
1747_0.63_1.37.png,0.2907562255859375,0.04169464111328125,0.24906158447265625,0.09452056884765625,0.08216094970703125,0.04169464111328125
1749_0.73_1.97.png,-0.06532669067382812,-0.16616058349609375,0.10083389282226562,-0.15626907348632812,-0.147552490234375,-0.16616058349609375
1750_0.82_1.35.png,-0.018505096435546875,-0.05934906005859375,0.040843963623046875,-0.08481979370117188,-0.043666839599609375,-0.05934906005859375
1752_0.83_1.89.png,0.02043914794921875,-0.047657012939453125,0.06809616088867188,-0.044574737548828125,-0.028614044189453125,-0.047657012939453125
1753_0.96_1.66.png,0.10009765625,0.050312042236328125,0.049785614013671875,0.02850341796875,0.06397247314453125,0.050312042236328125
1758_0.81_1.38.png,-0.01903533935546875,-0.07172775268554688,0.052692413330078125,-0.0891876220703125,-0.043323516845703125,-0.07172775268554688
1762_0.95_0.95.png,0.16424179077148438,-0.004718780517578125,0.1689605712890625,0.0077972412109375,0.030757904052734375,-0.004718780517578125
1767_0.55_0.58.png,0.057750701904296875,0.3536949157714844,-0.2959442138671875,0.28946685791015625,0.16420745849609375,0.3536949157714844
1772_0.62_1.44.png,-0.130401611328125,-0.2753639221191406,0.14496231079101562,-0.2907752990722656,-0.2714996337890625,-0.2753639221191406
1786_0.64_1.19.png,0.47122955322265625,0.11898040771484375,0.3522491455078125,0.1766204833984375,0.2721366882324219,0.11898040771484375
1792_0.62_1.77.png,-0.02175140380859375,-0.058135986328125,0.03638458251953125,0.01035308837890625,0.0039825439453125,-0.058135986328125
1793_0.92_1.79.png,0.001270294189453125,-0.01239013671875,0.013660430908203125,0.01978302001953125,0.01343536376953125,-0.01239013671875
1794_0.54_1.25.png,-0.040637969970703125,0.0496063232421875,-0.09024429321289062,0.07094192504882812,0.05107879638671875,0.0496063232421875
1796_0.93_0.58.png,-0.029926300048828125,0.02039337158203125,-0.050319671630859375,0.07577896118164062,0.00782012939453125,0.02039337158203125
1807_0.72_1.36.png,0.3881378173828125,0.042949676513671875,0.3451881408691406,0.098052978515625,0.06734466552734375,0.042949676513671875
1812_0.63_1.78.png,-0.5353965759277344,-0.4679069519042969,-0.0674896240234375,-0.47882843017578125,-0.4874610900878906,-0.4679069519042969
1838_0.88_0.63.png,0.06864166259765625,-0.000255584716796875,0.06889724731445312,-0.002590179443359375,-0.005710601806640625,-0.000255584716796875
1840_0.94_1.56.png,0.1748199462890625,0.02051544189453125,0.15430450439453125,0.07164764404296875,0.059947967529296875,0.02051544189453125
1842_0.88_0.62.png,-0.03318023681640625,0.020389556884765625,-0.053569793701171875,0.02327728271484375,0.0097503662109375,0.020389556884765625
1843_0.68_1.88.png,-0.2206878662109375,-0.22196578979492188,0.001277923583984375,-0.182373046875,-0.18511962890625,-0.22196578979492188
1851_0.7_1.14.png,0.12575149536132812,-0.15555953979492188,0.28131103515625,-0.13056564331054688,-0.07801437377929688,-0.15555953979492188
1852_0.7_0.65.png,0.3048133850097656,-0.1443023681640625,0.4491157531738281,-0.10125350952148438,0.015796661376953125,-0.1443023681640625
1855_0.9_1.32.png,-0.04904937744140625,0.00186920166015625,-0.0509185791015625,-0.00586700439453125,-0.015293121337890625,0.00186920166015625
1857_0.87_1.23.png,0.15675735473632812,0.0081787109375,0.14857864379882812,0.0362548828125,0.04705047607421875,0.0081787109375
186_0.61_0.89.png,-0.1847991943359375,-0.10950088500976562,-0.07529830932617188,-0.09645843505859375,-0.12253952026367188,-0.10950088500976562
1874_0.85_0.87.png,0.20963668823242188,-0.016056060791015625,0.2256927490234375,0.054073333740234375,0.012729644775390625,-0.016056060791015625
1877_0.68_1.05.png,0.39232635498046875,-0.017070770263671875,0.4093971252441406,0.06980514526367188,0.08790969848632812,-0.017070770263671875
1882_0.84_1.36.png,0.034763336181640625,-0.012859344482421875,0.0476226806640625,-0.049869537353515625,-0.0124359130859375,-0.012859344482421875
1883_0.72_1.0.png,0.1126861572265625,0.00510406494140625,0.10758209228515625,0.13721466064453125,0.08826446533203125,0.00510406494140625
1884_0.78_0.61.png,0.12166595458984375,-0.007991790771484375,0.12965774536132812,0.06349563598632812,0.07736968994140625,-0.007991790771484375
1885_0.54_0.83.png,0.41436767578125,0.08222579956054688,0.3321418762207031,0.3433265686035156,0.31314849853515625,0.08222579956054688
1886_0.89_1.66.png,0.07774734497070312,0.015415191650390625,0.0623321533203125,0.06922149658203125,0.054775238037109375,0.015415191650390625
1890_0.83_1.44.png,0.119140625,0.07535552978515625,0.04378509521484375,0.16890716552734375,0.1727447509765625,0.07535552978515625
1893_0.53_1.29.png,-0.5562820434570312,-0.23968887329101562,-0.3165931701660156,-0.4742774963378906,-0.4321136474609375,-0.23968887329101562
1899_0.89_1.0.png,0.3042030334472656,0.13512420654296875,0.16907882690429688,0.16561508178710938,0.14766311645507812,0.13512420654296875
1901_0.77_1.18.png,0.13775253295898438,0.004337310791015625,0.13341522216796875,0.09048843383789062,0.08185195922851562,0.004337310791015625
1904_0.58_0.8.png,0.440948486328125,0.12242507934570312,0.3185234069824219,0.26142120361328125,0.26473236083984375,0.12242507934570312
1906_0.74_1.79.png,0.036609649658203125,0.0325164794921875,0.004093170166015625,0.07656097412109375,0.056552886962890625,0.0325164794921875
1917_0.96_1.37.png,0.357147216796875,0.22129058837890625,0.13585662841796875,0.21953964233398438,0.23257064819335938,0.22129058837890625
1919_0.59_0.94.png,-0.021190643310546875,0.004840850830078125,-0.026031494140625,-0.04116058349609375,-0.055980682373046875,0.004840850830078125
1924_0.98_1.93.png,0.05547332763671875,-0.06674575805664062,0.12221908569335938,-0.0542144775390625,-0.029438018798828125,-0.06674575805664062
1927_0.78_0.54.png,0.3376350402832031,0.14725494384765625,0.19038009643554688,0.16928482055664062,0.22568893432617188,0.14725494384765625
192_0.61_1.48.png,0.11715316772460938,-0.09754562377929688,0.21469879150390625,0.00323486328125,-0.04880523681640625,-0.09754562377929688
1931_0.68_1.21.png,0.42029571533203125,0.22455596923828125,0.19573974609375,0.25113677978515625,0.24796295166015625,0.22455596923828125
1944_0.99_1.3.png,-0.0231781005859375,-0.0417327880859375,0.0185546875,-0.0648040771484375,-0.0294952392578125,-0.0417327880859375
1950_0.98_1.54.png,0.21068954467773438,0.084564208984375,0.12612533569335938,0.10133743286132812,0.15123367309570312,0.084564208984375
1954_0.97_1.98.png,-0.15798187255859375,-0.22118759155273438,0.06320571899414062,-0.23085403442382812,-0.17253875732421875,-0.22118759155273438
195_0.71_1.76.png,0.2306976318359375,0.11809921264648438,0.11259841918945312,0.11848831176757812,0.14477157592773438,0.11809921264648438
1967_0.84_0.81.png,0.044948577880859375,-0.09621429443359375,0.14116287231445312,-0.08351516723632812,-0.0811920166015625,-0.09621429443359375
1972_0.6_0.84.png,-0.0025177001953125,-0.10604095458984375,0.10352325439453125,-0.12604141235351562,-0.11337661743164062,-0.10604095458984375
1975_0.78_0.62.png,0.011791229248046875,0.00034332275390625,0.011447906494140625,-0.037975311279296875,-0.0850677490234375,0.00034332275390625
1982_0.99_1.89.png,0.08915328979492188,-0.032543182373046875,0.12169647216796875,-0.0131378173828125,0.035541534423828125,-0.032543182373046875
1984_0.63_0.55.png,0.216064453125,-0.0117340087890625,0.2277984619140625,0.006866455078125,0.09749603271484375,-0.0117340087890625
1985_0.57_1.93.png,0.11299514770507812,-0.059421539306640625,0.17241668701171875,-0.0366058349609375,0.00234222412109375,-0.059421539306640625
1988_0.94_1.22.png,0.20977783203125,0.17911529541015625,0.03066253662109375,0.18404769897460938,0.16872024536132812,0.17911529541015625
1989_0.63_0.82.png,0.037830352783203125,-0.1794891357421875,0.21731948852539062,-0.16796493530273438,-0.126983642578125,-0.1794891357421875
198_0.7_0.56.png,-0.06641387939453125,0.11101150512695312,-0.17742538452148438,-0.05629730224609375,-0.04378509521484375,0.11101150512695312
1997_0.71_1.74.png,0.09061431884765625,0.02083587646484375,0.0697784423828125,0.02741241455078125,0.0202484130859375,0.02083587646484375
1998_0.9_0.95.png,0.00455474853515625,-0.050479888916015625,0.055034637451171875,-0.04679107666015625,-0.04187774658203125,-0.050479888916015625
2004_0.95_1.57.png,0.034122467041015625,-0.04241943359375,0.07654190063476562,-0.03357696533203125,-0.03536224365234375,-0.04241943359375
2016_0.66_1.25.png,-0.262664794921875,-0.12765884399414062,-0.13500595092773438,-0.2058563232421875,-0.16703033447265625,-0.12765884399414062
201_0.77_0.89.png,0.19272613525390625,-0.09235763549804688,0.2850837707519531,-0.07061386108398438,-0.023235321044921875,-0.09235763549804688
2020_0.68_0.87.png,-0.0812225341796875,0.0112457275390625,-0.09246826171875,0.03406524658203125,-0.0752105712890625,0.0112457275390625
2022_0.74_1.71.png,0.09514617919921875,-0.11106109619140625,0.206207275390625,-0.041301727294921875,-0.005947113037109375,-0.11106109619140625
2028_0.98_1.27.png,-0.07437515258789062,0.02495574951171875,-0.09933090209960938,-0.005596160888671875,0.0011444091796875,0.02495574951171875
2031_0.78_1.8.png,-0.03495025634765625,-0.0858001708984375,0.05084991455078125,-0.04987335205078125,-0.07576370239257812,-0.0858001708984375
2035_0.56_1.32.png,-0.009296417236328125,0.17094039916992188,-0.18023681640625,0.03607940673828125,0.06332778930664062,0.17094039916992188
2044_0.97_0.55.png,-0.04434967041015625,0.00214385986328125,-0.0464935302734375,-0.0435333251953125,-0.033115386962890625,0.00214385986328125
2049_0.54_1.16.png,0.00373077392578125,-0.048065185546875,0.05179595947265625,0.035968780517578125,-0.012752532958984375,-0.048065185546875
2062_0.98_0.6.png,0.6438484191894531,0.3966331481933594,0.24721527099609375,0.432891845703125,0.5030593872070312,0.3966331481933594
206_0.61_1.6.png,-0.056011199951171875,-0.1643218994140625,0.10831069946289062,-0.12686920166015625,-0.15839385986328125,-0.1643218994140625
2070_0.86_0.78.png,-0.13974380493164062,-0.08779144287109375,-0.051952362060546875,-0.03972625732421875,-0.0807037353515625,-0.08779144287109375
2073_0.87_1.93.png,0.20638656616210938,0.06728363037109375,0.13910293579101562,0.07442474365234375,0.08327865600585938,0.06728363037109375
2074_0.71_0.74.png,0.25315093994140625,-0.009563446044921875,0.2627143859863281,0.013111114501953125,0.123565673828125,-0.009563446044921875
2075_0.73_2.0.png,0.2576408386230469,0.09050369262695312,0.16713714599609375,0.10783767700195312,0.16359710693359375,0.09050369262695312
2076_0.85_1.77.png,0.14345169067382812,0.00262451171875,0.14082717895507812,0.009647369384765625,0.04628753662109375,0.00262451171875
2081_0.8_1.57.png,0.13079833984375,0.0791778564453125,0.0516204833984375,0.0522003173828125,0.03618621826171875,0.0791778564453125
2090_0.94_0.78.png,0.061534881591796875,-0.16740798950195312,0.22894287109375,-0.1234283447265625,-0.0881805419921875,-0.16740798950195312
2091_0.7_0.84.png,0.047435760498046875,-0.1887359619140625,0.23617172241210938,-0.133941650390625,-0.011791229248046875,-0.1887359619140625
2093_0.79_1.1.png,0.07916641235351562,-0.10401535034179688,0.1831817626953125,0.048091888427734375,0.002109527587890625,-0.10401535034179688
2094_0.56_1.05.png,0.056182861328125,-0.14510345458984375,0.20128631591796875,0.05744171142578125,-0.031978607177734375,-0.14510345458984375
2095_0.85_1.67.png,0.023754119873046875,-0.0882415771484375,0.11199569702148438,-0.0221710205078125,-0.036861419677734375,-0.0882415771484375
2100_0.76_0.76.png,0.15227127075195312,0.09416580200195312,0.05810546875,0.13345718383789062,0.14409255981445312,0.09416580200195312
2106_0.53_0.55.png,0.165252685546875,0.0210113525390625,0.1442413330078125,0.1355438232421875,0.17017364501953125,0.0210113525390625
2113_0.55_1.43.png,0.025730133056640625,-0.10690689086914062,0.13263702392578125,-0.0928497314453125,-0.061923980712890625,-0.10690689086914062
2115_0.75_1.52.png,0.10484695434570312,-0.08405685424804688,0.18890380859375,-0.06739044189453125,-0.052852630615234375,-0.08405685424804688
2116_0.73_1.74.png,0.1348876953125,-0.03659820556640625,0.17148590087890625,-0.019496917724609375,0.00313568115234375,-0.03659820556640625
211_0.63_0.82.png,-0.029052734375,0.17090225219726562,-0.19995498657226562,0.1823577880859375,0.12567138671875,0.17090225219726562
2126_0.75_0.91.png,0.3145103454589844,0.055507659912109375,0.259002685546875,0.0860748291015625,0.20239639282226562,0.055507659912109375
2129_0.8_0.51.png,-0.07958221435546875,0.041187286376953125,-0.12076950073242188,0.01314544677734375,-0.019168853759765625,0.041187286376953125
2135_0.51_1.0.png,0.16110610961914062,0.0662841796875,0.09482192993164062,0.09635162353515625,0.1293487548828125,0.0662841796875
2137_0.57_1.38.png,0.5751838684082031,0.40744781494140625,0.16773605346679688,0.41654205322265625,0.4297676086425781,0.40744781494140625
2144_0.54_1.03.png,0.3333930969238281,0.020221710205078125,0.31317138671875,0.09252548217773438,0.17896652221679688,0.020221710205078125
214_0.82_1.6.png,-0.02329254150390625,-0.21398544311523438,0.19069290161132812,-0.12650680541992188,-0.1249847412109375,-0.21398544311523438
2152_0.55_1.31.png,-0.1246337890625,-0.044338226318359375,-0.08029556274414062,-0.031467437744140625,-0.061222076416015625,-0.044338226318359375
2154_0.65_1.47.png,0.27371978759765625,0.006526947021484375,0.2671928405761719,0.05361175537109375,0.07045745849609375,0.006526947021484375
2162_0.63_1.79.png,0.28838348388671875,0.060092926025390625,0.22829055786132812,0.09605789184570312,0.11893844604492188,0.060092926025390625
2169_0.78_0.79.png,-0.0758514404296875,0.052093505859375,-0.1279449462890625,-0.033355712890625,-0.014507293701171875,0.052093505859375
2171_0.57_1.74.png,-0.020099639892578125,-0.03360748291015625,0.013507843017578125,-0.05127716064453125,-0.04665374755859375,-0.03360748291015625
2174_0.88_0.84.png,0.036701202392578125,0.01902008056640625,0.017681121826171875,0.06426239013671875,0.07500076293945312,0.01902008056640625
2177_1.0_1.8.png,0.2777366638183594,0.22666168212890625,0.051074981689453125,0.21051788330078125,0.23137283325195312,0.22666168212890625
2184_0.86_1.39.png,0.004711151123046875,-0.080718994140625,0.08543014526367188,-0.12647628784179688,-0.074493408203125,-0.080718994140625
2185_0.57_1.6.png,0.029727935791015625,-0.03603363037109375,0.06576156616210938,-0.041278839111328125,-0.022464752197265625,-0.03603363037109375
218_0.71_1.25.png,-0.3330574035644531,-0.12508392333984375,-0.20797348022460938,-0.20685577392578125,-0.21012496948242188,-0.12508392333984375
2190_0.51_0.51.png,-0.3191108703613281,0.036197662353515625,-0.35530853271484375,-0.09979248046875,-0.080841064453125,0.036197662353515625
2193_0.55_1.89.png,-0.0742645263671875,-0.10748672485351562,0.033222198486328125,-0.15104293823242188,-0.15285873413085938,-0.10748672485351562
2196_0.72_0.83.png,0.042018890380859375,-0.0796966552734375,0.12171554565429688,-0.10826873779296875,-0.07750701904296875,-0.0796966552734375
2203_0.58_1.48.png,0.015583038330078125,0.09815216064453125,-0.08256912231445312,0.04238128662109375,0.07603073120117188,0.09815216064453125
2204_0.99_1.22.png,-0.0195159912109375,-0.04250335693359375,0.02298736572265625,-0.07401657104492188,-0.033626556396484375,-0.04250335693359375
2206_0.7_1.0.png,-0.061626434326171875,-0.23023605346679688,0.168609619140625,-0.2343902587890625,-0.15877532958984375,-0.23023605346679688
2208_0.72_0.51.png,-0.08804702758789062,-0.3348503112792969,0.24680328369140625,-0.3236045837402344,-0.3182716369628906,-0.3348503112792969
220_0.56_1.69.png,-0.31522369384765625,-0.19161224365234375,-0.1236114501953125,-0.23612213134765625,-0.24419784545898438,-0.19161224365234375
2216_0.58_1.17.png,0.2615203857421875,0.20516586303710938,0.056354522705078125,0.21313858032226562,0.21897506713867188,0.20516586303710938
2217_0.57_1.84.png,0.1606292724609375,0.0437164306640625,0.116912841796875,0.09853363037109375,0.10066986083984375,0.0437164306640625
2234_0.76_1.1.png,0.021007537841796875,0.012615203857421875,0.008392333984375,0.025791168212890625,-0.0128326416015625,0.012615203857421875
2235_0.91_1.78.png,0.030353546142578125,-0.0063323974609375,0.036685943603515625,0.003498077392578125,-0.00274658203125,-0.0063323974609375
2242_0.99_1.49.png,0.000209808349609375,0.016857147216796875,-0.0166473388671875,0.0247802734375,0.0482330322265625,0.016857147216796875
2252_0.79_0.97.png,-0.034885406494140625,0.039703369140625,-0.07458877563476562,0.001010894775390625,0.011310577392578125,0.039703369140625
2253_0.9_0.97.png,-0.03195953369140625,0.01103973388671875,-0.042999267578125,-0.0130462646484375,-0.003978729248046875,0.01103973388671875
2254_0.99_0.51.png,0.011341094970703125,-0.015941619873046875,0.02728271484375,0.03448486328125,0.00782012939453125,-0.015941619873046875
2258_0.96_0.94.png,0.08896255493164062,-0.0420989990234375,0.13106155395507812,-0.02848052978515625,-0.0300750732421875,-0.0420989990234375
2268_0.66_1.84.png,-0.00270843505859375,-0.043972015380859375,0.041263580322265625,0.022525787353515625,-0.00011444091796875,-0.043972015380859375
2269_0.52_1.13.png,0.149078369140625,-0.01386260986328125,0.16294097900390625,0.1443023681640625,0.093505859375,-0.01386260986328125
226_0.56_0.7.png,-0.12657928466796875,-0.008022308349609375,-0.11855697631835938,-0.005023956298828125,-0.08355712890625,-0.008022308349609375
2283_0.58_1.18.png,0.25440216064453125,0.0591583251953125,0.19524383544921875,0.11785507202148438,0.13022613525390625,0.0591583251953125
2287_0.52_0.93.png,-0.03426361083984375,-0.06612777709960938,0.031864166259765625,0.07087326049804688,-0.02487945556640625,-0.06612777709960938
2288_0.81_1.07.png,-0.038360595703125,-0.067138671875,0.028778076171875,-0.019744873046875,-0.03307342529296875,-0.067138671875
2289_0.83_1.86.png,0.06945419311523438,-0.02181243896484375,0.09126663208007812,-0.0066070556640625,0.020015716552734375,-0.02181243896484375
2294_1.0_1.16.png,-0.09823226928710938,-0.011432647705078125,-0.08679962158203125,-0.06349945068359375,-0.09414291381835938,-0.011432647705078125
2299_0.98_1.19.png,-0.026332855224609375,0.09166717529296875,-0.11800003051757812,0.026378631591796875,0.003673553466796875,0.09166717529296875
2308_0.76_0.92.png,0.24827957153320312,0.0328216552734375,0.21545791625976562,0.07239532470703125,0.0783843994140625,0.0328216552734375
230_0.98_1.69.png,-0.108184814453125,-0.021427154541015625,-0.08675765991210938,0.000827789306640625,-0.0286102294921875,-0.021427154541015625
2311_0.83_1.77.png,0.03227996826171875,0.060489654541015625,-0.028209686279296875,-0.01964569091796875,0.0042266845703125,0.060489654541015625
231_0.77_0.73.png,-0.00550079345703125,0.003276824951171875,-0.008777618408203125,0.00726318359375,0.00266265869140625,0.003276824951171875
2320_0.98_0.73.png,0.4176292419433594,0.18637466430664062,0.23125457763671875,0.2501182556152344,0.2923469543457031,0.18637466430664062
2326_0.78_0.7.png,-0.18600845336914062,0.050197601318359375,-0.2362060546875,-0.01541900634765625,-0.06659698486328125,0.050197601318359375
232_0.56_1.2.png,-0.0048065185546875,-0.12781524658203125,0.12300872802734375,-0.059780120849609375,-0.056732177734375,-0.12781524658203125
2335_0.51_0.53.png,0.000270843505859375,0.07268905639648438,-0.072418212890625,0.12656402587890625,0.03476715087890625,0.07268905639648438
2339_0.59_1.55.png,0.4382438659667969,0.17862701416015625,0.2596168518066406,0.21878814697265625,0.3250846862792969,0.17862701416015625
2344_0.82_1.64.png,0.05860137939453125,0.02886962890625,0.02973175048828125,-0.00641632080078125,0.03580474853515625,0.02886962890625
2350_0.56_1.41.png,-0.23748397827148438,-0.00186920166015625,-0.23561477661132812,-0.16560745239257812,-0.20450210571289062,-0.00186920166015625
2355_0.87_1.85.png,-0.027149200439453125,-0.042903900146484375,0.01575469970703125,-0.04395294189453125,-0.033573150634765625,-0.042903900146484375
235_0.63_1.62.png,0.4349212646484375,0.25295257568359375,0.18196868896484375,0.3304710388183594,0.3356819152832031,0.25295257568359375
2364_0.67_1.98.png,0.44605255126953125,0.24826431274414062,0.19778823852539062,0.27635955810546875,0.3314857482910156,0.24826431274414062
2374_0.99_0.8.png,0.028957366943359375,0.035251617431640625,-0.00629425048828125,0.03122711181640625,0.038074493408203125,0.035251617431640625
2375_0.75_1.0.png,0.26247406005859375,0.05588531494140625,0.2065887451171875,0.10797882080078125,0.14535140991210938,0.05588531494140625
2387_0.86_1.11.png,0.00560760498046875,0.06457138061523438,-0.058963775634765625,-0.0444183349609375,0.042507171630859375,0.06457138061523438
2397_0.64_0.76.png,0.15479278564453125,-0.054195404052734375,0.20898818969726562,0.06452178955078125,0.020336151123046875,-0.054195404052734375
2399_0.68_0.89.png,0.04308319091796875,-0.0990753173828125,0.14215850830078125,-0.019626617431640625,-0.001850128173828125,-0.0990753173828125
23_0.83_1.63.png,-0.09618568420410156,-0.1812267303466797,0.08504104614257812,-0.16216659545898438,-0.16127777099609375,-0.1812267303466797
2404_0.65_1.05.png,-0.5266075134277344,-0.3017921447753906,-0.22481536865234375,-0.35495758056640625,-0.3551483154296875,-0.3017921447753906
240_0.87_1.37.png,-0.11473846435546875,-0.005680084228515625,-0.10905838012695312,-0.054706573486328125,-0.0625762939453125,-0.005680084228515625
2411_0.81_0.52.png,0.13344573974609375,-0.0218505859375,0.15529632568359375,0.038700103759765625,0.03203582763671875,-0.0218505859375
2423_0.58_1.14.png,-0.00152587890625,-0.025615692138671875,0.024089813232421875,-0.057567596435546875,-0.0786590576171875,-0.025615692138671875
2426_0.69_1.53.png,-0.15338897705078125,-0.06687545776367188,-0.08651351928710938,-0.10195541381835938,-0.15720367431640625,-0.06687545776367188
2427_0.71_0.9.png,-0.102294921875,0.11549758911132812,-0.21779251098632812,0.024814605712890625,0.046535491943359375,0.11549758911132812
242_0.69_1.56.png,0.06519889831542969,-0.04659080505371094,0.11178970336914062,-0.05375099182128906,-0.049098968505859375,-0.04659080505371094
2431_0.95_1.53.png,-0.02036285400390625,-0.06340408325195312,0.043041229248046875,-0.05995941162109375,-0.0562286376953125,-0.06340408325195312
2439_0.56_0.86.png,0.403106689453125,-0.062046051025390625,0.4651527404785156,0.08049774169921875,0.1007843017578125,-0.062046051025390625
2441_0.74_1.28.png,0.2798004150390625,0.21529006958007812,0.06451034545898438,0.10440826416015625,0.2430572509765625,0.21529006958007812
2445_0.77_1.63.png,-0.1306610107421875,-0.08907318115234375,-0.04158782958984375,-0.07258987426757812,-0.129974365234375,-0.08907318115234375
2448_0.65_1.88.png,-0.282867431640625,-0.19104385375976562,-0.09182357788085938,-0.18843460083007812,-0.2049407958984375,-0.19104385375976562
244_0.79_0.78.png,0.12002944946289062,-0.01821136474609375,0.13824081420898438,-0.039539337158203125,-0.03278350830078125,-0.01821136474609375
2452_0.96_0.86.png,0.04297637939453125,-0.05225372314453125,0.0952301025390625,-0.02837371826171875,-0.0032958984375,-0.05225372314453125
245_0.79_1.53.png,-0.08855819702148438,-0.13144302368164062,0.04288482666015625,-0.006320953369140625,-0.04567718505859375,-0.13144302368164062
2462_0.96_1.1.png,0.06251907348632812,0.010738372802734375,0.05178070068359375,0.013286590576171875,0.0533447265625,0.010738372802734375
2464_0.63_0.75.png,0.06654739379882812,-0.060718536376953125,0.12726593017578125,-0.03527069091796875,-0.0140838623046875,-0.060718536376953125
2467_0.62_0.72.png,0.2531776428222656,-0.103668212890625,0.3568458557128906,0.1731414794921875,0.15201187133789062,-0.103668212890625
2478_0.61_1.85.png,0.23363494873046875,0.1185455322265625,0.11508941650390625,0.12212753295898438,0.10770416259765625,0.1185455322265625
2482_0.99_0.67.png,0.11662673950195312,-0.0292816162109375,0.14590835571289062,0.025135040283203125,0.021526336669921875,-0.0292816162109375
2483_0.82_1.17.png,0.16191482543945312,0.0500946044921875,0.11182022094726562,0.12853622436523438,0.13370132446289062,0.0500946044921875
2491_0.94_1.9.png,0.061443328857421875,0.011661529541015625,0.04978179931640625,0.021183013916015625,0.01177978515625,0.011661529541015625
2494_0.83_1.83.png,0.01100921630859375,0.009067535400390625,0.001941680908203125,-0.025394439697265625,-0.03006744384765625,0.009067535400390625
2495_0.61_0.72.png,0.07019805908203125,-0.02069091796875,0.09088897705078125,0.12001800537109375,0.041538238525390625,-0.02069091796875
2504_0.91_1.76.png,-0.16415786743164062,-0.0851593017578125,-0.07899856567382812,-0.11774444580078125,-0.0969085693359375,-0.0851593017578125
2518_0.67_1.1.png,0.2866172790527344,0.08048248291015625,0.20613479614257812,0.084930419921875,0.08840179443359375,0.08048248291015625
251_0.5_1.61.png,-0.303466796875,-0.1157684326171875,-0.1876983642578125,-0.08705902099609375,-0.0848541259765625,-0.1157684326171875
2526_0.87_1.88.png,-0.0353240966796875,-0.052734375,0.0174102783203125,-0.08546638488769531,-0.04396629333496094,-0.052734375
2542_0.7_1.52.png,0.1743011474609375,-0.034626007080078125,0.20892715454101562,0.07958602905273438,0.06729888916015625,-0.034626007080078125
2549_0.61_1.7.png,-0.136505126953125,-0.37355804443359375,0.23705291748046875,-0.296630859375,-0.2874946594238281,-0.37355804443359375
2552_0.55_0.61.png,0.09761428833007812,-0.33056640625,0.4281806945800781,-0.19958114624023438,-0.046749114990234375,-0.33056640625
2556_0.89_1.72.png,0.10549163818359375,0.0180511474609375,0.08744049072265625,0.040096282958984375,0.0504608154296875,0.0180511474609375
2557_0.84_0.68.png,0.11526107788085938,-0.02436065673828125,0.13962173461914062,0.08633041381835938,0.08948135375976562,-0.02436065673828125
2560_0.8_1.36.png,-0.02248382568359375,-0.028308868408203125,0.005825042724609375,-0.08652114868164062,-0.0366668701171875,-0.028308868408203125
2561_0.98_0.54.png,0.06526565551757812,-0.062957763671875,0.12822341918945312,-0.029354095458984375,-0.028476715087890625,-0.062957763671875
256_0.94_1.27.png,0.19237136840820312,0.03093719482421875,0.16143417358398438,0.1042327880859375,0.1172943115234375,0.03093719482421875
2572_0.54_1.3.png,-0.6092300415039062,-0.23666000366210938,-0.3725700378417969,-0.3207893371582031,-0.293670654296875,-0.23666000366210938
2583_0.66_0.66.png,0.13822555541992188,-0.0788726806640625,0.21709823608398438,-0.15575408935546875,-0.14216232299804688,-0.0788726806640625
2585_0.76_1.09.png,-0.06307601928710938,-0.02095794677734375,-0.042118072509765625,0.06273269653320312,0.0808258056640625,-0.02095794677734375
2601_0.9_1.5.png,-0.08670806884765625,-0.023136138916015625,-0.06357192993164062,0.003490447998046875,-0.006778717041015625,-0.023136138916015625
2602_0.79_0.82.png,-0.09936141967773438,-0.004764556884765625,-0.09459686279296875,0.059356689453125,0.021549224853515625,-0.004764556884765625
2603_0.94_1.62.png,-0.08107757568359375,-0.035610198974609375,-0.045467376708984375,-0.02538299560546875,-0.024639129638671875,-0.035610198974609375
2606_0.59_0.6.png,0.027942657470703125,0.0437469482421875,-0.015804290771484375,-0.06984329223632812,0.00533294677734375,0.0437469482421875
2612_0.52_1.14.png,-0.5193290710449219,-0.2865791320800781,-0.23274993896484375,-0.2925872802734375,-0.3518333435058594,-0.2865791320800781
2619_0.78_1.48.png,0.22172927856445312,0.10004043579101562,0.1216888427734375,0.10813522338867188,0.1002655029296875,0.10004043579101562
2629_0.52_1.35.png,0.4553718566894531,0.21850204467773438,0.23686981201171875,0.3446159362792969,0.338775634765625,0.21850204467773438
2631_0.81_1.01.png,0.5103836059570312,0.2801246643066406,0.23025894165039062,0.3206748962402344,0.4190025329589844,0.2801246643066406
2635_0.98_1.78.png,0.01026153564453125,0.0182952880859375,-0.00803375244140625,-0.015987396240234375,0.027828216552734375,0.0182952880859375
2643_0.94_1.45.png,-0.038013458251953125,-0.1566314697265625,0.11861801147460938,-0.16089248657226562,-0.18189620971679688,-0.1566314697265625
2650_0.65_0.93.png,0.4937286376953125,0.11774826049804688,0.3759803771972656,0.19533157348632812,0.17270660400390625,0.11774826049804688
2656_0.85_0.67.png,0.133453369140625,-0.023502349853515625,0.15695571899414062,0.11798858642578125,0.09963607788085938,-0.023502349853515625
2657_0.81_1.67.png,0.10343551635742188,0.014705657958984375,0.0887298583984375,0.039005279541015625,0.016231536865234375,0.014705657958984375
265_0.84_1.28.png,0.1866607666015625,0.07662773132324219,0.11003303527832031,0.08976173400878906,0.09403610229492188,0.07662773132324219
2666_0.65_1.42.png,0.059253692626953125,0.031253814697265625,0.0279998779296875,-0.04499053955078125,-0.0395660400390625,0.031253814697265625
2669_0.51_1.79.png,-0.07165145874023438,0.002056121826171875,-0.07370758056640625,-0.0005950927734375,-0.0305023193359375,0.002056121826171875
2670_0.93_1.49.png,-0.053401947021484375,-0.10079574584960938,0.047393798828125,-0.10125732421875,-0.11256790161132812,-0.10079574584960938
2674_0.84_1.83.png,0.011135101318359375,0.0220489501953125,-0.010913848876953125,0.03728485107421875,0.008136749267578125,0.0220489501953125
2678_0.66_1.48.png,0.21265029907226562,-0.03436279296875,0.24701309204101562,0.041294097900390625,0.061359405517578125,-0.03436279296875
2684_0.56_0.96.png,0.2300262451171875,-0.16558074951171875,0.39560699462890625,0.0061798095703125,-0.03629302978515625,-0.16558074951171875
2686_0.69_1.44.png,-0.033664703369140625,-0.027156829833984375,-0.00650787353515625,-0.043369293212890625,-0.054553985595703125,-0.027156829833984375
2693_0.69_0.91.png,-0.3412513732910156,-0.235443115234375,-0.10580825805664062,-0.165252685546875,-0.23157882690429688,-0.235443115234375
2695_0.53_1.16.png,-0.21884918212890625,-0.19326019287109375,-0.0255889892578125,-0.0778045654296875,-0.125396728515625,-0.19326019287109375
2697_0.88_1.15.png,-0.08477020263671875,-0.03946685791015625,-0.0453033447265625,-0.014919281005859375,-0.0150604248046875,-0.03946685791015625
26_0.91_0.86.png,0.1890888214111328,0.22670555114746094,-0.037616729736328125,0.1811351776123047,0.18570518493652344,0.22670555114746094
2700_0.59_1.66.png,-0.5046043395996094,-0.3976936340332031,-0.10691070556640625,-0.39859771728515625,-0.4231376647949219,-0.3976936340332031
2707_0.61_1.6.png,0.21022415161132812,0.1182403564453125,0.09198379516601562,0.15350341796875,0.18272781372070312,0.1182403564453125
270_0.91_1.74.png,0.35701751708984375,0.19797897338867188,0.15903854370117188,0.24822616577148438,0.27088165283203125,0.19797897338867188
2713_0.86_1.67.png,-0.085174560546875,-0.112030029296875,0.02685546875,-0.0755767822265625,-0.1373748779296875,-0.112030029296875
2723_0.58_0.94.png,0.08759689331054688,-0.01065826416015625,0.09825515747070312,0.0305328369140625,0.07802581787109375,-0.01065826416015625
2729_0.71_1.51.png,0.37268829345703125,0.1805877685546875,0.19210052490234375,0.2058563232421875,0.15784454345703125,0.1805877685546875
272_0.51_1.57.png,-0.0050506591796875,-0.1225433349609375,0.11749267578125,0.037464141845703125,0.048290252685546875,-0.1225433349609375
2731_0.92_1.46.png,0.17518234252929688,0.0112762451171875,0.16390609741210938,0.051483154296875,0.08626556396484375,0.0112762451171875
2734_0.94_0.69.png,0.00652313232421875,-0.118804931640625,0.12532806396484375,-0.11538314819335938,-0.06282806396484375,-0.118804931640625
2741_0.63_1.66.png,0.16005706787109375,0.166107177734375,-0.00605010986328125,0.13039779663085938,0.08540725708007812,0.166107177734375
2742_0.91_1.41.png,-0.0325469970703125,-0.031017303466796875,-0.001529693603515625,-0.05328369140625,-0.044467926025390625,-0.031017303466796875
2745_0.86_1.94.png,0.066162109375,-0.01799774169921875,0.08415985107421875,-0.01422119140625,0.004405975341796875,-0.01799774169921875
2747_0.87_1.0.png,0.08848953247070312,-0.001064300537109375,0.0895538330078125,0.012920379638671875,0.026798248291015625,-0.001064300537109375
2755_0.99_0.79.png,0.056804656982421875,0.00444793701171875,0.052356719970703125,0.0104217529296875,-0.027362823486328125,0.00444793701171875
2761_0.56_0.8.png,0.16223907470703125,0.10824966430664062,0.053989410400390625,0.09173202514648438,0.10442352294921875,0.10824966430664062
2765_0.99_1.15.png,-0.07989883422851562,-0.1132354736328125,0.033336639404296875,-0.12194442749023438,-0.13968276977539062,-0.1132354736328125
2770_0.77_1.63.png,0.14593124389648438,0.051799774169921875,0.0941314697265625,0.04107666015625,0.04535675048828125,0.051799774169921875
2776_0.64_1.73.png,0.36521148681640625,0.16635513305664062,0.19885635375976562,0.18980026245117188,0.182220458984375,0.16635513305664062
2781_0.6_1.1.png,0.3074150085449219,0.12403106689453125,0.18338394165039062,0.14296722412109375,0.14109420776367188,0.12403106689453125
2782_0.87_0.69.png,0.2593231201171875,0.05689239501953125,0.20243072509765625,0.08649063110351562,0.08208465576171875,0.05689239501953125
2787_0.55_1.38.png,0.36168670654296875,-0.0076141357421875,0.36930084228515625,0.08843231201171875,0.045318603515625,-0.0076141357421875
2788_0.73_1.62.png,0.3512611389160156,0.11648178100585938,0.23477935791015625,0.15485763549804688,0.18004989624023438,0.11648178100585938
2790_0.56_1.84.png,-0.5539627075195312,-0.19513702392578125,-0.35882568359375,-0.24700164794921875,-0.2524147033691406,-0.19513702392578125
2792_0.52_0.69.png,-0.5757064819335938,-0.042083740234375,-0.5336227416992188,-0.1715850830078125,-0.08875274658203125,-0.042083740234375
2793_0.73_0.79.png,0.10684967041015625,0.03108978271484375,0.0757598876953125,0.12021636962890625,0.1007843017578125,0.03108978271484375
2796_0.8_1.44.png,0.2998199462890625,0.041019439697265625,0.2588005065917969,0.08573532104492188,0.056095123291015625,0.041019439697265625
2798_0.77_1.6.png,0.19733047485351562,0.0860748291015625,0.11125564575195312,0.050048828125,0.084075927734375,0.0860748291015625
2799_0.58_0.59.png,-0.2514228820800781,0.07889938354492188,-0.330322265625,-0.15982818603515625,-0.07822036743164062,0.07889938354492188
27_0.89_0.7.png,0.16533279418945312,0.21576690673828125,-0.050434112548828125,0.15327072143554688,0.17299652099609375,0.21576690673828125
2801_0.81_1.57.png,-0.02060699462890625,-0.08501434326171875,0.0644073486328125,-0.0843505859375,-0.07242202758789062,-0.08501434326171875
2810_0.92_1.07.png,0.07856369018554688,0.00946044921875,0.06910324096679688,0.07073593139648438,-0.0075836181640625,0.00946044921875
2813_0.71_1.07.png,0.2639122009277344,0.0465850830078125,0.21732711791992188,0.13234329223632812,0.15217208862304688,0.0465850830078125
2815_0.54_0.81.png,-0.21125030517578125,-0.14501571655273438,-0.06623458862304688,-0.21145248413085938,-0.1037750244140625,-0.14501571655273438
2821_0.92_1.5.png,0.29755401611328125,0.19742965698242188,0.10012435913085938,0.21526336669921875,0.20995712280273438,0.19742965698242188
2822_0.83_0.63.png,0.03609466552734375,0.051288604736328125,-0.015193939208984375,0.0583343505859375,0.0424041748046875,0.051288604736328125
2830_0.75_1.22.png,0.0517578125,-0.061588287353515625,0.11334609985351562,0.00435638427734375,0.0047454833984375,-0.061588287353515625
2832_0.52_0.53.png,-0.3077239990234375,-0.11560821533203125,-0.19211578369140625,-0.041919708251953125,-0.030170440673828125,-0.11560821533203125
2833_0.66_0.5.png,0.2304229736328125,-0.008525848388671875,0.23894882202148438,0.1896820068359375,0.10462188720703125,-0.008525848388671875
2836_0.86_1.64.png,0.16576385498046875,0.0379180908203125,0.12784576416015625,0.0318145751953125,0.06125640869140625,0.0379180908203125
2840_0.79_0.79.png,0.080047607421875,-0.10777664184570312,0.18782424926757812,0.033771514892578125,-0.02765655517578125,-0.10777664184570312
2843_0.7_0.5.png,0.4108695983886719,0.11707687377929688,0.293792724609375,0.3318748474121094,0.19752120971679688,0.11707687377929688
2848_0.64_1.91.png,-0.05411529541015625,0.004302978515625,-0.05841827392578125,-0.07155227661132812,-0.06953048706054688,0.004302978515625
2849_0.55_1.18.png,0.14744949340820312,-0.04441070556640625,0.19186019897460938,-0.023044586181640625,0.0139007568359375,-0.04441070556640625
2852_0.56_0.74.png,0.15994644165039062,-0.15234756469726562,0.31229400634765625,-0.09037399291992188,-0.049388885498046875,-0.15234756469726562
2854_0.79_1.87.png,0.24265289306640625,0.11548233032226562,0.12717056274414062,0.13829421997070312,0.15060806274414062,0.11548233032226562
2858_0.6_1.11.png,0.2774085998535156,0.088104248046875,0.18930435180664062,0.16771316528320312,0.1686859130859375,0.088104248046875
2864_0.5_1.92.png,0.14963150024414062,0.35675048828125,-0.20711898803710938,0.2765846252441406,0.22608184814453125,0.35675048828125
2868_0.72_1.69.png,-0.09021759033203125,-0.0080718994140625,-0.08214569091796875,-0.04180908203125,-0.048206329345703125,-0.0080718994140625
2870_0.82_1.39.png,0.016803741455078125,-0.047481536865234375,0.0642852783203125,0.03702545166015625,0.001705169677734375,-0.047481536865234375
2871_0.76_1.43.png,-0.05524444580078125,0.00054168701171875,-0.0557861328125,0.06632232666015625,-0.00113677978515625,0.00054168701171875
2872_0.75_1.98.png,-0.03376007080078125,-0.02135467529296875,-0.0124053955078125,0.0495452880859375,-0.008609771728515625,-0.02135467529296875
2873_0.61_1.84.png,0.13099288940429688,-0.06270599365234375,0.19369888305664062,-0.07989501953125,-0.043487548828125,-0.06270599365234375
2880_0.9_0.87.png,-0.1586151123046875,-0.10313034057617188,-0.055484771728515625,-0.21353912353515625,-0.15040969848632812,-0.10313034057617188
2889_0.82_0.62.png,0.0822296142578125,-0.055126190185546875,0.13735580444335938,0.010944366455078125,0.044521331787109375,-0.055126190185546875
2891_0.75_1.3.png,0.031574249267578125,0.17640304565429688,-0.14482879638671875,0.06713104248046875,0.039093017578125,0.17640304565429688
2892_0.76_0.56.png,0.07268142700195312,-0.13019561767578125,0.20287704467773438,-0.00380706787109375,-0.052341461181640625,-0.13019561767578125
2898_0.74_1.2.png,0.1770782470703125,0.020908355712890625,0.15616989135742188,0.07909011840820312,0.040515899658203125,0.020908355712890625
2899_0.92_1.08.png,0.12067794799804688,0.05480194091796875,0.06587600708007812,0.06328201293945312,0.037387847900390625,0.05480194091796875
2902_0.53_1.49.png,-0.01956939697265625,-0.27198028564453125,0.252410888671875,-0.1516265869140625,-0.09681320190429688,-0.27198028564453125
2914_0.61_1.26.png,-0.11397552490234375,-0.028316497802734375,-0.08565902709960938,0.031406402587890625,-0.021434783935546875,-0.028316497802734375
2928_0.93_0.58.png,-0.04906463623046875,0.061946868896484375,-0.11101150512695312,0.016361236572265625,-0.002758026123046875,0.061946868896484375
2931_0.79_1.74.png,-0.22288894653320312,-0.4456901550292969,0.22280120849609375,-0.3321037292480469,-0.29132080078125,-0.4456901550292969
2932_0.9_0.96.png,0.05675506591796875,-0.007476806640625,0.06423187255859375,0.024383544921875,0.0509033203125,-0.007476806640625
2941_0.7_1.3.png,0.072845458984375,0.018085479736328125,0.054759979248046875,0.06544113159179688,0.07257843017578125,0.018085479736328125
2942_0.61_1.83.png,-0.028469085693359375,-0.031063079833984375,0.002593994140625,-0.00519561767578125,-0.013530731201171875,-0.031063079833984375
2944_0.81_1.6.png,0.061305999755859375,0.019458770751953125,0.04184722900390625,0.045558929443359375,0.023700714111328125,0.019458770751953125
2953_0.65_1.26.png,-0.16658782958984375,-0.07054901123046875,-0.096038818359375,-0.17612457275390625,-0.17541122436523438,-0.07054901123046875
2959_0.85_0.71.png,0.11843490600585938,-0.053112030029296875,0.17154693603515625,0.06530380249023438,0.08218765258789062,-0.053112030029296875
2962_0.97_1.66.png,0.06029510498046875,0.023529052734375,0.03676605224609375,0.061977386474609375,0.04178619384765625,0.023529052734375
2968_0.58_1.48.png,0.0052032470703125,-0.09905242919921875,0.10425567626953125,-0.1182098388671875,-0.0963287353515625,-0.09905242919921875
2970_0.99_1.7.png,0.14949798583984375,0.06927871704101562,0.08021926879882812,0.09510421752929688,0.07590484619140625,0.06927871704101562
2973_0.95_1.29.png,0.05206298828125,0.009555816650390625,0.042507171630859375,-0.051784515380859375,-0.001331329345703125,0.009555816650390625
2974_0.69_1.66.png,0.15838623046875,0.0778045654296875,0.0805816650390625,0.029460906982421875,0.07149887084960938,0.0778045654296875
2978_0.94_1.66.png,0.23213577270507812,0.08467864990234375,0.14745712280273438,0.107025146484375,0.10030364990234375,0.08467864990234375
297_0.85_0.87.png,-0.21935653686523438,-0.17509078979492188,-0.0442657470703125,-0.08657073974609375,-0.1458892822265625,-0.17509078979492188
2980_0.93_1.58.png,0.24275588989257812,0.0906829833984375,0.15207290649414062,0.11424636840820312,0.17024612426757812,0.0906829833984375
2982_0.94_1.69.png,0.15410232543945312,0.044830322265625,0.10927200317382812,0.052978515625,0.065032958984375,0.044830322265625
2992_0.95_0.97.png,0.3217735290527344,0.40032958984375,-0.07855606079101562,0.2888908386230469,0.3146018981933594,0.40032958984375
2997_0.78_0.54.png,-0.04920196533203125,0.05303192138671875,-0.10223388671875,0.07932281494140625,0.07070159912109375,0.05303192138671875
29_0.91_1.09.png,-0.046154022216796875,-0.24805450439453125,0.20190048217773438,-0.187896728515625,-0.17450714111328125,-0.24805450439453125
302_0.67_0.9.png,0.13706588745117188,-0.02117156982421875,0.15823745727539062,0.01058197021484375,0.008754730224609375,-0.02117156982421875
303_0.68_0.54.png,0.20536422729492188,-0.046123504638671875,0.25148773193359375,0.005401611328125,0.03643035888671875,-0.046123504638671875
306_0.96_1.61.png,0.4744911193847656,0.3343772888183594,0.14011383056640625,0.349212646484375,0.3874549865722656,0.3343772888183594
308_0.73_0.91.png,0.16768264770507812,-0.023212432861328125,0.19089508056640625,-0.041255950927734375,0.04528045654296875,-0.023212432861328125
312_0.97_0.58.png,-0.08223724365234375,-0.2788200378417969,0.19658279418945312,-0.22995376586914062,-0.24017333984375,-0.2788200378417969
317_0.72_1.67.png,-0.1810302734375,-0.11181259155273438,-0.06921768188476562,-0.1140899658203125,-0.12308120727539062,-0.11181259155273438
31_0.54_1.13.png,-0.3570594787597656,-0.5084686279296875,0.15140914916992188,-0.4470329284667969,-0.4336090087890625,-0.5084686279296875
320_0.75_0.76.png,-0.027080535888671875,0.0910797119140625,-0.11816024780273438,0.07855606079101562,0.052730560302734375,0.0910797119140625
340_0.94_1.5.png,0.14207077026367188,0.037471771240234375,0.1045989990234375,0.10121536254882812,0.048572540283203125,0.037471771240234375
341_0.51_1.8.png,-0.28760528564453125,-0.21851348876953125,-0.069091796875,-0.2122039794921875,-0.22503280639648438,-0.21851348876953125
344_0.57_1.11.png,-0.17673492431640625,-0.071746826171875,-0.10498809814453125,-0.05879974365234375,-0.0813140869140625,-0.071746826171875
345_0.95_1.78.png,-0.23264694213867188,-0.17239761352539062,-0.06024932861328125,-0.1832427978515625,-0.1844329833984375,-0.17239761352539062
351_0.6_1.91.png,-0.037517547607421875,-0.08909225463867188,0.05157470703125,-0.02925872802734375,-0.059200286865234375,-0.08909225463867188
356_0.65_0.6.png,0.21077346801757812,0.02777862548828125,0.18299484252929688,-0.003692626953125,0.04103851318359375,0.02777862548828125
379_0.78_0.78.png,-0.013885498046875,0.1070556640625,-0.120941162109375,0.055419921875,0.06285858154296875,0.1070556640625
380_0.72_1.62.png,-0.13760757446289062,-0.08414077758789062,-0.053466796875,-0.11334609985351562,-0.11706161499023438,-0.08414077758789062
387_0.94_1.5.png,0.4364128112792969,0.20746994018554688,0.22894287109375,0.2438812255859375,0.2500152587890625,0.20746994018554688
392_0.54_0.67.png,0.18563461303710938,0.30420684814453125,-0.11857223510742188,0.13658905029296875,0.23547744750976562,0.30420684814453125
396_0.62_1.94.png,-0.0984954833984375,-0.08267593383789062,-0.015819549560546875,-0.1032867431640625,-0.08422088623046875,-0.08267593383789062
403_0.77_1.7.png,0.10874557495117188,0.045711517333984375,0.0630340576171875,0.030120849609375,0.053928375244140625,0.045711517333984375
409_0.87_1.96.png,0.04752540588378906,0.013147354125976562,0.0343780517578125,-0.019989013671875,-0.002597808837890625,0.013147354125976562
412_0.53_1.77.png,0.1317272186279297,0.052722930908203125,0.07900428771972656,0.05290412902832031,0.04905509948730469,0.052722930908203125
413_0.96_1.25.png,0.20180702209472656,0.21913528442382812,-0.017328262329101562,0.18280601501464844,0.18279075622558594,0.21913528442382812
420_0.54_1.64.png,-0.297607421875,-0.21095657348632812,-0.08665084838867188,-0.2770347595214844,-0.2776374816894531,-0.21095657348632812
431_0.76_1.15.png,0.04174041748046875,-0.1011810302734375,0.14292144775390625,-0.08782196044921875,-0.10456085205078125,-0.1011810302734375
451_0.68_1.78.png,0.09339523315429688,0.000446319580078125,0.09294891357421875,-0.015796661376953125,-0.023372650146484375,0.000446319580078125
460_0.74_1.47.png,0.08423233032226562,0.14670562744140625,-0.062473297119140625,0.061969757080078125,0.06182861328125,0.14670562744140625
464_0.71_1.41.png,0.3064613342285156,0.12639617919921875,0.18006515502929688,0.15816116333007812,0.1700439453125,0.12639617919921875
470_0.8_0.94.png,0.19335556030273438,0.19347763061523438,-0.0001220703125,0.1221466064453125,0.12488555908203125,0.19347763061523438
471_0.9_1.29.png,0.0897979736328125,0.10466384887695312,-0.014865875244140625,0.045703887939453125,0.0449066162109375,0.10466384887695312
472_0.68_1.63.png,0.22347259521484375,0.22621917724609375,-0.00274658203125,0.1661529541015625,0.16717529296875,0.22621917724609375
476_0.69_0.56.png,-0.01859283447265625,0.17984390258789062,-0.19843673706054688,0.09281539916992188,0.0908660888671875,0.17984390258789062
477_0.53_0.7.png,0.22130203247070312,-0.018634796142578125,0.23993682861328125,0.04892730712890625,0.1083526611328125,-0.018634796142578125
478_0.53_0.59.png,0.15031814575195312,-0.036579132080078125,0.18689727783203125,0.06349945068359375,0.14020156860351562,-0.036579132080078125
479_0.58_1.54.png,0.23616409301757812,0.09168243408203125,0.14448165893554688,0.08606719970703125,0.13507461547851562,0.09168243408203125
47_0.86_1.82.png,-0.2158203125,-0.23648452758789062,0.020664215087890625,-0.21195220947265625,-0.21193695068359375,-0.23648452758789062
492_0.61_1.32.png,0.07219886779785156,-0.05592536926269531,0.12812423706054688,0.003833770751953125,0.003795623779296875,-0.05592536926269531
502_0.56_1.0.png,-0.0230712890625,-0.1063690185546875,0.0832977294921875,0.005619049072265625,-0.030590057373046875,-0.1063690185546875
504_0.77_1.55.png,-0.18979644775390625,-0.20910263061523438,0.019306182861328125,-0.14455795288085938,-0.18717193603515625,-0.20910263061523438
510_0.57_0.99.png,0.13982009887695312,0.10927200317382812,0.030548095703125,0.13767242431640625,0.0823822021484375,0.10927200317382812
511_0.74_0.58.png,-0.16974639892578125,0.2214508056640625,-0.39119720458984375,-0.007686614990234375,0.046314239501953125,0.2214508056640625
513_0.64_0.75.png,-0.0073699951171875,-0.07353591918945312,0.06616592407226562,0.051380157470703125,0.036895751953125,-0.07353591918945312
520_0.79_0.94.png,0.048885345458984375,-0.055999755859375,0.10488510131835938,-0.10640716552734375,-0.06555557250976562,-0.055999755859375
523_0.92_1.59.png,0.3618011474609375,0.2184772491455078,0.1433238983154297,0.24808120727539062,0.2715606689453125,0.2184772491455078
535_0.78_1.25.png,-0.14973831176757812,0.049678802490234375,-0.1994171142578125,-0.0308074951171875,-0.07171249389648438,0.049678802490234375
54_0.69_1.86.png,0.060649871826171875,-0.08234786987304688,0.14299774169921875,0.039844512939453125,0.04857635498046875,-0.08234786987304688
554_0.79_1.51.png,0.17904281616210938,0.10268783569335938,0.07635498046875,0.0657196044921875,0.073272705078125,0.10268783569335938
556_0.86_1.79.png,0.15769386291503906,0.11021995544433594,0.047473907470703125,0.08394432067871094,0.08987236022949219,0.11021995544433594
557_0.89_1.35.png,0.00046539306640625,0.042331695556640625,-0.041866302490234375,0.06309127807617188,-0.002048492431640625,0.042331695556640625
559_0.81_1.51.png,-0.000263214111328125,-0.09742355346679688,0.09716033935546875,-0.0705108642578125,-0.08405685424804688,-0.09742355346679688
564_0.52_1.02.png,-0.049961090087890625,-0.20110702514648438,0.15114593505859375,-0.12417984008789062,-0.17493057250976562,-0.20110702514648438
573_0.78_1.94.png,0.02207183837890625,0.00304412841796875,0.0190277099609375,0.040134429931640625,0.037506103515625,0.00304412841796875
575_0.71_1.7.png,0.013545989990234375,0.07640838623046875,-0.06286239624023438,0.10645675659179688,0.07794189453125,0.07640838623046875
580_0.67_1.03.png,0.19392776489257812,0.035579681396484375,0.15834808349609375,0.23893356323242188,0.14104461669921875,0.035579681396484375
583_0.58_1.41.png,0.10674095153808594,-0.029449462890625,0.13619041442871094,0.0209808349609375,0.01473236083984375,-0.029449462890625
587_0.8_0.51.png,0.018054962158203125,0.2023162841796875,-0.18426132202148438,0.09844970703125,0.10789108276367188,0.2023162841796875
58_0.53_0.53.png,0.15302658081054688,-0.12647247314453125,0.2794990539550781,0.0622406005859375,0.020595550537109375,-0.12647247314453125
595_0.78_1.11.png,0.00388336181640625,0.17275619506835938,-0.16887283325195312,0.04681396484375,0.15030670166015625,0.17275619506835938
598_0.8_1.09.png,-0.11352157592773438,-0.08535385131835938,-0.028167724609375,-0.16552734375,-0.15854644775390625,-0.08535385131835938
59_0.59_1.43.png,0.3837928771972656,0.23225021362304688,0.15154266357421875,0.3341064453125,0.30037689208984375,0.23225021362304688
603_0.67_1.99.png,-0.10139846801757812,-0.19720840454101562,0.0958099365234375,-0.08051300048828125,-0.12492752075195312,-0.19720840454101562
604_0.92_1.7.png,-0.11220550537109375,-0.20145797729492188,0.08925247192382812,-0.0947265625,-0.14219284057617188,-0.20145797729492188
605_0.58_0.77.png,0.037395477294921875,-0.15409088134765625,0.19148635864257812,-0.08569717407226562,-0.03079986572265625,-0.15409088134765625
609_0.58_1.34.png,-0.31819915771484375,-0.12321090698242188,-0.19498825073242188,-0.18178558349609375,-0.18518829345703125,-0.12321090698242188
613_0.54_0.81.png,0.17205429077148438,-0.09233474731445312,0.2643890380859375,0.08011627197265625,-0.05271148681640625,-0.09233474731445312
615_0.76_1.49.png,0.17080307006835938,-0.00855255126953125,0.17935562133789062,0.07785415649414062,0.07204055786132812,-0.00855255126953125
627_0.51_0.54.png,-0.056369781494140625,-0.35494232177734375,0.2985725402832031,-0.17718124389648438,-0.23134231567382812,-0.35494232177734375
640_0.98_1.87.png,0.1765155792236328,0.16348838806152344,0.013027191162109375,0.1293315887451172,0.12983322143554688,0.16348838806152344
651_0.83_1.45.png,-0.3279571533203125,-0.194976806640625,-0.1329803466796875,-0.2570915222167969,-0.2547760009765625,-0.194976806640625
674_0.93_0.72.png,-0.06251144409179688,-0.23489761352539062,0.17238616943359375,-0.126007080078125,-0.08681869506835938,-0.23489761352539062
67_0.67_1.69.png,0.0322723388671875,-0.00095367431640625,0.03322601318359375,-0.052520751953125,-0.0496673583984375,-0.00095367431640625
682_0.64_0.76.png,-0.16280364990234375,-0.285003662109375,0.12220001220703125,-0.23720550537109375,-0.1902618408203125,-0.285003662109375
688_0.72_0.52.png,-0.24445343017578125,-0.3223609924316406,0.07790756225585938,-0.18289566040039062,-0.24684524536132812,-0.3223609924316406
68_0.75_1.58.png,0.029071807861328125,0.00449371337890625,0.024578094482421875,-0.06174468994140625,-0.047760009765625,0.00449371337890625
695_0.53_0.7.png,0.15302658081054688,-0.02320098876953125,0.17622756958007812,-0.034564971923828125,-0.02614593505859375,-0.02320098876953125
697_0.89_1.98.png,0.2520599365234375,0.11773300170898438,0.13432693481445312,0.11893463134765625,0.11590576171875,0.11773300170898438
698_0.55_1.7.png,0.5192184448242188,0.2835731506347656,0.23564529418945312,0.3429145812988281,0.3887367248535156,0.2835731506347656
69_0.76_0.64.png,-0.08378219604492188,0.02765655517578125,-0.11143875122070312,-0.01970672607421875,-0.041324615478515625,0.02765655517578125
6_0.57_0.6.png,0.11156845092773438,-0.01602935791015625,0.12759780883789062,0.12011337280273438,0.108428955078125,-0.01602935791015625
701_0.62_0.85.png,-0.08658218383789062,0.030033111572265625,-0.11661529541015625,-0.01264190673828125,-0.003009796142578125,0.030033111572265625
70_0.78_1.4.png,0.1031646728515625,0.013706207275390625,0.08945846557617188,0.0057830810546875,-0.012359619140625,0.013706207275390625
720_0.62_1.27.png,0.30692291259765625,0.07256317138671875,0.2343597412109375,0.18170166015625,0.13338088989257812,0.07256317138671875
731_0.85_1.53.png,-0.11716842651367188,-0.12495803833007812,0.00778961181640625,-0.12476348876953125,-0.12432479858398438,-0.12495803833007812
733_0.81_1.12.png,-0.0214691162109375,-0.13814163208007812,0.11667251586914062,-0.13825225830078125,-0.08584213256835938,-0.13814163208007812
738_0.93_1.46.png,0.0235595703125,0.001766204833984375,0.021793365478515625,-0.030872344970703125,-0.033634185791015625,0.001766204833984375
739_0.97_1.72.png,0.036449432373046875,0.010974884033203125,0.02547454833984375,-0.01364898681640625,-0.015024185180664062,0.010974884033203125
748_0.79_0.91.png,0.098907470703125,-0.09053421020507812,0.18944168090820312,-0.09645462036132812,-0.11349105834960938,-0.09053421020507812
749_0.79_1.11.png,-0.13837432861328125,-0.16543960571289062,0.027065277099609375,-0.23711013793945312,-0.215057373046875,-0.16543960571289062
751_0.7_1.66.png,0.049610137939453125,0.040679931640625,0.008930206298828125,-0.029392242431640625,-0.032390594482421875,0.040679931640625
758_0.54_1.45.png,0.2645530700683594,0.06489944458007812,0.19965362548828125,0.052684783935546875,0.07515335083007812,0.06489944458007812
75_0.61_0.9.png,0.2632179260253906,0.0962066650390625,0.16701126098632812,0.10349655151367188,0.10251235961914062,0.0962066650390625
762_0.76_1.45.png,-0.17621994018554688,-0.16600799560546875,-0.010211944580078125,-0.19791793823242188,-0.19842529296875,-0.16600799560546875
76_0.93_0.69.png,0.035701751708984375,-0.1545867919921875,0.19028854370117188,-0.12849044799804688,-0.17376708984375,-0.1545867919921875
773_0.65_0.81.png,0.287933349609375,0.10090255737304688,0.18703079223632812,0.10685348510742188,0.1331329345703125,0.10090255737304688
774_0.55_0.55.png,0.39886474609375,0.062530517578125,0.336334228515625,0.078857421875,0.12594223022460938,0.062530517578125
777_0.96_0.95.png,-0.203277587890625,-0.0391693115234375,-0.1641082763671875,-0.10947799682617188,-0.13703536987304688,-0.0391693115234375
77_0.51_0.74.png,0.12627792358398438,-0.081390380859375,0.20766830444335938,0.01001739501953125,-0.011959075927734375,-0.081390380859375
781_0.51_1.6.png,-0.5573005676269531,-0.42523193359375,-0.13206863403320312,-0.48783111572265625,-0.5257759094238281,-0.42523193359375
783_0.77_1.38.png,0.08092880249023438,0.033748626708984375,0.04718017578125,-0.01190185546875,0.004367828369140625,0.033748626708984375
785_0.71_1.08.png,0.4085197448730469,0.14991378784179688,0.25860595703125,0.23320388793945312,0.2939949035644531,0.14991378784179688
787_0.88_0.71.png,0.251953125,-0.01927947998046875,0.27123260498046875,0.021026611328125,0.0149993896484375,-0.01927947998046875
788_0.91_1.66.png,0.3122406005859375,0.16755294799804688,0.14468765258789062,0.18487930297851562,0.20735931396484375,0.16755294799804688
791_0.89_1.37.png,0.24558639526367188,0.12697601318359375,0.11861038208007812,0.16332244873046875,0.1326446533203125,0.12697601318359375
793_0.71_0.66.png,-0.09746932983398438,-0.0736846923828125,-0.023784637451171875,-0.17699432373046875,-0.17831802368164062,-0.0736846923828125
799_0.65_0.7.png,0.23220443725585938,-0.12456130981445312,0.3567657470703125,0.12134170532226562,0.11910629272460938,-0.12456130981445312
805_0.75_1.2.png,0.060939788818359375,0.0770416259765625,-0.016101837158203125,0.03259468078613281,0.03214836120605469,0.0770416259765625
806_0.93_1.51.png,0.04896736145019531,0.01690673828125,0.03206062316894531,0.0032024383544921875,0.0050640106201171875,0.01690673828125
808_0.74_0.67.png,0.04274749755859375,0.07154083251953125,-0.0287933349609375,0.002506256103515625,-0.002368927001953125,0.07154083251953125
80_0.99_1.95.png,0.333892822265625,0.2212810516357422,0.11261177062988281,0.24851036071777344,0.2473926544189453,0.2212810516357422
815_0.7_1.68.png,0.10865020751953125,0.029811859130859375,0.07883834838867188,0.083343505859375,0.10399627685546875,0.029811859130859375
819_0.5_1.85.png,0.2750968933105469,0.3522300720214844,-0.0771331787109375,0.2833061218261719,0.2800331115722656,0.3522300720214844
81_0.94_0.63.png,0.17354965209960938,0.136810302734375,0.036739349365234375,0.0945281982421875,0.15340805053710938,0.136810302734375
825_0.61_0.94.png,0.11873245239257812,-0.0703887939453125,0.18912124633789062,-0.017154693603515625,-0.00481414794921875,-0.0703887939453125
827_0.72_1.56.png,0.23341751098632812,0.10637474060058594,0.1270427703857422,0.13724708557128906,0.1472034454345703,0.10637474060058594
830_0.87_0.66.png,-0.08203887939453125,-0.05039215087890625,-0.031646728515625,-0.17244720458984375,-0.11931610107421875,-0.05039215087890625
833_0.95_1.89.png,0.3376502990722656,0.20892333984375,0.12872695922851562,0.25484466552734375,0.26507568359375,0.20892333984375
839_0.77_1.34.png,0.13260650634765625,0.032558441162109375,0.10004806518554688,0.028757095336914062,0.027410507202148438,0.032558441162109375
848_0.71_0.58.png,0.0326385498046875,-0.17795181274414062,0.21059036254882812,-0.08631515502929688,-0.080291748046875,-0.17795181274414062
84_0.89_1.11.png,-0.025096893310546875,-0.09102249145507812,0.06592559814453125,-0.049640655517578125,-0.01889801025390625,-0.09102249145507812
850_0.57_0.78.png,-0.0082550048828125,-0.052089691162109375,0.043834686279296875,0.12657928466796875,0.056095123291015625,-0.052089691162109375
857_0.54_1.6.png,-0.08687591552734375,-0.086181640625,-0.00069427490234375,-0.05962371826171875,-0.05474853515625,-0.086181640625
85_1.0_1.41.png,0.27101898193359375,0.20101547241210938,0.07000350952148438,0.2091846466064453,0.2085742950439453,0.20101547241210938
860_0.73_1.11.png,-0.08483123779296875,-0.08422088623046875,-0.0006103515625,-0.056591033935546875,-0.0289306640625,-0.08422088623046875
862_0.69_1.5.png,-0.23549652099609375,-0.17105484008789062,-0.06444168090820312,-0.20415496826171875,-0.22016143798828125,-0.17105484008789062
865_0.85_1.63.png,-0.16775131225585938,-0.0614471435546875,-0.10630416870117188,-0.10367584228515625,-0.1131744384765625,-0.0614471435546875
869_0.66_1.74.png,0.4419593811035156,0.2484893798828125,0.19347000122070312,0.3245086669921875,0.29270172119140625,0.2484893798828125
880_0.52_0.56.png,-0.086456298828125,0.110015869140625,-0.19647216796875,-0.13329315185546875,-0.06848526000976562,0.110015869140625
881_0.6_1.13.png,-0.20977783203125,-0.09067153930664062,-0.11910629272460938,-0.09290313720703125,-0.13219451904296875,-0.09067153930664062
883_0.97_0.83.png,0.09644317626953125,0.12524032592773438,-0.028797149658203125,0.037715911865234375,0.08924484252929688,0.12524032592773438
886_0.89_0.98.png,-0.09600830078125,0.0109100341796875,-0.1069183349609375,-0.001132965087890625,-0.048091888427734375,0.0109100341796875
890_0.68_0.92.png,0.10810470581054688,-0.11727523803710938,0.22537994384765625,-0.0966949462890625,-0.055629730224609375,-0.11727523803710938
894_0.83_1.91.png,0.061428070068359375,0.014007568359375,0.047420501708984375,0.049106597900390625,0.032131195068359375,0.014007568359375
895_0.54_1.27.png,0.13727951049804688,0.3555450439453125,-0.21826553344726562,0.17988967895507812,0.18076705932617188,0.3555450439453125
899_0.93_1.74.png,0.00667572021484375,-0.0004119873046875,0.00708770751953125,-0.019199371337890625,0.001468658447265625,-0.0004119873046875
916_0.57_1.61.png,-0.2736778259277344,-0.20097732543945312,-0.07270050048828125,-0.2303924560546875,-0.22816085815429688,-0.20097732543945312
919_0.53_1.67.png,-0.3571052551269531,-0.2079010009765625,-0.14920425415039062,-0.239532470703125,-0.24951934814453125,-0.2079010009765625
926_0.63_1.94.png,-0.1151123046875,-0.06096649169921875,-0.05414581298828125,-0.09202194213867188,-0.09640884399414062,-0.06096649169921875
935_0.97_1.77.png,-0.2465362548828125,-0.21863937377929688,-0.027896881103515625,-0.15051651000976562,-0.19963455200195312,-0.21863937377929688
93_0.97_1.07.png,0.16263580322265625,0.036319732666015625,0.12631607055664062,0.041378021240234375,0.042934417724609375,0.036319732666015625
945_0.99_1.73.png,0.06515884399414062,-0.005542755126953125,0.07070159912109375,-0.026981353759765625,-0.02492523193359375,-0.005542755126953125
94_0.62_1.46.png,0.2989616394042969,0.15978240966796875,0.13917922973632812,0.18490982055664062,0.17814254760742188,0.15978240966796875
950_0.79_1.26.png,0.00165557861328125,0.058635711669921875,-0.056980133056640625,-0.000865936279296875,0.0225830078125,0.058635711669921875
957_0.81_1.94.png,0.24457931518554688,0.07370758056640625,0.17087173461914062,0.10728073120117188,0.12327957153320312,0.07370758056640625
95_0.85_1.33.png,0.24055099487304688,0.12345123291015625,0.11709976196289062,0.12744140625,0.154754638671875,0.12345123291015625
965_0.67_1.91.png,-0.00342559814453125,0.059825897216796875,-0.06325149536132812,0.03208160400390625,0.03139495849609375,0.059825897216796875
973_0.67_0.98.png,-0.20441436767578125,-0.12590789794921875,-0.0785064697265625,-0.1995849609375,-0.17481231689453125,-0.12590789794921875
974_0.77_1.14.png,-0.030208587646484375,-0.069427490234375,0.039218902587890625,-0.04914093017578125,-0.043548583984375,-0.069427490234375
976_0.64_1.2.png,0.05133056640625,-0.090423583984375,0.141754150390625,-0.06275558471679688,-0.11277008056640625,-0.090423583984375
97_0.52_0.61.png,-0.2137298583984375,-0.05159759521484375,-0.16213226318359375,-0.11169815063476562,-0.14089584350585938,-0.05159759521484375
981_0.61_1.86.png,0.4544334411621094,0.249542236328125,0.20489120483398438,0.26849365234375,0.3810615539550781,0.249542236328125
982_0.97_0.98.png,0.1944580078125,0.0091094970703125,0.1853485107421875,0.047260284423828125,0.040447235107421875,0.0091094970703125
985_0.85_0.52.png,-0.04132080078125,-0.09252166748046875,0.05120086669921875,0.0110321044921875,-0.05718231201171875,-0.09252166748046875
989_0.59_1.18.png,0.09844589233398438,-0.081298828125,0.17974472045898438,0.060291290283203125,0.017894744873046875,-0.081298828125
993_0.96_1.77.png,-0.04592132568359375,-0.014095306396484375,-0.031826019287109375,-0.043025970458984375,-0.045501708984375,-0.014095306396484375
998_0.74_1.7.png,0.5012435913085938,0.295501708984375,0.20574188232421875,0.36803436279296875,0.3793830871582031,0.295501708984375
