run_id,candidate,airlight_mode,depth_mode,granularity,target_coverage,actual_coverage,count,mean_psnr_delta,median_psnr_delta,p5_psnr_delta,p95_psnr_delta,hard_bottom25_psnr_delta,easy_top25_psnr_delta,worst10pct_mean_psnr_delta,best10pct_mean_psnr_delta,worst10img_mean_psnr_delta,best10img_mean_psnr_delta,mean_ssim_delta,positive_ratio,non_degradation_ratio_delta_ge_-0.01,strong_reference_cut_psnr,strong_reference_count,strong_regression_count_delta_le_-0.05,worst_regression_count_delta_le_-0.20,true_vs_zero_surplus,true_vs_shuffle_surplus,true_vs_normal_surplus
v32_ctdg_diag_wg18_base_s008_b14_seed3407_f0,wg18_base_s008_b14,fallback,invert,image,25.0,0.25,600,0.07054497184328111,0.0,0.0,0.3909038968958562,0.0465516991981314,0.09113558370214851,0.0,0.41503259652855923,0.0,0.5926919195401552,7.802844047546387e-06,0.25,1.0,42.755946791850995,150,0,0,0.04067740691850681,0.03658264150373805,0.03763072292992457
v32_ctdg_diag_wg18_base_s008_b14_seed3407_f0,wg18_base_s008_b14,fallback,invert,image,40.0,0.4,600,0.0853551415989879,0.0,0.0,0.3909038968958562,0.06314401321670568,0.10348555119748658,0.0,0.41503259652855923,0.0,0.5926919195401552,9.268919626871744e-06,0.4,1.0,42.755946791850995,150,0,0,0.050198867365959146,0.04469751140928512,0.04610470223118265
v32_ctdg_diag_wg18_base_s008_b14_seed3407_f0,wg18_base_s008_b14,fallback,invert,image,60.0,0.6,600,0.0925682675771196,0.03608089722972885,0.0,0.3909038968958562,0.07170802395548063,0.11107324783153734,0.0,0.41503259652855923,0.0,0.5926919195401552,9.625554084777833e-06,0.6,1.0,42.755946791850995,150,0,0,0.0564711879745928,0.050370589426195,0.05175100383089943
v32_ctdg_diag_wg18_base_s008_b14_seed3407_f0,wg18_base_s008_b14,fallback,invert,image,80.0,0.605,600,0.09257787768611203,0.03608089722972885,0.0,0.3909038968958562,0.07170802395548063,0.11107431681722166,0.0,0.41503259652855923,0.0,0.5926919195401552,9.564061959584555e-06,0.605,1.0,42.755946791850995,150,0,0,0.056480798083585235,0.05038019953518744,0.05176061393989186
v32_ctdg_diag_wg18_base_s008_b14_seed3407_f0,wg18_base_s008_b14,fallback,invert,image,100.0,0.605,600,0.09257787768611203,0.03608089722972885,0.0,0.3909038968958562,0.07170802395548063,0.11107431681722166,0.0,0.41503259652855923,0.0,0.5926919195401552,9.564061959584555e-06,0.605,1.0,42.755946791850995,150,0,0,0.056480798083585235,0.05038019953518744,0.05176061393989186
v32_ctdg_diag_wg18_base_s008_b14_seed3407_f0,wg18_base_s008_b14,fallback,zero,image,25.0,0.25,600,0.029867564924774298,0.0,0.0,0.16415982487863978,0.03194607921564007,0.033321947594259174,0.0,0.18226839471950468,0.0,0.3003883853733186,4.327893257141113e-06,0.25,1.0,42.755946791850995,150,0,0,,,
v32_ctdg_diag_wg18_base_s008_b14_seed3407_f0,wg18_base_s008_b14,fallback,zero,image,40.0,0.4,600,0.03515627423302875,0.0,0.0,0.16415982487863978,0.03643884847478892,0.03943694094612321,0.0,0.18226839471950468,0.0,0.3003883853733186,5.172292391459147e-06,0.4,1.0,42.755946791850995,150,0,0,,,
v32_ctdg_diag_wg18_base_s008_b14_seed3407_f0,wg18_base_s008_b14,fallback,zero,image,60.0,0.5166666666666667,600,0.036097079602526796,0.0019264222978954137,0.0,0.16415982487863978,0.03705183852537599,0.04074010687418583,0.0,0.18226839471950468,0.0,0.3003883853733186,4.675189654032389e-06,0.5166666666666667,1.0,42.755946791850995,150,0,0,,,
v32_ctdg_diag_wg18_base_s008_b14_seed3407_f0,wg18_base_s008_b14,fallback,zero,image,80.0,0.5166666666666667,600,0.036097079602526796,0.0019264222978954137,0.0,0.16415982487863978,0.03705183852537599,0.04074010687418583,0.0,0.18226839471950468,0.0,0.3003883853733186,4.675189654032389e-06,0.5166666666666667,1.0,42.755946791850995,150,0,0,,,
v32_ctdg_diag_wg18_base_s008_b14_seed3407_f0,wg18_base_s008_b14,fallback,zero,image,100.0,0.5166666666666667,600,0.036097079602526796,0.0019264222978954137,0.0,0.16415982487863978,0.03705183852537599,0.04074010687418583,0.0,0.18226839471950468,0.0,0.3003883853733186,4.675189654032389e-06,0.5166666666666667,1.0,42.755946791850995,150,0,0,,,
v32_ctdg_diag_wg18_base_s008_b14_seed3407_f0,wg18_base_s008_b14,fallback,shuffle,image,25.0,0.25,600,0.03396233033954306,0.0,0.0,0.1962491627331718,0.03222620535945772,0.040977534830394687,0.0,0.20664634973668974,0.0,0.3328364311418824,4.7246615091959635e-06,0.25,1.0,42.755946791850995,150,0,0,,,
v32_ctdg_diag_wg18_base_s008_b14_seed3407_f0,wg18_base_s008_b14,fallback,shuffle,image,40.0,0.4,600,0.040657630189702774,0.0,0.0,0.1962491627331718,0.038098021223039735,0.04868610456635342,0.0,0.20664634973668974,0.0,0.3328364311418824,6.0073534647623695e-06,0.4,1.0,42.755946791850995,150,0,0,,,
v32_ctdg_diag_wg18_base_s008_b14_seed3407_f0,wg18_base_s008_b14,fallback,shuffle,image,60.0,0.5333333333333333,600,0.042197678150924595,0.005533943954723952,0.0,0.1962491627331718,0.03908859898839767,0.0506373827351508,0.0,0.20664634973668974,0.0,0.3328364311418824,5.88605801264445e-06,0.5333333333333333,1.0,42.755946791850995,150,0,0,,,
v32_ctdg_diag_wg18_base_s008_b14_seed3407_f0,wg18_base_s008_b14,fallback,shuffle,image,80.0,0.5333333333333333,600,0.042197678150924595,0.005533943954723952,0.0,0.1962491627331718,0.03908859898839767,0.0506373827351508,0.0,0.20664634973668974,0.0,0.3328364311418824,5.88605801264445e-06,0.5333333333333333,1.0,42.755946791850995,150,0,0,,,
v32_ctdg_diag_wg18_base_s008_b14_seed3407_f0,wg18_base_s008_b14,fallback,shuffle,image,100.0,0.5333333333333333,600,0.042197678150924595,0.005533943954723952,0.0,0.1962491627331718,0.03908859898839767,0.0506373827351508,0.0,0.20664634973668974,0.0,0.3328364311418824,5.88605801264445e-06,0.5333333333333333,1.0,42.755946791850995,150,0,0,,,
v32_ctdg_diag_wg18_base_s008_b14_seed3407_f0,wg18_base_s008_b14,fallback,normal,image,25.0,0.25,600,0.032914248913356536,0.0,0.0,0.17907519855996892,0.03159836672952899,0.03871890786347426,0.0,0.19845020450065937,0.0,0.3204324779521365,5.474388599395752e-06,0.25,1.0,42.755946791850995,150,0,0,,,
v32_ctdg_diag_wg18_base_s008_b14_seed3407_f0,wg18_base_s008_b14,fallback,normal,image,40.0,0.4,600,0.03925043936780525,0.0,0.0,0.17907519855996892,0.03764024864234749,0.04717565140810805,0.0,0.19845020450065937,0.0,0.3204324779521365,6.690124670664469e-06,0.4,1.0,42.755946791850995,150,0,0,,,
v32_ctdg_diag_wg18_base_s008_b14_seed3407_f0,wg18_base_s008_b14,fallback,normal,image,60.0,0.5283333333333333,600,0.04081726374622017,0.004268196130070123,0.0,0.17907519855996892,0.0386104155660554,0.048885140447709245,0.0,0.19845020450065937,0.0,0.3204324779521365,7.185737291971843e-06,0.5283333333333333,1.0,42.755946791850995,150,0,0,,,
v32_ctdg_diag_wg18_base_s008_b14_seed3407_f0,wg18_base_s008_b14,fallback,normal,image,80.0,0.5283333333333333,600,0.04081726374622017,0.004268196130070123,0.0,0.17907519855996892,0.0386104155660554,0.048885140447709245,0.0,0.19845020450065937,0.0,0.3204324779521365,7.185737291971843e-06,0.5283333333333333,1.0,42.755946791850995,150,0,0,,,
v32_ctdg_diag_wg18_base_s008_b14_seed3407_f0,wg18_base_s008_b14,fallback,normal,image,100.0,0.5283333333333333,600,0.04081726374622017,0.004268196130070123,0.0,0.17907519855996892,0.0386104155660554,0.048885140447709245,0.0,0.19845020450065937,0.0,0.3204324779521365,7.185737291971843e-06,0.5283333333333333,1.0,42.755946791850995,150,0,0,,,
v32_ctdg_diag_wg18_base_s008_b14_seed3407_f0,wg18_base_s008_b14,gt,invert,image,25.0,0.25,600,0.06518009605664696,0.0,0.0,0.3595657673212701,0.042731792897131866,0.0840109771329538,0.0,0.3809003380970818,0.0,0.5462274650521209,7.436474164326986e-06,0.25,1.0,42.755946791850995,150,0,0,0.03707641042216588,0.03345438755989152,0.03444269881351091
v32_ctdg_diag_wg18_base_s008_b14_seed3407_f0,wg18_base_s008_b14,gt,invert,image,40.0,0.4,600,0.07875258152969818,0.0,0.0,0.3595657673212701,0.05856729983596367,0.09499817081814309,0.0,0.3809003380970818,0.0,0.5462274650521209,9.599725405375163e-06,0.4,1.0,42.755946791850995,150,0,0,0.04580762440439986,0.041042824597619175,0.042307236762679
v32_ctdg_diag_wg18_base_s008_b14_seed3407_f0,wg18_base_s008_b14,gt,invert,image,60.0,0.5983333333333334,600,0.08522212203488448,0.03196131877606945,0.0,0.3595657673212701,0.06618385846465381,0.10156851030024522,0.0,0.3809003380970818,0.0,0.5462274650521209,9.494622548421223e-06,0.5983333333333334,1.0,42.755946791850995,150,0,0,0.051501994462308937,0.04605532087676902,0.047398486074741994
v32_ctdg_diag_wg18_base_s008_b14_seed3407_f0,wg18_base_s008_b14,gt,invert,image,80.0,0.5983333333333334,600,0.08522212203488448,0.03196131877606945,0.0,0.3595657673212701,0.06618385846465381,0.10156851030024522,0.0,0.3809003380970818,0.0,0.5462274650521209,9.494622548421223e-06,0.5983333333333334,1.0,42.755946791850995,150,0,0,0.051501994462308937,0.04605532087676902,0.047398486074741994
v32_ctdg_diag_wg18_base_s008_b14_seed3407_f0,wg18_base_s008_b14,gt,invert,image,100.0,0.5983333333333334,600,0.08522212203488448,0.03196131877606945,0.0,0.3595657673212701,0.06618385846465381,0.10156851030024522,0.0,0.3809003380970818,0.0,0.5462274650521209,9.494622548421223e-06,0.5983333333333334,1.0,42.755946791850995,150,0,0,0.051501994462308937,0.04605532087676902,0.047398486074741994
v32_ctdg_diag_wg18_base_s008_b14_seed3407_f0,wg18_base_s008_b14,gt,zero,image,25.0,0.25,600,0.028103685634481075,0.0,0.0,0.15572512160014357,0.030390596532508144,0.03141557367656328,0.0,0.172651782140996,0.0,0.2888621356611701,4.2153398195902505e-06,0.25,1.0,42.755946791850995,150,0,0,,,
v32_ctdg_diag_wg18_base_s008_b14_seed3407_f0,wg18_base_s008_b14,gt,zero,image,40.0,0.4,600,0.03294495712529832,0.0,0.0,0.15572512160014357,0.035045293151708394,0.036418236548294375,0.0,0.172651782140996,0.0,0.2888621356611701,5.177855491638184e-06,0.4,1.0,42.755946791850995,150,0,0,,,
v32_ctdg_diag_wg18_base_s008_b14_seed3407_f0,wg18_base_s008_b14,gt,zero,image,60.0,0.51,600,0.033720127572575545,0.0013122972902124275,0.0,0.15572512160014357,0.035478232488964,0.03727845868495516,0.0,0.172651782140996,0.0,0.2888621356611701,4.3387214342753095e-06,0.51,1.0,42.755946791850995,150,0,0,,,
v32_ctdg_diag_wg18_base_s008_b14_seed3407_f0,wg18_base_s008_b14,gt,zero,image,80.0,0.51,600,0.033720127572575545,0.0013122972902124275,0.0,0.15572512160014357,0.035478232488964,0.03727845868495516,0.0,0.172651782140996,0.0,0.2888621356611701,4.3387214342753095e-06,0.51,1.0,42.755946791850995,150,0,0,,,
v32_ctdg_diag_wg18_base_s008_b14_seed3407_f0,wg18_base_s008_b14,gt,zero,image,100.0,0.51,600,0.033720127572575545,0.0013122972902124275,0.0,0.15572512160014357,0.035478232488964,0.03727845868495516,0.0,0.172651782140996,0.0,0.2888621356611701,4.3387214342753095e-06,0.51,1.0,42.755946791850995,150,0,0,,,
v32_ctdg_diag_wg18_base_s008_b14_seed3407_f0,wg18_base_s008_b14,gt,shuffle,image,25.0,0.25,600,0.03172570849675544,0.0,0.0,0.17645104016855792,0.030504550484561646,0.03784109722242855,0.0,0.1926184873327155,0.0,0.31690662048929286,5.1489472389221194e-06,0.25,1.0,42.755946791850995,150,0,0,,,
v32_ctdg_diag_wg18_base_s008_b14_seed3407_f0,wg18_base_s008_b14,gt,shuffle,image,40.0,0.4,600,0.037709756932079,0.0,0.0,0.17645104016855792,0.0362536003262777,0.04436929132067666,0.0,0.1926184873327155,0.0,0.31690662048929286,6.187160809834798e-06,0.4,1.0,42.755946791850995,150,0,0,,,
v32_ctdg_diag_wg18_base_s008_b14_seed3407_f0,wg18_base_s008_b14,gt,shuffle,image,60.0,0.5283333333333333,600,0.03916680115811546,0.004614710173697745,0.0,0.17645104016855792,0.03723655669299935,0.04602116761894275,0.0,0.1926184873327155,0.0,0.31690662048929286,5.581279595692953e-06,0.5283333333333333,1.0,42.755946791850995,150,0,0,,,
v32_ctdg_diag_wg18_base_s008_b14_seed3407_f0,wg18_base_s008_b14,gt,shuffle,image,80.0,0.5283333333333333,600,0.03916680115811546,0.004614710173697745,0.0,0.17645104016855792,0.03723655669299935,0.04602116761894275,0.0,0.1926184873327155,0.0,0.31690662048929286,5.581279595692953e-06,0.5283333333333333,1.0,42.755946791850995,150,0,0,,,
v32_ctdg_diag_wg18_base_s008_b14_seed3407_f0,wg18_base_s008_b14,gt,shuffle,image,100.0,0.5283333333333333,600,0.03916680115811546,0.004614710173697745,0.0,0.17645104016855792,0.03723655669299935,0.04602116761894275,0.0,0.1926184873327155,0.0,0.31690662048929286,5.581279595692953e-06,0.5283333333333333,1.0,42.755946791850995,150,0,0,,,
v32_ctdg_diag_wg18_base_s008_b14_seed3407_f0,wg18_base_s008_b14,gt,normal,image,25.0,0.25,600,0.030737397243136046,0.0,0.0,0.16180902063453478,0.030350804847260566,0.03623482561152789,0.0,0.18628594832397288,0.0,0.305026512680346,5.64118226369222e-06,0.25,1.0,42.755946791850995,150,0,0,,,
v32_ctdg_diag_wg18_base_s008_b14_seed3407_f0,wg18_base_s008_b14,gt,normal,image,40.0,0.4,600,0.036445344767019175,0.0,0.0,0.16180902063453478,0.03585529214054397,0.04279970076543075,0.0,0.18628594832397288,0.0,0.305026512680346,7.182657718658447e-06,0.4,1.0,42.755946791850995,150,0,0,,,
v32_ctdg_diag_wg18_base_s008_b14_seed3407_f0,wg18_base_s008_b14,gt,normal,image,60.0,0.5266666666666666,600,0.03782363596014249,0.003985099416603077,0.0,0.16180902063453478,0.03674419382963611,0.04438520768406017,0.0,0.18628594832397288,0.0,0.305026512680346,6.472667058308919e-06,0.5266666666666666,1.0,42.755946791850995,150,0,0,,,
v32_ctdg_diag_wg18_base_s008_b14_seed3407_f0,wg18_base_s008_b14,gt,normal,image,80.0,0.5266666666666666,600,0.03782363596014249,0.003985099416603077,0.0,0.16180902063453478,0.03674419382963611,0.04438520768406017,0.0,0.18628594832397288,0.0,0.305026512680346,6.472667058308919e-06,0.5266666666666666,1.0,42.755946791850995,150,0,0,,,
v32_ctdg_diag_wg18_base_s008_b14_seed3407_f0,wg18_base_s008_b14,gt,normal,image,100.0,0.5266666666666666,600,0.03782363596014249,0.003985099416603077,0.0,0.16180902063453478,0.03674419382963611,0.04438520768406017,0.0,0.18628594832397288,0.0,0.305026512680346,6.472667058308919e-06,0.5266666666666666,1.0,42.755946791850995,150,0,0,,,
v32_ctdg_diag_wg18_base_s008_b14_seed3407_f0,wg18_base_s008_b14,fallback,invert,patch,25.0,0.2431505108065903,600,0.11962993146079665,0.09601877517144786,0.016538169503505173,0.3187526357538231,0.07839021408875878,0.15776410311912267,0.01369738530055636,0.3391012786985127,0.0019386139780749544,0.4487200594941271,3.0088424682617188e-05,0.9983333333333333,1.0,42.755946791850995,150,0,0,0.054583381029146935,0.047973894918137305,0.04981864616443986
v32_ctdg_diag_wg18_base_s008_b14_seed3407_f0,wg18_base_s008_b14,fallback,invert,patch,40.0,0.3747507312335074,600,0.14032598533823593,0.11047003822014645,0.01695334914852644,0.3905407945345584,0.09304983705759855,0.18380571527256961,0.014246600216162798,0.41282888406816853,0.0019386139780749544,0.5425419025815501,3.955990076065064e-05,0.9983333333333333,1.0,42.755946791850995,150,0,0,0.06655810854391558,0.05838882261410007,0.06054487311090696
v32_ctdg_diag_wg18_base_s008_b14_seed3407_f0,wg18_base_s008_b14,fallback,invert,patch,60.0,0.49749793429548544,600,0.1500521814765041,0.11508227905630974,0.01695334914852644,0.4356322417101824,0.10022369719478029,0.19607503238883234,0.014304133927942312,0.4524355717749782,0.0019386139780749544,0.5989658667118618,4.571626583735148e-05,0.9983333333333333,1.0,42.755946791850995,150,0,0,0.07265930625134853,0.06359403192698126,0.06589674424746259
v32_ctdg_diag_wg18_base_s008_b14_seed3407_f0,wg18_base_s008_b14,fallback,invert,patch,80.0,0.5392465983765821,600,0.152037754651772,0.11589329903207357,0.01695334914852644,0.4431884556030643,0.10224454624470997,0.19774118503333515,0.014304133927942312,0.46236545965712317,0.0019386139780749544,0.6177137778654398,4.742066065470378e-05,0.9983333333333333,1.0,42.755946791850995,150,0,0,0.07404872402594265,0.06477402823934064,0.06709840613111441
v32_ctdg_diag_wg18_base_s008_b14_seed3407_f0,wg18_base_s008_b14,fallback,invert,patch,100.0,0.5440606642700732,600,0.15225490273372436,0.11589329903207357,0.01695334914852644,0.4431884556030643,0.10272078598593912,0.19779535496372033,0.014304133927942312,0.46380213828863986,0.0019386139780749544,0.6184448397680015,4.76341446240743e-05,0.9983333333333333,1.0,42.755946791850995,150,0,0,0.07422171111281857,0.06492925765371353,0.06726038032670796
v32_ctdg_diag_wg18_base_s008_b14_seed3407_f0,wg18_base_s008_b14,fallback,invert,pixel,25.0,0.2458166975900531,600,0.14667350350185376,0.1225383759033889,0.02414016946255515,0.3598691005353376,0.08709602574541452,0.2057309131514357,0.022440844079567177,0.3865754343442223,0.007764705294760432,0.5081204621143165,8.765180905659993e-05,1.0,1.0,42.755946791850995,150,0,0,0.06526823672983727,0.05689270196247624,0.05919954211836169
v32_ctdg_diag_wg18_base_s008_b14_seed3407_f0,wg18_base_s008_b14,fallback,invert,pixel,40.0,0.3792518144970139,600,0.16841515498219767,0.13916266687587964,0.025521821259101428,0.4350814814796358,0.10186965791264088,0.23462379731245742,0.02360000721683851,0.4607267192577743,0.007791049690023399,0.5975441725880735,0.00010253151257832845,1.0,1.0,42.755946791850995,150,0,0,0.07800617162355904,0.06784130477527583,0.07049550544978257
v32_ctdg_diag_wg18_base_s008_b14_seed3407_f0,wg18_base_s008_b14,fallback,invert,pixel,60.0,0.49729875069111584,600,0.1771319436900624,0.14366007990070173,0.025700278726943537,0.4785662817327587,0.10904482636208357,0.2452080880123473,0.023773962433385223,0.4968563172249105,0.007791049690023399,0.6503503487613898,0.0001078912615776062,1.0,1.0,42.755946791850995,150,0,0,0.08368764438955291,0.0727110652724042,0.07545661862747355
v32_ctdg_diag_wg18_base_s008_b14_seed3407_f0,wg18_base_s008_b14,fallback,invert,pixel,80.0,0.5270820391302308,600,0.17840951930695567,0.1440698595420642,0.025700278726943537,0.4816016674574921,0.11077871895225741,0.24595538721218588,0.02377863476711462,0.5026674971078631,0.007791049690023399,0.6594221117351686,0.00010811130205790202,1.0,1.0,42.755946791850995,150,0,0,0.08462083272221742,0.07353058554996228,0.07629744318847048
v32_ctdg_diag_wg18_base_s008_b14_seed3407_f0,wg18_base_s008_b14,fallback,invert,pixel,100.0,0.5292023846631249,600,0.17850175846291613,0.1440698595420642,0.025700278726943537,0.4816016674574921,0.11104961371112422,0.24595538721218588,0.02377863476711462,0.5030055829130268,0.007791049690023399,0.6594587817555322,0.00010799249013264974,1.0,1.0,42.755946791850995,150,0,0,0.08469454735868649,0.07359993337859191,0.07636738807373306
v32_ctdg_diag_wg18_base_s008_b14_seed3407_f0,wg18_base_s008_b14,fallback,zero,patch,25.0,0.24323728160001337,600,0.06504655043164971,0.05542318932423207,0.010654798989783032,0.15408297508337251,0.05293556645004484,0.07661155160221289,0.009352399650831582,0.17574348819470717,0.001239765355862943,0.2680449100493174,2.2658308347066242e-05,0.9983333333333333,1.0,42.755946791850995,150,0,0,,,
v32_ctdg_diag_wg18_base_s008_b14_seed3407_f0,wg18_base_s008_b14,fallback,zero,patch,40.0,0.3719398597224305,600,0.07376787679432034,0.061804582985775625,0.010654612964013311,0.18055322148899897,0.060574709206183124,0.0862563708594944,0.009720393686295499,0.20265295102117864,0.001253233608358073,0.308993092763464,2.8299689292907716e-05,0.9983333333333333,1.0,42.755946791850995,150,0,0,,,
v32_ctdg_diag_wg18_base_s008_b14_seed3407_f0,wg18_base_s008_b14,fallback,zero,patch,60.0,0.47779796360371013,600,0.07739287522515556,0.06355607834559507,0.010654612964013311,0.1914058350143452,0.06370076554945904,0.09021895349911176,0.00976184306376305,0.2177966104596223,0.001253233608358073,0.33216042814341196,3.141731023788452e-05,0.9983333333333333,1.0,42.755946791850995,150,0,0,,,
v32_ctdg_diag_wg18_base_s008_b14_seed3407_f0,wg18_base_s008_b14,fallback,zero,patch,80.0,0.5017978854818891,600,0.07798903062582935,0.0636330920515924,0.010654612964013311,0.19306189229113804,0.0644467895276411,0.09066635537934317,0.00976184306376305,0.22171145308746626,0.001253233608358073,0.33816483494273086,3.197332223256429e-05,0.9983333333333333,1.0,42.755946791850995,150,0,0,,,
v32_ctdg_diag_wg18_base_s008_b14_seed3407_f0,wg18_base_s008_b14,fallback,zero,patch,100.0,0.5034911390983811,600,0.07803319162090579,0.0636330920515924,0.010654612964013311,0.19306189229113804,0.06457323275019547,0.09067292498792895,0.00976184306376305,0.22201357571316033,0.001253233608358073,0.3384499203199553,3.2005210717519127e-05,0.9983333333333333,1.0,42.755946791850995,150,0,0,,,
v32_ctdg_diag_wg18_base_s008_b14_seed3407_f0,wg18_base_s008_b14,fallback,zero,pixel,25.0,0.245837507173419,600,0.0814052667720165,0.07447922091176551,0.015836675276636215,0.18246496475332485,0.060319189579801105,0.09999612583262206,0.01515886202583386,0.19992838520009143,0.005252492957870914,0.29478872589215255,5.878736575444539e-05,1.0,1.0,42.755946791850995,150,0,0,,,
v32_ctdg_diag_wg18_base_s008_b14_seed3407_f0,wg18_base_s008_b14,fallback,zero,pixel,40.0,0.37797263892988364,600,0.09040898335863863,0.08161305134917285,0.016576635117241167,0.20718422051364413,0.06802695888246861,0.11035086072413189,0.015838086007136334,0.22789875328655076,0.005253631077994925,0.33352975381139344,6.741513808568319e-05,1.0,1.0,42.755946791850995,150,0,0,,,
v32_ctdg_diag_wg18_base_s008_b14_seed3407_f0,wg18_base_s008_b14,fallback,zero,pixel,60.0,0.47745542955895265,600,0.0934442993005095,0.08252742598893903,0.016576635117241167,0.22151445927001162,0.07103144011129013,0.11348266237783244,0.015914570152140862,0.24071736003314187,0.005253631077994925,0.3559528769738982,7.003645102183024e-05,1.0,1.0,42.755946791850995,150,0,0,,,
v32_ctdg_diag_wg18_base_s008_b14_seed3407_f0,wg18_base_s008_b14,fallback,zero,pixel,80.0,0.4932093117882808,600,0.09378868658473825,0.08263572977951483,0.016576635117241167,0.22308725804381452,0.07160380623998792,0.11366008779709712,0.01592100704971108,0.24303514650821434,0.005253631077994925,0.3608577178473794,6.987035274505615e-05,1.0,1.0,42.755946791850995,150,0,0,,,
v32_ctdg_diag_wg18_base_s008_b14_seed3407_f0,wg18_base_s008_b14,fallback,zero,pixel,100.0,0.49390181226034957,600,0.09380721110422964,0.08263572977951483,0.016576635117241167,0.22308725804381452,0.07167521594858942,0.11366008779709712,0.01592100704971108,0.24317937592877262,0.005253631077994925,0.360898015461121,6.983200709025065e-05,1.0,1.0,42.755946791850995,150,0,0,,,
v32_ctdg_diag_wg18_base_s008_b14_seed3407_f0,wg18_base_s008_b14,fallback,shuffle,patch,25.0,0.24303070184153816,600,0.07165603654265934,0.06310603897268408,0.012076331065286184,0.17320626408756784,0.05510112706422838,0.08838102969046815,0.01032703736639912,0.1923362528651951,0.0016492844035411736,0.2942861693196576,2.4397671222686767e-05,0.9983333333333333,1.0,42.755946791850995,150,0,0,,,
v32_ctdg_diag_wg18_base_s008_b14_seed3407_f0,wg18_base_s008_b14,fallback,shuffle,patch,40.0,0.37415437372090915,600,0.08193716272413586,0.07166147605350659,0.012785538000965957,0.19934254156497774,0.06315601152908781,0.10082628684700921,0.010858818879210712,0.22390589266950076,0.0016492844035411736,0.34054641197298424,3.138919671376546e-05,0.9983333333333333,1.0,42.755946791850995,150,0,0,,,
v32_ctdg_diag_wg18_base_s008_b14_seed3407_f0,wg18_base_s008_b14,fallback,shuffle,patch,60.0,0.4842290052430083,600,0.08645814954952283,0.07399022081947848,0.01310597697459883,0.2250606977213918,0.06648681598027811,0.10640092243181419,0.010884615212892908,0.24152261297692526,0.0016492844035411736,0.3664278179514703,3.5333931446075436e-05,0.9983333333333333,1.0,42.755946791850995,150,0,0,,,
v32_ctdg_diag_wg18_base_s008_b14_seed3407_f0,wg18_base_s008_b14,fallback,shuffle,patch,80.0,0.511987274652347,600,0.08726372641243135,0.07402318786325779,0.01310597697459883,0.2314826852445699,0.06732400698016008,0.10714278879668995,0.010884615212892908,0.24676890371166452,0.0016492844035411736,0.3726179080001032,3.632932901382446e-05,0.9983333333333333,1.0,42.755946791850995,150,0,0,,,
v32_ctdg_diag_wg18_base_s008_b14_seed3407_f0,wg18_base_s008_b14,fallback,shuffle,patch,100.0,0.5145290316796551,600,0.08732564508001082,0.07427205890263266,0.01310597697459883,0.23181669434504762,0.06746567395455311,0.10715992912190449,0.010884615212892908,0.24717975532638306,0.0016492844035411736,0.37289196685938464,3.6384264628092445e-05,0.9983333333333333,1.0,42.755946791850995,150,0,0,,,
v32_ctdg_diag_wg18_base_s008_b14_seed3407_f0,wg18_base_s008_b14,fallback,shuffle,pixel,25.0,0.2456522974340866,600,0.08978080153937752,0.08154022781321046,0.017910796613467637,0.1997816012210036,0.0627344503204419,0.11582194943895545,0.016509176953750603,0.21907292873492945,0.005978803804492117,0.32414485648691455,6.423066059748332e-05,1.0,1.0,42.755946791850995,150,0,0,,,
v32_ctdg_diag_wg18_base_s008_b14_seed3407_f0,wg18_base_s008_b14,fallback,shuffle,pixel,40.0,0.37944782639232777,600,0.10057385020692183,0.08980001547276117,0.018969527866440926,0.23048771365661513,0.07088004103840011,0.12946277452374416,0.01737053473433979,0.2517152610667869,0.006006637043655871,0.37048850507092296,7.492870092391968e-05,1.0,1.0,42.755946791850995,150,0,0,,,
v32_ctdg_diag_wg18_base_s008_b14_seed3407_f0,wg18_base_s008_b14,fallback,shuffle,pixel,60.0,0.48373444492307804,600,0.10442087841765821,0.09318798024423458,0.0189696470080186,0.2458054376313326,0.07410037217687597,0.1340469859513945,0.017470686373840926,0.26784285324523766,0.006006637043655871,0.39414167346688983,7.843017578125e-05,1.0,1.0,42.755946791850995,150,0,0,,,
v32_ctdg_diag_wg18_base_s008_b14_seed3407_f0,wg18_base_s008_b14,fallback,shuffle,pixel,80.0,0.5018125672607372,600,0.10487893375699339,0.0943055339326051,0.0189696470080186,0.2492817765218619,0.07474872964668088,0.13433571734526534,0.01748368152578615,0.2708473850848571,0.006006637043655871,0.3981241093926428,7.840126752853394e-05,1.0,1.0,42.755946791850995,150,0,0,,,
v32_ctdg_diag_wg18_base_s008_b14_seed3407_f0,wg18_base_s008_b14,fallback,shuffle,pixel,100.0,0.5026056197751313,600,0.10490182508432422,0.0943055339326051,0.0189696470080186,0.2492817765218619,0.07483718672306809,0.13433571734526534,0.01748368152578615,0.2710175772907319,0.006006637043655871,0.3981582056040033,7.835288842519124e-05,1.0,1.0,42.755946791850995,150,0,0,,,
v32_ctdg_diag_wg18_base_s008_b14_seed3407_f0,wg18_base_s008_b14,fallback,normal,patch,25.0,0.24293527491080263,600,0.06981128529635679,0.06124982416751834,0.011384096890384042,0.16530481035535952,0.05448551819904886,0.08558256595320093,0.00991300873524222,0.185290200219222,0.0013579513468513938,0.2777482426177592,2.4611155192057293e-05,0.9983333333333333,1.0,42.755946791850995,150,0,0,,,
v32_ctdg_diag_wg18_base_s008_b14_seed3407_f0,wg18_base_s008_b14,fallback,normal,patch,40.0,0.3731108320473383,600,0.07978111222732896,0.06950748908966276,0.011584282904453501,0.18907009527245897,0.06248746128014469,0.0975754022240426,0.010304666357364193,0.21601652767414645,0.0013713315320941887,0.3210606999294633,3.177305062611898e-05,0.9983333333333333,1.0,42.755946791850995,150,0,0,,,
v32_ctdg_diag_wg18_base_s008_b14_seed3407_f0,wg18_base_s008_b14,fallback,normal,patch,60.0,0.4826571200508624,600,0.08415543722904151,0.07095657211376505,0.011584282904453501,0.21522232423571303,0.0657647368008479,0.10303386089919352,0.010346514519524655,0.23341408687320891,0.0013713315320941887,0.34614001872674294,3.588050603866577e-05,0.9983333333333333,1.0,42.755946791850995,150,0,0,,,
v32_ctdg_diag_wg18_base_s008_b14_seed3407_f0,wg18_base_s008_b14,fallback,normal,patch,80.0,0.5098749061642835,600,0.08493934852065758,0.07095657211376505,0.011584282904453501,0.22093350837001333,0.06659803436835415,0.10379007501415463,0.010346514519524655,0.23831259582584502,0.0013713315320941887,0.3546058226913729,3.680030504862467e-05,0.9983333333333333,1.0,42.755946791850995,150,0,0,,,
v32_ctdg_diag_wg18_base_s008_b14_seed3407_f0,wg18_base_s008_b14,fallback,normal,patch,100.0,0.5121153298237672,600,0.0849945224070164,0.07095657211376505,0.011584282904453501,0.22093350837001333,0.06673970889124008,0.10380656496319646,0.010346514519524655,0.2386626731790237,0.0013713315320941887,0.35486698560277646,3.684312105178833e-05,0.9983333333333333,1.0,42.755946791850995,150,0,0,,,
v32_ctdg_diag_wg18_base_s008_b14_seed3407_f0,wg18_base_s008_b14,fallback,normal,pixel,25.0,0.24566267061978578,600,0.08747396138349207,0.0792432663860616,0.01676846969763517,0.19367009463516952,0.06213058468579239,0.11192914262616185,0.015924885019394944,0.21087172539918544,0.005248994730263234,0.30644639445279154,6.319959958394368e-05,1.0,1.0,42.755946791850995,150,0,0,,,
v32_ctdg_diag_wg18_base_s008_b14_seed3407_f0,wg18_base_s008_b14,fallback,normal,pixel,40.0,0.37855756644159555,600,0.0979196495324151,0.08867324845536473,0.017293399679488175,0.21826714115674906,0.07019941599583253,0.12520761448024012,0.01672466181848685,0.24226566836603922,0.005248994730263234,0.34802519954048705,7.401963075002034e-05,1.0,1.0,42.755946791850995,150,0,0,,,
v32_ctdg_diag_wg18_base_s008_b14_seed3407_f0,wg18_base_s008_b14,fallback,normal,pixel,60.0,0.4818322393670678,600,0.10167532506258886,0.09077656076959428,0.017296000171523572,0.23874562843861039,0.07337878398847629,0.1297290155289138,0.016809318137615627,0.25790786685749495,0.005248994730263234,0.37390377615247844,7.782091697057088e-05,1.0,1.0,42.755946791850995,150,0,0,,,
v32_ctdg_diag_wg18_base_s008_b14_seed3407_f0,wg18_base_s008_b14,fallback,normal,pixel,80.0,0.49953328523784873,600,0.10211207611848519,0.09092090743405912,0.017296000171523572,0.23966321688877976,0.07400083150740376,0.13001201550577182,0.01681576933547516,0.2607248629523242,0.005248994730263234,0.3792126864115211,7.774949073791504e-05,1.0,1.0,42.755946791850995,150,0,0,,,
v32_ctdg_diag_wg18_base_s008_b14_seed3407_f0,wg18_base_s008_b14,fallback,normal,pixel,100.0,0.500235285696884,600,0.10213437038918308,0.09137301266554587,0.017296000171523572,0.23966321688877976,0.07408678388299383,0.13001201550577182,0.01681576933547516,0.26089645940411754,0.005248994730263234,0.37925622295991845,7.770727078119913e-05,1.0,1.0,42.755946791850995,150,0,0,,,
v32_ctdg_diag_wg18_base_s008_b14_seed3407_f0,wg18_base_s008_b14,gt,invert,patch,25.0,0.24276101763981084,600,0.11322186966427945,0.09272835348822817,0.015143083157827064,0.2943941003494125,0.07501202712086842,0.1484429159095113,0.012643891191719743,0.3164435043824534,0.0014202796803353124,0.42305906610225963,3.028432528177897e-05,0.9983333333333333,1.0,42.755946791850995,150,0,0,0.05014152399763473,0.044237732384442216,0.04583829552351454
v32_ctdg_diag_wg18_base_s008_b14_seed3407_f0,wg18_base_s008_b14,gt,invert,patch,40.0,0.3734446479721616,600,0.13209726000720567,0.10709341095726899,0.01437942660809135,0.36403013017263475,0.0883495949091865,0.17220148617729603,0.013088567841931227,0.38089305442599924,0.001427920648129799,0.50340222604734,3.950804471969605e-05,0.9983333333333333,1.0,42.755946791850995,150,0,0,0.060859933450004775,0.053562140396150565,0.05548229177735453
v32_ctdg_diag_wg18_base_s008_b14_seed3407_f0,wg18_base_s008_b14,gt,invert,patch,60.0,0.4931437606457621,600,0.14080391688327223,0.11141208081195941,0.01437942660809135,0.38938147926887456,0.09467736483802494,0.1832498035899218,0.013134259642159366,0.41702884242923116,0.001427920648129799,0.5552758345429567,4.543761412302653e-05,0.9983333333333333,1.0,42.755946791850995,150,0,0,0.06628762066539103,0.05828681736298187,0.06030439114964936
v32_ctdg_diag_wg18_base_s008_b14_seed3407_f0,wg18_base_s008_b14,gt,invert,patch,80.0,0.5328993136528879,600,0.14252566006701994,0.111799923065945,0.01437942660809135,0.39724003013677844,0.09640910312324204,0.18471792265259382,0.013134259642159366,0.42565493434223367,0.001427920648129799,0.572673772089049,4.7006309032440185e-05,0.9983333333333333,1.0,42.755946791850995,150,0,0,0.06750865632402989,0.05933511951836226,0.06137800375857502
v32_ctdg_diag_wg18_base_s008_b14_seed3407_f0,wg18_base_s008_b14,gt,invert,patch,100.0,0.5371937788370996,600,0.1427065744391968,0.111799923065945,0.01437942660809135,0.3975131562089082,0.09680614086391924,0.18476160704672576,0.013134259642159366,0.42658421110893535,0.001427920648129799,0.5742216038555462,4.721870024998983e-05,0.9983333333333333,1.0,42.755946791850995,150,0,0,0.06766366136425621,0.05947797366714461,0.06152829620161665
v32_ctdg_diag_wg18_base_s008_b14_seed3407_f0,wg18_base_s008_b14,gt,invert,pixel,25.0,0.24556795835805437,600,0.13916723227067668,0.11871721006607316,0.023575381998984034,0.34167496909282846,0.08354678176078487,0.1941144831096855,0.0212414104007926,0.3600979333335239,0.007088286365612362,0.4731103549988845,8.624434471130371e-05,1.0,1.0,42.755946791850995,150,0,0,0.06002614377920057,0.052505945512805935,0.05455396093590663
v32_ctdg_diag_wg18_base_s008_b14_seed3407_f0,wg18_base_s008_b14,gt,invert,pixel,40.0,0.378399542523548,600,0.15896463068800878,0.13407934858430792,0.02386940592243434,0.39879341099205345,0.0969365075951895,0.22051729506267384,0.022014920100743338,0.4246907138895838,0.007114918487328481,0.5520589514828004,0.00010075549284617107,1.0,1.0,42.755946791850995,150,0,0,0.07142424103337523,0.06234473683500563,0.06469877774540464
v32_ctdg_diag_wg18_base_s008_b14_seed3407_f0,wg18_base_s008_b14,gt,invert,pixel,60.0,0.49324028368107975,600,0.16673526915940173,0.1382672307870898,0.023893268540218848,0.4242230275359752,0.10327406743208342,0.23011992121119718,0.02206299626077571,0.4566688540014583,0.007114918487328481,0.59901749181031,0.00010588030020395915,1.0,1.0,42.755946791850995,150,0,0,0.07646477733199684,0.06672318293734963,0.0691616840154945
v32_ctdg_diag_wg18_base_s008_b14_seed3407_f0,wg18_base_s008_b14,gt,invert,pixel,80.0,0.5216107311379165,600,0.1678250273144921,0.13906566785676944,0.023893268540218848,0.42449742647797967,0.10473750816320351,0.2307990148596807,0.02206299626077571,0.4618794356604582,0.007114918487328481,0.6081683049987909,0.00010608345270156861,1.0,1.0,42.755946791850995,150,0,0,0.07727815022839173,0.06745149139436578,0.06991278010691766
v32_ctdg_diag_wg18_base_s008_b14_seed3407_f0,wg18_base_s008_b14,gt,invert,pixel,100.0,0.5234400623571127,600,0.1678974650359756,0.13906566785676944,0.023893268540218848,0.42449742647797967,0.1049822035755136,0.2307990148596807,0.02206299626077571,0.4619729615075556,0.007114918487328481,0.6082080928364568,0.00010597765445709228,1.0,1.0,42.755946791850995,150,0,0,0.07733978864697269,0.06750945004720932,0.06997118170991132
v32_ctdg_diag_wg18_base_s008_b14_seed3407_f0,wg18_base_s008_b14,gt,zero,patch,25.0,0.24285330262656013,600,0.06308034566664472,0.05453205032314301,0.01050937357033348,0.15234010429813905,0.051959761261701584,0.0735311536997287,0.008859213868163292,0.17147841247939713,0.0010973514157633702,0.2609935891736626,2.2634367148081462e-05,0.9966666666666667,1.0,42.755946791850995,150,0,0,,,
v32_ctdg_diag_wg18_base_s008_b14_seed3407_f0,wg18_base_s008_b14,gt,zero,patch,40.0,0.37019071392094094,600,0.0712373265572009,0.060733774187902156,0.010562958989953585,0.17253340717554172,0.0592129849032208,0.08239479274904117,0.009179836261997091,0.19648036195291282,0.0011038706621668837,0.30018998807130615,2.8286476929982503e-05,0.9966666666666667,1.0,42.755946791850995,150,0,0,,,
v32_ctdg_diag_wg18_base_s008_b14_seed3407_f0,wg18_base_s008_b14,gt,zero,patch,60.0,0.47397916606937845,600,0.07451629621788121,0.06224870248087555,0.010562958989953585,0.18968237880131436,0.06209887650758136,0.08585677751352862,0.00921904444950723,0.20951697042390455,0.0011038706621668837,0.3214972604817333,3.125647703806559e-05,0.9966666666666667,1.0,42.755946791850995,150,0,0,,,
v32_ctdg_diag_wg18_base_s008_b14_seed3407_f0,wg18_base_s008_b14,gt,zero,patch,80.0,0.49588263702268404,600,0.07501700374299006,0.06245951978947062,0.010562958989953585,0.19005042209230041,0.06273844021433819,0.08621923547214431,0.00922383544235578,0.21279504945518327,0.0011038706621668837,0.32594300474497473,3.177553415298462e-05,0.9966666666666667,1.0,42.755946791850995,150,0,0,,,
v32_ctdg_diag_wg18_base_s008_b14_seed3407_f0,wg18_base_s008_b14,gt,zero,patch,100.0,0.49715035579477745,600,0.07504291307494058,0.06245951978947062,0.010562958989953585,0.19005902236251015,0.06280802632357689,0.08622528654742705,0.00922383544235578,0.21300200766423352,0.0011038706621668837,0.3261280315437169,3.1790037949879966e-05,0.9966666666666667,1.0,42.755946791850995,150,0,0,,,
v32_ctdg_diag_wg18_base_s008_b14_seed3407_f0,wg18_base_s008_b14,gt,zero,pixel,25.0,0.24573880775831639,600,0.07914108849147611,0.07071188351642732,0.01562132194492527,0.18049907349003289,0.05929235906994035,0.09630405567395334,0.014605306346493426,0.19454975647363792,0.005328092611562596,0.2853712032175778,5.836069583892822e-05,1.0,1.0,42.755946791850995,150,0,0,,,
v32_ctdg_diag_wg18_base_s008_b14_seed3407_f0,wg18_base_s008_b14,gt,zero,pixel,40.0,0.3764685609843582,600,0.08754038965463355,0.07962601861499152,0.016199632616760697,0.20505432118678008,0.06658782876696556,0.10580068297561462,0.015231475592855108,0.22074735995889724,0.005329334208539649,0.3224742641404646,6.679862737655639e-05,1.0,1.0,42.755946791850995,150,0,0,,,
v32_ctdg_diag_wg18_base_s008_b14_seed3407_f0,wg18_base_s008_b14,gt,zero,pixel,60.0,0.47374327276212475,600,0.09027049182740489,0.08008754945496577,0.016199632616760697,0.2188572307067025,0.0693498693162909,0.10856258699903346,0.015283703245774069,0.23252480676373016,0.005329334208539649,0.34203167329039774,6.932318210601806e-05,1.0,1.0,42.755946791850995,150,0,0,,,
v32_ctdg_diag_wg18_base_s008_b14_seed3407_f0,wg18_base_s008_b14,gt,zero,pixel,80.0,0.48742284778816003,600,0.09054687708610036,0.08010122130047748,0.016199632616760697,0.22041053988078427,0.06982237195026246,0.10871695440808789,0.01528505409462042,0.23418039469537508,0.005329334208539649,0.3455790517737988,6.914814313252766e-05,1.0,1.0,42.755946791850995,150,0,0,,,
v32_ctdg_diag_wg18_base_s008_b14_seed3407_f0,wg18_base_s008_b14,gt,zero,pixel,100.0,0.4880236712501695,600,0.09055767638900292,0.08010122130047748,0.016199632616760697,0.22041053988078427,0.06986330365423678,0.10871695440808789,0.01528505409462042,0.23424242853800797,0.005329334208539649,0.34561306229825417,6.912459929784138e-05,1.0,1.0,42.755946791850995,150,0,0,,,
v32_ctdg_diag_wg18_base_s008_b14_seed3407_f0,wg18_base_s008_b14,gt,shuffle,patch,25.0,0.24263940659351646,600,0.06898413727983724,0.06124105988626738,0.01134743040051056,0.1640736861841297,0.05393957550833763,0.08412251055518828,0.009754150289098007,0.18544215119945076,0.0013443090074297004,0.2833626710495182,2.4415254592895508e-05,0.9983333333333333,1.0,42.755946791850995,150,0,0,,,
v32_ctdg_diag_wg18_base_s008_b14_seed3407_f0,wg18_base_s008_b14,gt,shuffle,patch,40.0,0.37206004743464294,600,0.07853511961105511,0.0687408841508681,0.011717371512843754,0.19231911509840313,0.06153078528082074,0.09551883534942822,0.01019399896783438,0.21464857464605705,0.0013443090074297004,0.32691040817465017,3.1384925047556556e-05,0.9983333333333333,1.0,42.755946791850995,150,0,0,,,
v32_ctdg_diag_wg18_base_s008_b14_seed3407_f0,wg18_base_s008_b14,gt,shuffle,patch,60.0,0.4798905995457123,600,0.08251709952029036,0.07090783676941115,0.011717371512843754,0.21448363851274282,0.06456396254749872,0.10033550236418118,0.010227707132417467,0.230242275942486,0.0013443090074297004,0.3501819656809538,3.519068161646525e-05,0.9983333333333333,1.0,42.755946791850995,150,0,0,,,
v32_ctdg_diag_wg18_base_s008_b14_seed3407_f0,wg18_base_s008_b14,gt,shuffle,patch,80.0,0.5052195455599576,600,0.08319054054865768,0.07097123179303821,0.011717371512843754,0.21484037213642238,0.06526080828544975,0.10092250741580144,0.010236154177441215,0.23428495579897254,0.0013443090074297004,0.3552639682320127,3.608246644337972e-05,0.9983333333333333,1.0,42.755946791850995,150,0,0,,,
v32_ctdg_diag_wg18_base_s008_b14_seed3407_f0,wg18_base_s008_b14,gt,shuffle,patch,100.0,0.5071995108295232,600,0.08322860077205219,0.07097123179303821,0.011717371512843754,0.21484037213642238,0.06534032408980751,0.10093779584662092,0.010236154177441215,0.23457462474166466,0.0013443090074297004,0.3554788745474774,3.611991802851359e-05,0.9983333333333333,1.0,42.755946791850995,150,0,0,,,
v32_ctdg_diag_wg18_base_s008_b14_seed3407_f0,wg18_base_s008_b14,gt,shuffle,pixel,25.0,0.2454180434377243,600,0.08666128675787074,0.0796897864010706,0.01694559018041737,0.1940463999431145,0.061468932103705735,0.11065491214078468,0.01571840810489468,0.21125991845492653,0.005631958840869089,0.3112989852337691,6.374498208363851e-05,1.0,1.0,42.755946791850995,150,0,0,,,
v32_ctdg_diag_wg18_base_s008_b14_seed3407_f0,wg18_base_s008_b14,gt,shuffle,pixel,40.0,0.3776682154368609,600,0.09661989385300315,0.08826853404269386,0.01741655551754242,0.22783894262422125,0.06911191048175015,0.12307102122598655,0.016455738433590265,0.24107914049601054,0.005633117930432263,0.355311962934698,7.414003213246663e-05,1.0,1.0,42.755946791850995,150,0,0,,,
v32_ctdg_diag_wg18_base_s008_b14_seed3407_f0,wg18_base_s008_b14,gt,shuffle,pixel,60.0,0.47937299256833893,600,0.1000120862220521,0.08954115093052906,0.01748053574262016,0.2418375141164221,0.07204208003942156,0.12701139679155446,0.016532334287417783,0.25506865502115594,0.005633117930432263,0.37718075491503666,7.751246293385824e-05,1.0,1.0,42.755946791850995,150,0,0,,,
v32_ctdg_diag_wg18_base_s008_b14_seed3407_f0,wg18_base_s008_b14,gt,shuffle,pixel,80.0,0.49540319040728115,600,0.10037353592012631,0.08954115093052906,0.01748053574262016,0.24555496599627838,0.0725698719979429,0.12725195742110396,0.01653662881489441,0.2573240459766391,0.005633117930432263,0.3802944220288822,7.744421561559042e-05,1.0,1.0,42.755946791850995,150,0,0,,,
v32_ctdg_diag_wg18_base_s008_b14_seed3407_f0,wg18_base_s008_b14,gt,shuffle,pixel,100.0,0.4960760136973113,600,0.10038801498876629,0.08954115093052906,0.01748053574262016,0.24555496599627838,0.07262545722423658,0.12725195742110396,0.01653662881489441,0.25736026820686697,0.005633117930432263,0.3803221289902979,7.741302251815796e-05,1.0,1.0,42.755946791850995,150,0,0,,,
v32_ctdg_diag_wg18_base_s008_b14_seed3407_f0,wg18_base_s008_b14,gt,normal,patch,25.0,0.24249836849359174,600,0.06738357414076492,0.05893473510929326,0.011035675788380318,0.16133646538924748,0.05340844725338816,0.08163723578339438,0.009338010868803556,0.18017871759205667,0.0012699411482067547,0.2693239094179997,2.469201882680257e-05,0.9983333333333333,1.0,42.755946791850995,150,0,0,,,
v32_ctdg_diag_wg18_base_s008_b14_seed3407_f0,wg18_base_s008_b14,gt,normal,patch,40.0,0.3709988145995885,600,0.07661496822985114,0.06690340202638012,0.01131134367879909,0.1869724866815758,0.0609332636794768,0.09260515824748794,0.009696577560947202,0.2083293676065533,0.0012466073294554291,0.30985346350686777,3.1689703464508054e-05,0.9983333333333333,1.0,42.755946791850995,150,0,0,,,
v32_ctdg_diag_wg18_base_s008_b14_seed3407_f0,wg18_base_s008_b14,gt,normal,patch,60.0,0.47859195788390935,600,0.08049952573362287,0.0685804135820689,0.01131134367879909,0.20643142099081535,0.06391083515869099,0.09732442918070665,0.009713366953292397,0.22356930492425817,0.0012466073294554291,0.3322311183457927,3.571261962254842e-05,0.9983333333333333,1.0,42.755946791850995,150,0,0,,,
v32_ctdg_diag_wg18_base_s008_b14_seed3407_f0,wg18_base_s008_b14,gt,normal,patch,80.0,0.5029413549074282,600,0.08114765630844492,0.06880109663000766,0.01131134367879909,0.21728294343569488,0.06461461904003253,0.09792020895805076,0.009716823395689408,0.22756903668290457,0.0012466073294554291,0.33868122356639463,3.649840752283732e-05,0.9983333333333333,1.0,42.755946791850995,150,0,0,,,
v32_ctdg_diag_wg18_base_s008_b14_seed3407_f0,wg18_base_s008_b14,gt,normal,patch,100.0,0.5045376568008214,600,0.08117827823758014,0.06880109663000766,0.01131134367879909,0.21728294343569488,0.06468517840412889,0.09793554434630153,0.009716823395689408,0.22780826858572406,0.0012466073294554291,0.33898449721336943,3.652572631835937e-05,0.9983333333333333,1.0,42.755946791850995,150,0,0,,,
v32_ctdg_diag_wg18_base_s008_b14_seed3407_f0,wg18_base_s008_b14,gt,normal,pixel,25.0,0.24546591472191115,600,0.08461327133477005,0.07747297799669894,0.015561089438514841,0.18983488537493612,0.06092028013081782,0.10712571798739869,0.015213417099271709,0.20472358408212496,0.005145688694241102,0.295753938704258,6.280104319254558e-05,1.0,1.0,42.755946791850995,150,0,0,,,
v32_ctdg_diag_wg18_base_s008_b14_seed3407_f0,wg18_base_s008_b14,gt,normal,pixel,40.0,0.37679851553402843,600,0.09426585294260414,0.08552192798034852,0.016845928287778023,0.2152719625494366,0.06850329917152354,0.11923747893933774,0.015898511226640898,0.2339542627294063,0.005145688694241102,0.3348159628404659,7.336984078089396e-05,1.0,1.0,42.755946791850995,150,0,0,,,
v32_ctdg_diag_wg18_base_s008_b14_seed3407_f0,wg18_base_s008_b14,gt,normal,pixel,60.0,0.4775616671300183,600,0.09757358514390724,0.08737977387267293,0.017169582154354046,0.23530131316097166,0.07139288509629668,0.12313293919934325,0.015957415246975516,0.2477271223984148,0.005145688694241102,0.35714215015498924,7.695575555165608e-05,1.0,1.0,42.755946791850995,150,0,0,,,
v32_ctdg_diag_wg18_base_s008_b14_seed3407_f0,wg18_base_s008_b14,gt,normal,pixel,80.0,0.49307783361834784,600,0.09791224720757442,0.08737977387267293,0.017169582154354046,0.23716162166775873,0.0718963394182007,0.12336527965679195,0.01595891600372828,0.24974178949698095,0.005145688694241102,0.3614926886308325,7.68659512201945e-05,1.0,1.0,42.755946791850995,150,0,0,,,
v32_ctdg_diag_wg18_base_s008_b14_seed3407_f0,wg18_base_s008_b14,gt,normal,pixel,100.0,0.4937115109618753,600,0.09792628332606429,0.08737977387267293,0.017169582154354046,0.23716162166775873,0.07194961289694561,0.12336527965679195,0.01595891600372828,0.2498107644590283,0.005145688694241102,0.3615281759813385,7.683684428532918e-05,1.0,1.0,42.755946791850995,150,0,0,,,
