name,true_delta_psnr,baseline_delta_psnr,depth_surplus_psnr,invert_delta_psnr,shuffle_delta_psnr,zero_delta_psnr
1001_0.89_1.66.png,-0.17836761474609375,-0.1147613525390625,-0.06360626220703125,-0.20074462890625,-0.15810394287109375,-0.1147613525390625
1003_0.9_1.06.png,-0.2969932556152344,-0.21738052368164062,-0.07961273193359375,-0.32610321044921875,-0.26544189453125,-0.21738052368164062
1006_0.89_1.55.png,-0.044620513916015625,-0.057727813720703125,0.0131072998046875,-0.039127349853515625,-0.028018951416015625,-0.057727813720703125
1010_0.91_1.13.png,-0.3470268249511719,-0.2547721862792969,-0.092254638671875,-0.2926025390625,-0.3198394775390625,-0.2547721862792969
1012_0.85_1.28.png,-0.3851203918457031,-0.30013275146484375,-0.08498764038085938,-0.32077789306640625,-0.3472137451171875,-0.30013275146484375
1013_0.63_1.83.png,-0.16790008544921875,-0.17587661743164062,0.007976531982421875,-0.23855972290039062,-0.17734909057617188,-0.17587661743164062
1017_0.91_1.44.png,0.011035919189453125,-0.017852783203125,0.028888702392578125,-0.005779266357421875,0.006984710693359375,-0.017852783203125
1019_0.82_1.87.png,0.06810379028320312,0.05120086669921875,0.016902923583984375,0.07371139526367188,0.050525665283203125,0.05120086669921875
1035_0.76_1.14.png,0.026996612548828125,0.045013427734375,-0.018016815185546875,0.046863555908203125,0.012939453125,0.045013427734375
1038_0.87_1.29.png,-0.024120330810546875,-0.05031585693359375,0.026195526123046875,-0.028705596923828125,-0.02838134765625,-0.05031585693359375
1039_0.79_1.79.png,-0.041515350341796875,-0.07358932495117188,0.032073974609375,-0.04150390625,-0.047138214111328125,-0.07358932495117188
1040_0.78_2.0.png,-0.02628326416015625,-0.05742835998535156,0.031145095825195312,-0.02805328369140625,-0.037487030029296875,-0.05742835998535156
1049_0.97_1.09.png,0.015689849853515625,0.00098419189453125,0.014705657958984375,0.005756378173828125,0.00787353515625,0.00098419189453125
104_0.88_1.76.png,-0.22405052185058594,-0.1814594268798828,-0.042591094970703125,-0.21723365783691406,-0.2242565155029297,-0.1814594268798828
1063_0.51_1.61.png,-0.2065887451171875,-0.1637115478515625,-0.042877197265625,-0.22916030883789062,-0.21416854858398438,-0.1637115478515625
1069_0.66_1.4.png,-0.1938018798828125,-0.12591552734375,-0.0678863525390625,-0.23114013671875,-0.18633651733398438,-0.12591552734375
1072_0.58_0.58.png,-0.015575408935546875,0.08960723876953125,-0.10518264770507812,-0.0325164794921875,0.00302886962890625,0.08960723876953125
1079_0.77_1.21.png,0.07607650756835938,0.09233474731445312,-0.01625823974609375,0.058803558349609375,0.07992172241210938,0.09233474731445312
108_0.96_0.98.png,-0.0073757171630859375,-0.0370025634765625,0.029626846313476562,-0.022687911987304688,-0.017778396606445312,-0.0370025634765625
1090_0.54_0.58.png,-0.16078567504882812,-0.044597625732421875,-0.11618804931640625,-0.17454910278320312,-0.10941314697265625,-0.044597625732421875
1098_0.8_0.51.png,0.039470672607421875,0.040576934814453125,-0.00110626220703125,0.056793212890625,0.025753021240234375,0.040576934814453125
1104_0.89_1.59.png,0.10182952880859375,0.1024169921875,-0.00058746337890625,0.08549880981445312,0.09284591674804688,0.1024169921875
1108_0.58_1.2.png,-0.05245208740234375,-0.009098052978515625,-0.043354034423828125,0.01123809814453125,-0.045841217041015625,-0.009098052978515625
1116_0.63_1.62.png,0.09566879272460938,0.14384078979492188,-0.0481719970703125,0.12913131713867188,0.10841751098632812,0.14384078979492188
1121_0.88_0.92.png,-0.03072357177734375,-0.024143218994140625,-0.006580352783203125,-0.031940460205078125,-0.04248046875,-0.024143218994140625
1124_0.74_1.17.png,0.13805389404296875,0.169921875,-0.03186798095703125,0.17418670654296875,0.1334686279296875,0.169921875
1125_0.72_1.76.png,0.269012451171875,0.2817497253417969,-0.012737274169921875,0.24275970458984375,0.24968338012695312,0.2817497253417969
1126_0.73_0.82.png,-0.04897308349609375,-0.053707122802734375,0.004734039306640625,-0.081329345703125,-0.04965972900390625,-0.053707122802734375
1127_0.91_0.61.png,-0.02326202392578125,-0.1225128173828125,0.09925079345703125,-0.026340484619140625,-0.05283355712890625,-0.1225128173828125
1133_0.68_1.41.png,0.0209197998046875,-0.014404296875,0.0353240966796875,-0.004230499267578125,0.0256500244140625,-0.014404296875
1134_0.69_1.2.png,0.059192657470703125,0.02622222900390625,0.032970428466796875,0.041164398193359375,0.06361770629882812,0.02622222900390625
1139_0.58_1.05.png,0.3864288330078125,0.3916358947753906,-0.005207061767578125,0.4854774475097656,0.3599205017089844,0.3916358947753906
113_0.65_1.81.png,-0.16820907592773438,-0.175048828125,0.006839752197265625,-0.23383712768554688,-0.17615890502929688,-0.175048828125
1147_0.56_1.1.png,-0.10932159423828125,-0.09585952758789062,-0.013462066650390625,-0.18696975708007812,-0.09207916259765625,-0.09585952758789062
1152_0.65_1.76.png,0.22592544555664062,0.22443389892578125,0.001491546630859375,0.2828330993652344,0.23218536376953125,0.22443389892578125
1154_0.96_0.62.png,-0.01575469970703125,-0.01380157470703125,-0.001953125,-0.015911102294921875,-0.018497467041015625,-0.01380157470703125
1155_0.63_1.27.png,0.3154296875,0.35894012451171875,-0.04351043701171875,0.33956146240234375,0.29033660888671875,0.35894012451171875
1157_0.56_1.98.png,0.47638702392578125,0.49005126953125,-0.01366424560546875,0.6581344604492188,0.4595680236816406,0.49005126953125
1163_0.95_1.89.png,-0.16962432861328125,-0.0927276611328125,-0.07689666748046875,-0.17632293701171875,-0.17563247680664062,-0.0927276611328125
1164_0.79_1.96.png,-0.4564056396484375,-0.3523063659667969,-0.10409927368164062,-0.4065704345703125,-0.399932861328125,-0.3523063659667969
1167_0.95_0.68.png,0.13459014892578125,0.1153564453125,0.01923370361328125,0.1110382080078125,0.12873458862304688,0.1153564453125
1174_0.74_1.33.png,-0.11114120483398438,-0.13558578491210938,0.024444580078125,-0.13152313232421875,-0.13535690307617188,-0.13558578491210938
1178_0.68_0.85.png,0.07689285278320312,0.11548233032226562,-0.0385894775390625,0.084991455078125,0.05376434326171875,0.11548233032226562
1182_0.63_1.77.png,0.008617401123046875,0.013713836669921875,-0.005096435546875,0.05829620361328125,0.0072021484375,0.013713836669921875
118_0.72_0.71.png,-0.02890777587890625,-0.09833526611328125,0.069427490234375,-0.060894012451171875,-0.03235626220703125,-0.09833526611328125
1195_0.65_1.61.png,-0.16724395751953125,-0.13349533081054688,-0.033748626708984375,-0.2551078796386719,-0.15552902221679688,-0.13349533081054688
1199_0.86_0.65.png,0.11965560913085938,0.12547683715820312,-0.00582122802734375,0.10810089111328125,0.08945846557617188,0.12547683715820312
1207_0.7_1.43.png,0.010272979736328125,0.03661346435546875,-0.026340484619140625,0.024631500244140625,0.00023651123046875,0.03661346435546875
1216_0.65_1.09.png,-0.16553878784179688,-0.14352798461914062,-0.02201080322265625,-0.25168609619140625,-0.15368270874023438,-0.14352798461914062
1217_0.82_0.83.png,0.0505218505859375,0.06601333618164062,-0.015491485595703125,-0.0008392333984375,0.04137420654296875,0.06601333618164062
1220_0.82_1.9.png,0.03422737121582031,0.04921531677246094,-0.014987945556640625,0.03185844421386719,0.03439903259277344,0.04921531677246094
1226_0.82_0.78.png,-0.0979156494140625,-0.017101287841796875,-0.08081436157226562,-0.150604248046875,-0.06334304809570312,-0.017101287841796875
1232_0.77_0.99.png,-0.4311790466308594,-0.3839569091796875,-0.047222137451171875,-0.4882698059082031,-0.4141349792480469,-0.3839569091796875
1233_0.54_0.63.png,-0.15041732788085938,-0.14946365356445312,-0.00095367431640625,-0.18336868286132812,-0.13955307006835938,-0.14946365356445312
1246_0.62_2.0.png,0.13853073120117188,0.13139724731445312,0.00713348388671875,0.13616943359375,0.13057708740234375,0.13139724731445312
1267_0.75_1.55.png,0.5192184448242188,0.5264053344726562,-0.0071868896484375,0.6161346435546875,0.49259185791015625,0.5264053344726562
1270_0.74_1.52.png,-0.0842742919921875,-0.03151702880859375,-0.05275726318359375,-0.12268829345703125,-0.07219314575195312,-0.03151702880859375
1275_0.54_1.73.png,0.055469512939453125,0.06795120239257812,-0.012481689453125,0.14029312133789062,0.033473968505859375,0.06795120239257812
1284_0.58_1.58.png,0.2907752990722656,0.3056602478027344,-0.01488494873046875,0.3994255065917969,0.2836647033691406,0.3056602478027344
1290_0.95_1.76.png,0.15140533447265625,0.16339874267578125,-0.011993408203125,0.15517044067382812,0.146942138671875,0.16339874267578125
12_0.9_1.75.png,-0.087158203125,-0.01558685302734375,-0.07157135009765625,-0.14817428588867188,-0.0830841064453125,-0.01558685302734375
1307_0.92_1.87.png,-0.0117950439453125,0.0395965576171875,-0.0513916015625,-0.1025238037109375,-0.004184722900390625,0.0395965576171875
1310_0.53_1.28.png,0.07315444946289062,0.060894012451171875,0.01226043701171875,0.034389495849609375,0.041881561279296875,0.060894012451171875
1323_0.89_0.88.png,0.06970977783203125,0.1105499267578125,-0.04084014892578125,-0.02338409423828125,0.08850860595703125,0.1105499267578125
1324_0.55_1.43.png,0.0312652587890625,0.057636260986328125,-0.026371002197265625,-0.0197906494140625,0.041248321533203125,0.057636260986328125
1333_0.79_1.62.png,-0.06017303466796875,-0.12794876098632812,0.06777572631835938,-0.09510421752929688,-0.09221649169921875,-0.12794876098632812
1338_0.83_1.25.png,0.0224761962890625,0.02771759033203125,-0.00524139404296875,-0.028167724609375,0.022243499755859375,0.02771759033203125
1339_0.65_1.47.png,0.14087295532226562,0.16674041748046875,-0.025867462158203125,0.1158447265625,0.15004730224609375,0.16674041748046875
133_0.75_1.91.png,0.0046634674072265625,0.04473304748535156,-0.040069580078125,-0.06369400024414062,0.010690689086914062,0.04473304748535156
1348_0.85_0.74.png,0.209747314453125,0.23931884765625,-0.029571533203125,0.22128677368164062,0.20299148559570312,0.23931884765625
1349_0.94_1.22.png,-0.0536651611328125,-0.0867156982421875,0.033050537109375,-0.07908821105957031,-0.06339454650878906,-0.0867156982421875
1354_0.79_1.67.png,-0.0406646728515625,0.01332855224609375,-0.05399322509765625,-0.079833984375,-0.032958984375,0.01332855224609375
1357_0.64_1.26.png,-0.21171951293945312,-0.2534980773925781,0.041778564453125,-0.2607002258300781,-0.23096847534179688,-0.2534980773925781
1359_0.92_1.46.png,0.02048492431640625,0.009765625,0.01071929931640625,-0.00193023681640625,0.016815185546875,0.009765625
135_0.95_0.78.png,0.04663848876953125,0.0570526123046875,-0.01041412353515625,-0.032497406005859375,0.0232391357421875,0.0570526123046875
1376_0.65_1.6.png,-0.010456085205078125,0.0255279541015625,-0.035984039306640625,-0.0598297119140625,-0.021514892578125,0.0255279541015625
1381_0.96_0.82.png,0.026630401611328125,-0.014957427978515625,0.04158782958984375,-0.03418731689453125,-0.000766754150390625,-0.014957427978515625
1383_0.75_0.81.png,-0.0355224609375,-0.07395172119140625,0.03842926025390625,-0.09667587280273438,-0.047664642333984375,-0.07395172119140625
1392_0.87_0.83.png,-0.000942230224609375,0.00672149658203125,-0.007663726806640625,-0.00029754638671875,-0.00473785400390625,0.00672149658203125
1395_0.71_1.8.png,0.18915557861328125,0.21741867065429688,-0.028263092041015625,0.20174789428710938,0.18993377685546875,0.21741867065429688
1397_0.94_0.79.png,0.06121063232421875,0.0848541259765625,-0.02364349365234375,0.03253936767578125,0.0517120361328125,0.0848541259765625
1399_0.81_0.95.png,0.21997451782226562,0.25008392333984375,-0.030109405517578125,0.24564743041992188,0.22362518310546875,0.25008392333984375
1401_0.77_1.54.png,0.09636688232421875,0.12233734130859375,-0.025970458984375,0.050235748291015625,0.0782623291015625,0.12233734130859375
140_0.99_1.0.png,-0.018138885498046875,-0.0494384765625,0.031299591064453125,-0.015857696533203125,-0.02608489990234375,-0.0494384765625
1416_0.95_1.15.png,0.061870574951171875,0.08298873901367188,-0.0211181640625,-0.018035888671875,0.024906158447265625,0.08298873901367188
1417_0.88_0.75.png,-0.0059967041015625,-0.02893829345703125,0.02294158935546875,-0.0201416015625,-0.01654052734375,-0.02893829345703125
1418_0.79_1.51.png,-0.039684295654296875,-0.058135986328125,0.018451690673828125,-0.06927871704101562,-0.04572296142578125,-0.058135986328125
1423_0.68_1.59.png,-0.015132904052734375,0.004974365234375,-0.020107269287109375,-0.033538818359375,0.003238677978515625,0.004974365234375
1425_0.84_1.75.png,-0.5344314575195312,-0.5518722534179688,0.0174407958984375,-0.5432395935058594,-0.5316314697265625,-0.5518722534179688
1428_0.86_1.18.png,-0.30963897705078125,-0.3355293273925781,0.025890350341796875,-0.3261260986328125,-0.3108940124511719,-0.3355293273925781
1431_0.81_0.84.png,0.01134490966796875,0.056797027587890625,-0.045452117919921875,-0.054412841796875,0.020915985107421875,0.056797027587890625
1434_0.83_1.44.png,0.06691360473632812,0.050586700439453125,0.016326904296875,0.08135223388671875,0.06772232055664062,0.050586700439453125
1436_0.66_1.76.png,0.15663909912109375,0.20803070068359375,-0.0513916015625,0.16874313354492188,0.1845245361328125,0.20803070068359375
1437_0.74_1.01.png,0.15293502807617188,0.17377471923828125,-0.020839691162109375,0.18456268310546875,0.15332794189453125,0.17377471923828125
1441_0.58_1.73.png,-0.3052520751953125,-0.25640106201171875,-0.04885101318359375,-0.3975791931152344,-0.3221321105957031,-0.25640106201171875
1442_0.62_0.81.png,-0.28379058837890625,-0.21936798095703125,-0.064422607421875,-0.3837928771972656,-0.29864501953125,-0.21936798095703125
1444_0.58_1.95.png,-0.281982421875,-0.24052810668945312,-0.041454315185546875,-0.3615989685058594,-0.2666778564453125,-0.24052810668945312
1447_0.8_1.55.png,0.10677337646484375,0.1686859130859375,-0.06191253662109375,0.098846435546875,0.1281890869140625,0.1686859130859375
1463_1.0_1.22.png,0.14883041381835938,0.13026809692382812,0.01856231689453125,0.13637542724609375,0.142242431640625,0.13026809692382812
1468_0.81_0.54.png,0.07918548583984375,0.07307815551757812,0.006107330322265625,0.16829681396484375,0.07885360717773438,0.07307815551757812
146_0.96_1.51.png,0.006622314453125,-0.022006988525390625,0.028629302978515625,-0.025968551635742188,-0.010519027709960938,-0.022006988525390625
1482_0.59_1.05.png,-0.3959770202636719,-0.3774299621582031,-0.01854705810546875,-0.609619140625,-0.3902168273925781,-0.3774299621582031
1484_0.75_0.81.png,-0.24416732788085938,-0.23499298095703125,-0.009174346923828125,-0.42852020263671875,-0.23111343383789062,-0.23499298095703125
1486_0.98_1.1.png,-0.168212890625,-0.1833648681640625,0.0151519775390625,-0.10918426513671875,-0.16986465454101562,-0.1833648681640625
1487_0.99_1.08.png,-0.12289047241210938,-0.13165283203125,0.008762359619140625,-0.057529449462890625,-0.12950897216796875,-0.13165283203125
1505_0.8_0.86.png,0.254547119140625,0.30596160888671875,-0.05141448974609375,0.2236785888671875,0.25550079345703125,0.30596160888671875
1507_0.87_0.95.png,0.13479995727539062,0.17256546020507812,-0.0377655029296875,0.10447311401367188,0.14601516723632812,0.17256546020507812
1510_0.72_1.09.png,0.07343292236328125,0.057247161865234375,0.016185760498046875,0.08249664306640625,0.058406829833984375,0.057247161865234375
1551_0.97_1.18.png,-0.013210296630859375,-0.015300750732421875,0.0020904541015625,-0.02796173095703125,-0.016269683837890625,-0.015300750732421875
1563_0.95_1.85.png,0.1165771484375,0.1103057861328125,0.0062713623046875,0.09186935424804688,0.11544418334960938,0.1103057861328125
1564_0.56_1.56.png,0.1292266845703125,0.14645767211914062,-0.017230987548828125,0.17594528198242188,0.13814163208007812,0.14645767211914062
157_0.81_1.26.png,0.019733428955078125,0.010898590087890625,0.0088348388671875,-0.03598785400390625,-0.00038909912109375,0.010898590087890625
1587_0.73_1.54.png,0.0758056640625,0.09354019165039062,-0.017734527587890625,0.0644073486328125,0.07971954345703125,0.09354019165039062
1588_0.93_1.69.png,0.051788330078125,0.06853485107421875,-0.01674652099609375,0.025646209716796875,0.050079345703125,0.06853485107421875
158_0.56_1.42.png,0.16425323486328125,0.19460296630859375,-0.0303497314453125,0.15907669067382812,0.17087554931640625,0.19460296630859375
1590_0.78_0.63.png,-0.046154022216796875,-0.08575439453125,0.039600372314453125,-0.0027313232421875,-0.01922607421875,-0.08575439453125
1594_0.71_0.5.png,0.041355133056640625,0.009044647216796875,0.03231048583984375,0.06807708740234375,0.035175323486328125,0.009044647216796875
1603_0.54_0.74.png,0.18682861328125,0.21985244750976562,-0.033023834228515625,0.21432113647460938,0.19622039794921875,0.21985244750976562
1605_1.0_1.37.png,0.0347137451171875,0.03128814697265625,0.00342559814453125,0.023807525634765625,0.027194976806640625,0.03128814697265625
1611_0.9_1.98.png,0.036346435546875,0.026096343994140625,0.010250091552734375,0.026294708251953125,0.0309906005859375,0.026096343994140625
1614_0.81_0.78.png,0.16658782958984375,0.20037841796875,-0.03379058837890625,0.19378280639648438,0.14966201782226562,0.20037841796875
1623_0.78_1.81.png,-0.005268096923828125,0.020137786865234375,-0.0254058837890625,-0.03961944580078125,0.002887725830078125,0.020137786865234375
1626_0.53_1.25.png,-0.3968658447265625,-0.4241218566894531,0.027256011962890625,-0.38246917724609375,-0.3436851501464844,-0.4241218566894531
1628_0.8_1.49.png,0.003353118896484375,0.00344085693359375,-8.7738037109375e-05,0.004852294921875,0.00234222412109375,0.00344085693359375
162_0.75_0.98.png,-0.0176544189453125,-0.002307891845703125,-0.015346527099609375,0.002933502197265625,-0.039379119873046875,-0.002307891845703125
1638_0.83_1.06.png,0.01065826416015625,0.0385894775390625,-0.02793121337890625,0.0059661865234375,0.01712799072265625,0.0385894775390625
1643_0.77_0.66.png,0.47611236572265625,0.49515533447265625,-0.01904296875,0.49155426025390625,0.466156005859375,0.49515533447265625
1645_0.87_1.02.png,-0.039501190185546875,-0.01415252685546875,-0.025348663330078125,-0.03661346435546875,-0.01186370849609375,-0.01415252685546875
1647_0.89_1.55.png,0.02878570556640625,0.04602813720703125,-0.017242431640625,0.020305633544921875,0.05014801025390625,0.04602813720703125
1653_0.9_1.01.png,0.08669281005859375,0.07588577270507812,0.010807037353515625,0.07686233520507812,0.0773468017578125,0.07588577270507812
1655_0.54_1.38.png,-0.3475837707519531,-0.3568763732910156,0.0092926025390625,-0.3470001220703125,-0.28958892822265625,-0.3568763732910156
166_0.58_1.66.png,0.10799789428710938,0.18405532836914062,-0.07605743408203125,0.12692642211914062,0.14256668090820312,0.18405532836914062
1672_0.86_1.68.png,-0.0289154052734375,-0.010616302490234375,-0.018299102783203125,-0.0619659423828125,-0.051525115966796875,-0.010616302490234375
1678_0.95_0.64.png,0.02518463134765625,0.0222320556640625,0.00295257568359375,0.02973175048828125,0.027400970458984375,0.0222320556640625
1680_0.79_1.69.png,0.018619537353515625,0.042087554931640625,-0.023468017578125,0.030529022216796875,0.023700714111328125,0.042087554931640625
1681_0.98_1.69.png,-0.023532867431640625,-0.0192718505859375,-0.004261016845703125,-0.024372100830078125,-0.015804290771484375,-0.0192718505859375
1684_0.61_1.24.png,0.1175994873046875,0.12237930297851562,-0.004779815673828125,0.1634674072265625,0.11248016357421875,0.12237930297851562
1685_0.79_1.99.png,0.08506011962890625,0.10396194458007812,-0.018901824951171875,0.09720993041992188,0.08687210083007812,0.10396194458007812
1688_0.94_1.37.png,0.06981658935546875,0.08685684204101562,-0.017040252685546875,0.057277679443359375,0.06835556030273438,0.08685684204101562
1693_0.51_1.03.png,-0.229888916015625,-0.23007965087890625,0.00019073486328125,-0.2299041748046875,-0.22478103637695312,-0.23007965087890625
1697_0.87_1.23.png,-0.00507354736328125,0.023006439208984375,-0.028079986572265625,0.01058197021484375,0.002246856689453125,0.023006439208984375
1702_0.69_0.67.png,0.10070419311523438,0.13817977905273438,-0.0374755859375,0.09785842895507812,0.09912872314453125,0.13817977905273438
1712_0.9_0.74.png,0.008880615234375,0.02588653564453125,-0.01700592041015625,0.008014678955078125,0.0154876708984375,0.02588653564453125
1718_0.92_1.01.png,0.038188934326171875,0.041133880615234375,-0.0029449462890625,0.0300140380859375,0.037845611572265625,0.041133880615234375
1726_0.54_0.7.png,-0.09281539916992188,-0.10211944580078125,0.009304046630859375,-0.10747909545898438,-0.07990646362304688,-0.10211944580078125
1729_0.85_0.57.png,-0.03627777099609375,-0.04744720458984375,0.01116943359375,-0.03435516357421875,-0.03694915771484375,-0.04744720458984375
1731_0.84_1.3.png,-0.0415496826171875,-0.046142578125,0.0045928955078125,-0.04045867919921875,-0.03914642333984375,-0.046142578125
1732_0.87_0.59.png,-0.026828765869140625,-0.031650543212890625,0.00482177734375,-0.0243988037109375,-0.023921966552734375,-0.031650543212890625
1735_0.72_0.9.png,0.06475830078125,0.11077117919921875,-0.04601287841796875,0.05490875244140625,0.05971527099609375,0.11077117919921875
1737_0.98_0.6.png,0.011241912841796875,-0.004749298095703125,0.0159912109375,0.004154205322265625,-0.000995635986328125,-0.004749298095703125
1742_0.9_1.59.png,-0.02799224853515625,-0.007537841796875,-0.02045440673828125,-0.05780792236328125,-0.024013519287109375,-0.007537841796875
1747_0.63_1.37.png,0.2876472473144531,0.3179969787597656,-0.0303497314453125,0.3008575439453125,0.2833976745605469,0.3179969787597656
1749_0.73_1.97.png,0.039234161376953125,0.046855926513671875,-0.00762176513671875,0.042881011962890625,0.030689239501953125,0.046855926513671875
1750_0.82_1.35.png,-0.028209686279296875,-0.0367431640625,0.008533477783203125,-0.047016143798828125,-0.04444122314453125,-0.0367431640625
1752_0.83_1.89.png,0.0302276611328125,0.034191131591796875,-0.003963470458984375,0.022823333740234375,0.0215301513671875,0.034191131591796875
1753_0.96_1.66.png,0.1007232666015625,0.09557342529296875,0.00514984130859375,0.09787750244140625,0.09814834594726562,0.09557342529296875
1758_0.81_1.38.png,0.037021636962890625,0.028018951416015625,0.009002685546875,0.018444061279296875,0.019809722900390625,0.028018951416015625
1762_0.95_0.95.png,0.146514892578125,0.15744400024414062,-0.010929107666015625,0.06760025024414062,0.1271209716796875,0.15744400024414062
1767_0.55_0.58.png,-0.5629005432128906,-0.6100578308105469,0.04715728759765625,-0.6055374145507812,-0.5369186401367188,-0.6100578308105469
1772_0.62_1.44.png,0.37233734130859375,0.3754997253417969,-0.003162384033203125,0.4660072326660156,0.3515052795410156,0.3754997253417969
1786_0.64_1.19.png,0.4127197265625,0.43952178955078125,-0.02680206298828125,0.44378662109375,0.3689918518066406,0.43952178955078125
1792_0.62_1.77.png,-0.0533447265625,-0.033946990966796875,-0.019397735595703125,-0.07891845703125,-0.049549102783203125,-0.033946990966796875
1793_0.92_1.79.png,-0.01021575927734375,0.019748687744140625,-0.029964447021484375,-0.0088653564453125,-0.011486053466796875,0.019748687744140625
1794_0.54_1.25.png,-0.030193328857421875,-0.02368927001953125,-0.006504058837890625,-0.024261474609375,-0.0256195068359375,-0.02368927001953125
1796_0.93_0.58.png,-0.031829833984375,-0.014499664306640625,-0.017330169677734375,0.000278472900390625,0.00133514404296875,-0.014499664306640625
1807_0.72_1.36.png,0.14324951171875,0.1882476806640625,-0.0449981689453125,0.052944183349609375,0.16606903076171875,0.1882476806640625
1812_0.63_1.78.png,-0.2822151184082031,-0.2866325378417969,0.00441741943359375,-0.3179359436035156,-0.274017333984375,-0.2866325378417969
1838_0.88_0.63.png,0.019519805908203125,0.023204803466796875,-0.00368499755859375,-0.010227203369140625,0.020694732666015625,0.023204803466796875
1840_0.94_1.56.png,0.0427093505859375,0.07814407348632812,-0.035434722900390625,-0.02500152587890625,0.040058135986328125,0.07814407348632812
1842_0.88_0.62.png,-0.016597747802734375,-0.02545928955078125,0.008861541748046875,-0.031620025634765625,-0.00809478759765625,-0.02545928955078125
1843_0.68_1.88.png,-0.0513458251953125,-0.047328948974609375,-0.004016876220703125,-0.10810089111328125,-0.0512237548828125,-0.047328948974609375
1851_0.7_1.14.png,0.45648956298828125,0.4820404052734375,-0.02555084228515625,0.6235389709472656,0.4383888244628906,0.4820404052734375
1852_0.7_0.65.png,0.5858879089355469,0.6259765625,-0.040088653564453125,0.7575302124023438,0.5327911376953125,0.6259765625
1855_0.9_1.32.png,-0.024585723876953125,-0.052783966064453125,0.0281982421875,-0.015872955322265625,-0.033855438232421875,-0.052783966064453125
1857_0.87_1.23.png,0.13051223754882812,0.15315628051757812,-0.02264404296875,0.06995010375976562,0.12359237670898438,0.15315628051757812
186_0.61_0.89.png,-0.396453857421875,-0.39423370361328125,-0.00222015380859375,-0.5397071838378906,-0.376983642578125,-0.39423370361328125
1874_0.85_0.87.png,0.039417266845703125,0.07980728149414062,-0.0403900146484375,0.029781341552734375,0.056118011474609375,0.07980728149414062
1877_0.68_1.05.png,0.4854087829589844,0.5491790771484375,-0.06377029418945312,0.68023681640625,0.47821044921875,0.5491790771484375
1882_0.84_1.36.png,-0.0330352783203125,-0.058948516845703125,0.025913238525390625,-0.07350921630859375,-0.054698944091796875,-0.058948516845703125
1883_0.72_1.0.png,0.08338546752929688,0.11634445190429688,-0.032958984375,0.07568740844726562,0.08464813232421875,0.11634445190429688
1884_0.78_0.61.png,0.06175994873046875,0.0727691650390625,-0.01100921630859375,0.03633880615234375,0.0476226806640625,0.0727691650390625
1885_0.54_0.83.png,0.25769805908203125,0.3282966613769531,-0.07059860229492188,0.2527275085449219,0.2644920349121094,0.3282966613769531
1886_0.89_1.66.png,0.047489166259765625,0.07005691528320312,-0.0225677490234375,0.03823089599609375,0.047458648681640625,0.07005691528320312
1890_0.83_1.44.png,0.037609100341796875,0.0716705322265625,-0.034061431884765625,0.04888153076171875,0.03008270263671875,0.0716705322265625
1893_0.53_1.29.png,-1.126373291015625,-1.1718673706054688,0.04549407958984375,-1.1705703735351562,-1.1182632446289062,-1.1718673706054688
1899_0.89_1.0.png,0.0680999755859375,0.08742523193359375,-0.01932525634765625,0.02342987060546875,0.06787872314453125,0.08742523193359375
1901_0.77_1.18.png,0.06663894653320312,0.09355926513671875,-0.026920318603515625,0.085968017578125,0.06902313232421875,0.09355926513671875
1904_0.58_0.8.png,0.3168525695800781,0.3667335510253906,-0.0498809814453125,0.3920097351074219,0.3245391845703125,0.3667335510253906
1906_0.74_1.79.png,-0.061550140380859375,-0.047031402587890625,-0.01451873779296875,-0.07648849487304688,-0.056377410888671875,-0.047031402587890625
1917_0.96_1.37.png,0.058597564697265625,0.05782318115234375,0.000774383544921875,0.0239715576171875,0.051296234130859375,0.05782318115234375
1919_0.59_0.94.png,0.044795989990234375,0.003498077392578125,0.04129791259765625,0.044757843017578125,0.029224395751953125,0.003498077392578125
1924_0.98_1.93.png,0.0726165771484375,0.08043670654296875,-0.00782012939453125,0.06496810913085938,0.06912994384765625,0.08043670654296875
1927_0.78_0.54.png,0.197723388671875,0.21289825439453125,-0.01517486572265625,0.21303939819335938,0.17393875122070312,0.21289825439453125
192_0.61_1.48.png,-0.1938018798828125,-0.1107025146484375,-0.083099365234375,-0.18906402587890625,-0.15074539184570312,-0.1107025146484375
1931_0.68_1.21.png,0.21030426025390625,0.23540496826171875,-0.0251007080078125,0.21222305297851562,0.21601486206054688,0.23540496826171875
1944_0.99_1.3.png,-0.08438491821289062,-0.09424591064453125,0.009860992431640625,-0.12298583984375,-0.1045074462890625,-0.09424591064453125
1950_0.98_1.54.png,0.058238983154296875,0.07872390747070312,-0.02048492431640625,-0.00388336181640625,0.021942138671875,0.07872390747070312
1954_0.97_1.98.png,-0.1179351806640625,-0.11279678344726562,-0.005138397216796875,-0.14538955688476562,-0.14664840698242188,-0.11279678344726562
195_0.71_1.76.png,-0.0086517333984375,0.00081634521484375,-0.00946807861328125,-0.065521240234375,-0.024364471435546875,0.00081634521484375
1967_0.84_0.81.png,0.0490570068359375,0.05951690673828125,-0.01045989990234375,0.0254974365234375,0.05141448974609375,0.05951690673828125
1972_0.6_0.84.png,0.05515289306640625,0.059421539306640625,-0.004268646240234375,0.0836944580078125,0.04813385009765625,0.059421539306640625
1975_0.78_0.62.png,0.15012359619140625,0.13442611694335938,0.015697479248046875,0.16824722290039062,0.1728668212890625,0.13442611694335938
1982_0.99_1.89.png,0.02791595458984375,0.04840850830078125,-0.0204925537109375,-0.02790069580078125,-0.002349853515625,0.04840850830078125
1984_0.63_0.55.png,0.1849822998046875,0.20320510864257812,-0.018222808837890625,0.17934799194335938,0.15277862548828125,0.20320510864257812
1985_0.57_1.93.png,0.15739822387695312,0.17280960083007812,-0.015411376953125,0.3022499084472656,0.1484832763671875,0.17280960083007812
1988_0.94_1.22.png,0.1367645263671875,0.13479232788085938,0.001972198486328125,0.14208984375,0.141387939453125,0.13479232788085938
1989_0.63_0.82.png,0.2505073547363281,0.27202606201171875,-0.021518707275390625,0.33768463134765625,0.24487686157226562,0.27202606201171875
198_0.7_0.56.png,-0.07642364501953125,-0.1324310302734375,0.05600738525390625,-0.14459228515625,-0.06791305541992188,-0.1324310302734375
1997_0.71_1.74.png,0.06303787231445312,0.06980133056640625,-0.006763458251953125,0.11231231689453125,0.077972412109375,0.06980133056640625
1998_0.9_0.95.png,0.04970550537109375,0.05089569091796875,-0.001190185546875,0.058689117431640625,0.04985809326171875,0.05089569091796875
2004_0.95_1.57.png,0.025371551513671875,0.034488677978515625,-0.00911712646484375,-0.002227783203125,0.030101776123046875,0.034488677978515625
2016_0.66_1.25.png,-0.25209808349609375,-0.31089019775390625,0.0587921142578125,-0.29651641845703125,-0.26869964599609375,-0.31089019775390625
201_0.77_0.89.png,0.082244873046875,0.11193466186523438,-0.029689788818359375,0.02384185791015625,0.053680419921875,0.11193466186523438
2020_0.68_0.87.png,-0.107147216796875,-0.12095260620117188,0.013805389404296875,-0.095184326171875,-0.08319854736328125,-0.12095260620117188
2022_0.74_1.71.png,0.045269012451171875,0.0837554931640625,-0.038486480712890625,0.08356857299804688,0.039890289306640625,0.0837554931640625
2028_0.98_1.27.png,0.06302261352539062,0.04122161865234375,0.021800994873046875,0.098907470703125,0.059112548828125,0.04122161865234375
2031_0.78_1.8.png,-0.007266998291015625,0.016384124755859375,-0.023651123046875,-0.027126312255859375,0.008144378662109375,0.016384124755859375
2035_0.56_1.32.png,-0.3083457946777344,-0.3584175109863281,0.05007171630859375,-0.3648490905761719,-0.3169441223144531,-0.3584175109863281
2044_0.97_0.55.png,-0.00107574462890625,-0.019989013671875,0.01891326904296875,-0.034637451171875,-0.0142059326171875,-0.019989013671875
2049_0.54_1.16.png,-0.09888839721679688,-0.07326889038085938,-0.0256195068359375,-0.15625381469726562,-0.07966232299804688,-0.07326889038085938
2062_0.98_0.6.png,0.3515052795410156,0.3729896545410156,-0.021484375,0.29638671875,0.3193321228027344,0.3729896545410156
206_0.61_1.6.png,0.01541900634765625,0.035907745361328125,-0.020488739013671875,0.020290374755859375,0.035526275634765625,0.035907745361328125
2070_0.86_0.78.png,-0.1064910888671875,-0.0946044921875,-0.0118865966796875,-0.11272048950195312,-0.09462356567382812,-0.0946044921875
2073_0.87_1.93.png,0.07860565185546875,0.08888626098632812,-0.010280609130859375,0.082672119140625,0.07484817504882812,0.08888626098632812
2074_0.71_0.74.png,0.17352676391601562,0.19356536865234375,-0.020038604736328125,0.216033935546875,0.1583099365234375,0.19356536865234375
2075_0.73_2.0.png,0.13984298706054688,0.15980911254882812,-0.01996612548828125,0.20247268676757812,0.15134429931640625,0.15980911254882812
2076_0.85_1.77.png,0.07178115844726562,0.08356857299804688,-0.01178741455078125,0.07514190673828125,0.053485870361328125,0.08356857299804688
2081_0.8_1.57.png,0.06864547729492188,0.058734893798828125,0.00991058349609375,0.08873748779296875,0.07843780517578125,0.058734893798828125
2090_0.94_0.78.png,-0.0367584228515625,-0.013092041015625,-0.0236663818359375,-0.11350631713867188,-0.06576919555664062,-0.013092041015625
2091_0.7_0.84.png,0.018650054931640625,0.03682708740234375,-0.018177032470703125,-0.033710479736328125,-0.03621673583984375,0.03682708740234375
2093_0.79_1.1.png,0.10405349731445312,0.16291046142578125,-0.058856964111328125,0.12117767333984375,0.11771774291992188,0.16291046142578125
2094_0.56_1.05.png,0.10709381103515625,0.16871261596679688,-0.061618804931640625,0.124847412109375,0.128936767578125,0.16871261596679688
2095_0.85_1.67.png,0.06500625610351562,0.09189987182617188,-0.02689361572265625,0.07240676879882812,0.065399169921875,0.09189987182617188
2100_0.76_0.76.png,0.06837081909179688,0.07265090942382812,-0.00428009033203125,0.07020950317382812,0.06309890747070312,0.07265090942382812
2106_0.53_0.55.png,-0.04572296142578125,-0.01750946044921875,-0.0282135009765625,-0.06749725341796875,-0.0600738525390625,-0.01750946044921875
2113_0.55_1.43.png,0.2540702819824219,0.2735786437988281,-0.01950836181640625,0.3569297790527344,0.2589073181152344,0.2735786437988281
2115_0.75_1.52.png,0.20359420776367188,0.2255706787109375,-0.021976470947265625,0.29763031005859375,0.20638275146484375,0.2255706787109375
2116_0.73_1.74.png,0.21799468994140625,0.23937225341796875,-0.0213775634765625,0.3240318298339844,0.21189498901367188,0.23937225341796875
211_0.63_0.82.png,-0.19513320922851562,-0.19861984252929688,0.00348663330078125,-0.2594184875488281,-0.16695785522460938,-0.19861984252929688
2126_0.75_0.91.png,0.22896957397460938,0.2606849670410156,-0.03171539306640625,0.2732963562011719,0.18745803833007812,0.2606849670410156
2129_0.8_0.51.png,-0.14011383056640625,-0.167327880859375,0.02721405029296875,-0.1548614501953125,-0.12474822998046875,-0.167327880859375
2135_0.51_1.0.png,0.2886543273925781,0.30919647216796875,-0.020542144775390625,0.3424339294433594,0.3008384704589844,0.30919647216796875
2137_0.57_1.38.png,0.43773651123046875,0.469573974609375,-0.03183746337890625,0.6012802124023438,0.4478797912597656,0.469573974609375
2144_0.54_1.03.png,0.3026275634765625,0.34955596923828125,-0.04692840576171875,0.3687896728515625,0.2743415832519531,0.34955596923828125
214_0.82_1.6.png,-0.0883636474609375,-0.015132904052734375,-0.07323074340820312,-0.1143646240234375,-0.09011077880859375,-0.015132904052734375
2152_0.55_1.31.png,-0.329742431640625,-0.3477020263671875,0.0179595947265625,-0.4163970947265625,-0.3267974853515625,-0.3477020263671875
2154_0.65_1.47.png,0.2621879577636719,0.29988861083984375,-0.037700653076171875,0.34597015380859375,0.25687408447265625,0.29988861083984375
2162_0.63_1.79.png,0.22344589233398438,0.25482940673828125,-0.031383514404296875,0.27091217041015625,0.21380996704101562,0.25482940673828125
2169_0.78_0.79.png,-0.042377471923828125,-0.0879058837890625,0.045528411865234375,-0.033451080322265625,-0.049724578857421875,-0.0879058837890625
2171_0.57_1.74.png,0.11338424682617188,0.10295486450195312,0.01042938232421875,0.1599578857421875,0.11772918701171875,0.10295486450195312
2174_0.88_0.84.png,0.023342132568359375,0.0336761474609375,-0.010334014892578125,0.02353668212890625,0.021434783935546875,0.0336761474609375
2177_1.0_1.8.png,0.0742950439453125,0.07161331176757812,0.002681732177734375,0.05152130126953125,0.06488037109375,0.07161331176757812
2184_0.86_1.39.png,0.09888458251953125,0.08245849609375,0.01642608642578125,0.15169525146484375,0.09098434448242188,0.08245849609375
2185_0.57_1.6.png,0.13938522338867188,0.1055755615234375,0.033809661865234375,0.11837005615234375,0.1297607421875,0.1055755615234375
218_0.71_1.25.png,-0.4247398376464844,-0.4770050048828125,0.052265167236328125,-0.5401420593261719,-0.43497467041015625,-0.4770050048828125
2190_0.51_0.51.png,-0.412689208984375,-0.4858818054199219,0.07319259643554688,-0.44731903076171875,-0.4347076416015625,-0.4858818054199219
2193_0.55_1.89.png,0.05510711669921875,0.038234710693359375,0.016872406005859375,0.07377243041992188,0.05230712890625,0.038234710693359375
2196_0.72_0.83.png,0.13323974609375,0.1247711181640625,0.0084686279296875,0.1334381103515625,0.11894607543945312,0.1247711181640625
2203_0.58_1.48.png,-0.010707855224609375,-0.029445648193359375,0.01873779296875,-0.0081939697265625,-0.013683319091796875,-0.029445648193359375
2204_0.99_1.22.png,0.012035369873046875,0.008258819580078125,0.00377655029296875,-0.012882232666015625,-0.0053863525390625,0.008258819580078125
2206_0.7_1.0.png,0.001621246337890625,0.006717681884765625,-0.005096435546875,0.010860443115234375,-0.02841949462890625,0.006717681884765625
2208_0.72_0.51.png,-1.1444091796875e-05,0.010044097900390625,-0.0100555419921875,-0.01065826416015625,-0.003177642822265625,0.010044097900390625
220_0.56_1.69.png,-0.5140419006347656,-0.5450859069824219,0.03104400634765625,-0.6636810302734375,-0.5225944519042969,-0.5450859069824219
2216_0.58_1.17.png,0.19116973876953125,0.18622589111328125,0.00494384765625,0.23871994018554688,0.19194793701171875,0.18622589111328125
2217_0.57_1.84.png,0.08333206176757812,0.10277175903320312,-0.019439697265625,0.06681442260742188,0.07631683349609375,0.10277175903320312
2234_0.76_1.1.png,0.0182037353515625,-0.00449371337890625,0.02269744873046875,0.030742645263671875,0.029300689697265625,-0.00449371337890625
2235_0.91_1.78.png,0.0265045166015625,0.02301025390625,0.0034942626953125,0.01612091064453125,0.02330780029296875,0.02301025390625
2242_0.99_1.49.png,-0.041103363037109375,-0.047794342041015625,0.00669097900390625,-0.025630950927734375,-0.054538726806640625,-0.047794342041015625
2252_0.79_0.97.png,0.00226593017578125,-0.012149810791015625,0.014415740966796875,0.014495849609375,0.0030059814453125,-0.012149810791015625
2253_0.9_0.97.png,-0.040500640869140625,-0.058261871337890625,0.01776123046875,-0.05438995361328125,-0.048358917236328125,-0.058261871337890625
2254_0.99_0.51.png,-0.0640716552734375,-0.05922698974609375,-0.00484466552734375,-0.07152938842773438,-0.060054779052734375,-0.05922698974609375
2258_0.96_0.94.png,0.03438568115234375,0.04962158203125,-0.01523590087890625,-0.023342132568359375,0.03204345703125,0.04962158203125
2268_0.66_1.84.png,-0.010417938232421875,0.018123626708984375,-0.02854156494140625,-0.02306365966796875,-0.001102447509765625,0.018123626708984375
2269_0.52_1.13.png,0.10878372192382812,0.16170883178710938,-0.05292510986328125,0.1132965087890625,0.11854934692382812,0.16170883178710938
226_0.56_0.7.png,-0.16829299926757812,-0.18164825439453125,0.013355255126953125,-0.13469314575195312,-0.12343597412109375,-0.18164825439453125
2283_0.58_1.18.png,0.14780807495117188,0.18165969848632812,-0.03385162353515625,0.17248153686523438,0.14984130859375,0.18165969848632812
2287_0.52_0.93.png,-0.027835845947265625,-0.013637542724609375,-0.01419830322265625,0.00756072998046875,0.0049591064453125,-0.013637542724609375
2288_0.81_1.07.png,-0.007495880126953125,-0.0074005126953125,-9.5367431640625e-05,-0.0012969970703125,-0.00738525390625,-0.0074005126953125
2289_0.83_1.86.png,0.03093719482421875,0.04592132568359375,-0.014984130859375,-0.002689361572265625,0.014072418212890625,0.04592132568359375
2294_1.0_1.16.png,-0.13548660278320312,-0.173675537109375,0.038188934326171875,-0.10512161254882812,-0.11687850952148438,-0.173675537109375
2299_0.98_1.19.png,0.032238006591796875,-0.001934051513671875,0.03417205810546875,0.055545806884765625,0.04514312744140625,-0.001934051513671875
2308_0.76_0.92.png,0.2513160705566406,0.2845191955566406,-0.033203125,0.30992889404296875,0.2546730041503906,0.2845191955566406
230_0.98_1.69.png,-0.0155487060546875,-0.002346038818359375,-0.013202667236328125,0.044384002685546875,0.002628326416015625,-0.002346038818359375
2311_0.83_1.77.png,0.066436767578125,0.03823089599609375,0.02820587158203125,0.058727264404296875,0.060001373291015625,0.03823089599609375
231_0.77_0.73.png,-0.011249542236328125,-0.012699127197265625,0.0014495849609375,-0.05615997314453125,-0.0114898681640625,-0.012699127197265625
2320_0.98_0.73.png,0.03884124755859375,0.06718826293945312,-0.028347015380859375,0.009639739990234375,0.012378692626953125,0.06718826293945312
2326_0.78_0.7.png,-0.007854461669921875,-0.050586700439453125,0.04273223876953125,0.045742034912109375,0.01416015625,-0.050586700439453125
232_0.56_1.2.png,-0.22693634033203125,-0.18842315673828125,-0.03851318359375,-0.359405517578125,-0.25537109375,-0.18842315673828125
2335_0.51_0.53.png,-0.4084625244140625,-0.4217262268066406,0.013263702392578125,-0.4514045715332031,-0.3956413269042969,-0.4217262268066406
2339_0.59_1.55.png,0.2910270690917969,0.3324737548828125,-0.041446685791015625,0.3872261047363281,0.2943878173828125,0.3324737548828125
2344_0.82_1.64.png,0.063751220703125,0.0437164306640625,0.0200347900390625,0.046741485595703125,0.050228118896484375,0.0437164306640625
2350_0.56_1.41.png,-0.34290313720703125,-0.3882789611816406,0.045375823974609375,-0.39215850830078125,-0.3414268493652344,-0.3882789611816406
2355_0.87_1.85.png,-0.040924072265625,-0.040740966796875,-0.00018310546875,-0.0537567138671875,-0.0409698486328125,-0.040740966796875
235_0.63_1.62.png,0.2952423095703125,0.34911346435546875,-0.05387115478515625,0.2834014892578125,0.29986572265625,0.34911346435546875
2364_0.67_1.98.png,0.30580902099609375,0.3259925842285156,-0.020183563232421875,0.3677787780761719,0.2907905578613281,0.3259925842285156
2374_0.99_0.8.png,0.041057586669921875,0.030559539794921875,0.010498046875,0.0364837646484375,0.03742218017578125,0.030559539794921875
2375_0.75_1.0.png,0.18860626220703125,0.21060943603515625,-0.022003173828125,0.17078018188476562,0.17583465576171875,0.21060943603515625
2387_0.86_1.11.png,0.06972503662109375,0.020153045654296875,0.049571990966796875,0.07040786743164062,0.0320892333984375,0.020153045654296875
2397_0.64_0.76.png,0.3963584899902344,0.44348907470703125,-0.047130584716796875,0.40850830078125,0.4050331115722656,0.44348907470703125
2399_0.68_0.89.png,0.2663993835449219,0.3012199401855469,-0.034820556640625,0.275604248046875,0.24764633178710938,0.3012199401855469
23_0.83_1.63.png,-0.06486320495605469,-0.050601959228515625,-0.014261245727539062,-0.10766410827636719,-0.06471824645996094,-0.050601959228515625
2404_0.65_1.05.png,-0.44513702392578125,-0.476776123046875,0.03163909912109375,-0.5009994506835938,-0.4442710876464844,-0.476776123046875
240_0.87_1.37.png,0.0093231201171875,-0.019012451171875,0.0283355712890625,-0.033023834228515625,0.013240814208984375,-0.019012451171875
2411_0.81_0.52.png,0.0121307373046875,0.041980743408203125,-0.029850006103515625,-0.016574859619140625,0.01297760009765625,0.041980743408203125
2423_0.58_1.14.png,0.14041519165039062,0.13003158569335938,0.01038360595703125,0.14725875854492188,0.14678955078125,0.13003158569335938
2426_0.69_1.53.png,-0.09176254272460938,-0.11798477172851562,0.02622222900390625,-0.14056777954101562,-0.09506988525390625,-0.11798477172851562
2427_0.71_0.9.png,-0.14412689208984375,-0.19990921020507812,0.055782318115234375,-0.20045089721679688,-0.148529052734375,-0.19990921020507812
242_0.69_1.56.png,0.08033370971679688,0.07885360717773438,0.0014801025390625,0.08339500427246094,0.07785415649414062,0.07885360717773438
2431_0.95_1.53.png,0.021820068359375,0.027530670166015625,-0.005710601806640625,0.0128021240234375,0.019718170166015625,0.027530670166015625
2439_0.56_0.86.png,0.41115570068359375,0.4674072265625,-0.05625152587890625,0.4086875915527344,0.3987388610839844,0.4674072265625
2441_0.74_1.28.png,0.10628509521484375,0.08939361572265625,0.0168914794921875,0.20432281494140625,0.07996368408203125,0.08939361572265625
2445_0.77_1.63.png,-0.056613922119140625,-0.047649383544921875,-0.00896453857421875,-0.10651397705078125,-0.03528594970703125,-0.047649383544921875
2448_0.65_1.88.png,-0.12425994873046875,-0.1240692138671875,-0.00019073486328125,-0.1891937255859375,-0.11540985107421875,-0.1240692138671875
244_0.79_0.78.png,0.046398162841796875,0.0387115478515625,0.007686614990234375,0.0225372314453125,0.04205322265625,0.0387115478515625
2452_0.96_0.86.png,0.001361846923828125,0.016845703125,-0.015483856201171875,-0.050571441650390625,-0.011631011962890625,0.016845703125
245_0.79_1.53.png,-0.10625457763671875,-0.032993316650390625,-0.07326126098632812,-0.09816741943359375,-0.08600616455078125,-0.032993316650390625
2462_0.96_1.1.png,-0.029102325439453125,-0.025379180908203125,-0.00372314453125,-0.055316925048828125,-0.049221038818359375,-0.025379180908203125
2464_0.63_0.75.png,0.06832504272460938,0.085693359375,-0.017368316650390625,0.0580596923828125,0.057315826416015625,0.085693359375
2467_0.62_0.72.png,0.11432266235351562,0.19449234008789062,-0.080169677734375,0.1069488525390625,0.11298751831054688,0.19449234008789062
2478_0.61_1.85.png,0.18236160278320312,0.1917572021484375,-0.009395599365234375,0.21785354614257812,0.18362045288085938,0.1917572021484375
2482_0.99_0.67.png,-0.045196533203125,-0.01342010498046875,-0.03177642822265625,-0.09658050537109375,-0.04029083251953125,-0.01342010498046875
2483_0.82_1.17.png,0.06349945068359375,0.0982208251953125,-0.03472137451171875,0.06273651123046875,0.06381607055664062,0.0982208251953125
2491_0.94_1.9.png,0.03832244873046875,0.0440521240234375,-0.00572967529296875,0.0174713134765625,0.047283172607421875,0.0440521240234375
2494_0.83_1.83.png,0.023616790771484375,0.010753631591796875,0.0128631591796875,0.015537261962890625,0.024196624755859375,0.010753631591796875
2495_0.61_0.72.png,0.06994247436523438,0.10715484619140625,-0.037212371826171875,0.07985305786132812,0.08885574340820312,0.10715484619140625
2504_0.91_1.76.png,-0.04169464111328125,-0.066650390625,0.02495574951171875,-0.037151336669921875,-0.058177947998046875,-0.066650390625
2518_0.67_1.1.png,0.35068511962890625,0.3733406066894531,-0.022655487060546875,0.5010108947753906,0.35543060302734375,0.3733406066894531
251_0.5_1.61.png,-0.30039215087890625,-0.2878379821777344,-0.012554168701171875,-0.365325927734375,-0.30265045166015625,-0.2878379821777344
2526_0.87_1.88.png,-0.04090690612792969,-0.052562713623046875,0.011655807495117188,-0.035167694091796875,-0.053554534912109375,-0.052562713623046875
2542_0.7_1.52.png,0.0686798095703125,0.11973953247070312,-0.051059722900390625,0.033565521240234375,0.07037353515625,0.11973953247070312
2549_0.61_1.7.png,-0.013599395751953125,0.03316497802734375,-0.046764373779296875,0.002532958984375,-0.020008087158203125,0.03316497802734375
2552_0.55_0.61.png,0.10346603393554688,0.16065216064453125,-0.057186126708984375,0.11425399780273438,0.08179092407226562,0.16065216064453125
2556_0.89_1.72.png,0.01285552978515625,0.03314208984375,-0.02028656005859375,-0.026641845703125,0.0093231201171875,0.03314208984375
2557_0.84_0.68.png,0.13758468627929688,0.17324447631835938,-0.0356597900390625,0.11949920654296875,0.11873245239257812,0.17324447631835938
2560_0.8_1.36.png,-0.035167694091796875,-0.049419403076171875,0.014251708984375,-0.03314208984375,-0.0500640869140625,-0.049419403076171875
2561_0.98_0.54.png,0.005245208740234375,0.012760162353515625,-0.00751495361328125,0.008983612060546875,0.006206512451171875,0.012760162353515625
256_0.94_1.27.png,0.18169784545898438,0.23974227905273438,-0.05804443359375,0.13156509399414062,0.17085647583007812,0.23974227905273438
2572_0.54_1.3.png,-0.4966087341308594,-0.5725784301757812,0.07596969604492188,-0.5162811279296875,-0.4892425537109375,-0.5725784301757812
2583_0.66_0.66.png,0.39141082763671875,0.3812980651855469,0.010112762451171875,0.4859580993652344,0.3538627624511719,0.3812980651855469
2585_0.76_1.09.png,-0.0428466796875,-0.03009796142578125,-0.01274871826171875,-0.0046844482421875,-0.048366546630859375,-0.03009796142578125
2601_0.9_1.5.png,-0.10607147216796875,-0.1066436767578125,0.00057220458984375,-0.10080337524414062,-0.10974502563476562,-0.1066436767578125
2602_0.79_0.82.png,-0.14893722534179688,-0.14812469482421875,-0.000812530517578125,-0.13840866088867188,-0.1478424072265625,-0.14812469482421875
2603_0.94_1.62.png,-0.09257888793945312,-0.09659957885742188,0.00402069091796875,-0.08803176879882812,-0.09675216674804688,-0.09659957885742188
2606_0.59_0.6.png,0.09329605102539062,0.04933929443359375,0.043956756591796875,0.07686996459960938,0.06638336181640625,0.04933929443359375
2612_0.52_1.14.png,-0.4703788757324219,-0.49611663818359375,0.025737762451171875,-0.5430488586425781,-0.4558143615722656,-0.49611663818359375
2619_0.78_1.48.png,0.12456512451171875,0.13921737670898438,-0.014652252197265625,0.120758056640625,0.13146591186523438,0.13921737670898438
2629_0.52_1.35.png,0.3787803649902344,0.4320106506347656,-0.05323028564453125,0.4745750427246094,0.392333984375,0.4320106506347656
2631_0.81_1.01.png,0.3976287841796875,0.4157066345214844,-0.018077850341796875,0.4204673767089844,0.3313789367675781,0.4157066345214844
2635_0.98_1.78.png,0.013866424560546875,0.001468658447265625,0.01239776611328125,0.00140380859375,-0.0009002685546875,0.001468658447265625
2643_0.94_1.45.png,0.006130218505859375,0.007587432861328125,-0.00145721435546875,-0.02658843994140625,0.016841888427734375,0.007587432861328125
2650_0.65_0.93.png,0.4962310791015625,0.55047607421875,-0.0542449951171875,0.50537109375,0.5268402099609375,0.55047607421875
2656_0.85_0.67.png,0.07639312744140625,0.08426666259765625,-0.00787353515625,0.048839569091796875,0.06774520874023438,0.08426666259765625
2657_0.81_1.67.png,0.08861923217773438,0.09510040283203125,-0.006481170654296875,0.094818115234375,0.1000518798828125,0.09510040283203125
265_0.84_1.28.png,0.10744857788085938,0.11714935302734375,-0.009700775146484375,0.13938522338867188,0.10518074035644531,0.11714935302734375
2666_0.65_1.42.png,0.0843353271484375,0.07064437866210938,0.013690948486328125,0.12427139282226562,0.06634902954101562,0.07064437866210938
2669_0.51_1.79.png,-0.048870086669921875,-0.061298370361328125,0.01242828369140625,-0.040699005126953125,-0.037059783935546875,-0.061298370361328125
2670_0.93_1.49.png,0.01149749755859375,0.009967803955078125,0.001529693603515625,-0.01198577880859375,0.0187835693359375,0.009967803955078125
2674_0.84_1.83.png,0.05928802490234375,0.05104827880859375,0.00823974609375,0.0623779296875,0.06496047973632812,0.05104827880859375
2678_0.66_1.48.png,0.20621490478515625,0.24961471557617188,-0.043399810791015625,0.25806427001953125,0.19975662231445312,0.24961471557617188
2684_0.56_0.96.png,0.344482421875,0.4166107177734375,-0.0721282958984375,0.4682807922363281,0.37297821044921875,0.4166107177734375
2686_0.69_1.44.png,-0.053249359130859375,-0.07459259033203125,0.021343231201171875,-0.06502532958984375,-0.05030059814453125,-0.07459259033203125
2693_0.69_0.91.png,-0.21038436889648438,-0.22093582153320312,0.01055145263671875,-0.22812271118164062,-0.22068405151367188,-0.22093582153320312
2695_0.53_1.16.png,-0.18597793579101562,-0.17263412475585938,-0.01334381103515625,-0.22757339477539062,-0.17849349975585938,-0.17263412475585938
2697_0.88_1.15.png,-0.095001220703125,-0.103851318359375,0.00885009765625,-0.09354782104492188,-0.10304641723632812,-0.103851318359375
26_0.91_0.86.png,0.10815048217773438,0.09127235412597656,0.016878128051757812,0.1092071533203125,0.10406875610351562,0.09127235412597656
2700_0.59_1.66.png,-0.410369873046875,-0.4297637939453125,0.0193939208984375,-0.4884300231933594,-0.4170570373535156,-0.4297637939453125
2707_0.61_1.6.png,0.109832763671875,0.13375091552734375,-0.02391815185546875,0.0954437255859375,0.10451126098632812,0.13375091552734375
270_0.91_1.74.png,0.1277313232421875,0.174530029296875,-0.0467987060546875,0.09675216674804688,0.11786270141601562,0.174530029296875
2713_0.86_1.67.png,0.042144775390625,0.06581878662109375,-0.02367401123046875,0.03191375732421875,0.0766143798828125,0.06581878662109375
2723_0.58_0.94.png,0.047847747802734375,0.06316757202148438,-0.01531982421875,0.0477142333984375,0.0361328125,0.06316757202148438
2729_0.71_1.51.png,0.2677345275878906,0.29276275634765625,-0.025028228759765625,0.3430633544921875,0.30170440673828125,0.29276275634765625
272_0.51_1.57.png,-0.11898422241210938,-0.005157470703125,-0.11382675170898438,-0.09365081787109375,-0.12458038330078125,-0.005157470703125
2731_0.92_1.46.png,0.12761306762695312,0.1539154052734375,-0.026302337646484375,0.10692214965820312,0.11977005004882812,0.1539154052734375
2734_0.94_0.69.png,0.035400390625,0.046772003173828125,-0.011371612548828125,-0.02794647216796875,0.011951446533203125,0.046772003173828125
2741_0.63_1.66.png,0.0931243896484375,0.08223724365234375,0.01088714599609375,0.132598876953125,0.11199188232421875,0.08223724365234375
2742_0.91_1.41.png,-0.04027557373046875,-0.047916412353515625,0.007640838623046875,-0.048221588134765625,-0.05014801025390625,-0.047916412353515625
2745_0.86_1.94.png,0.039104461669921875,0.046817779541015625,-0.00771331787109375,0.0571136474609375,0.025726318359375,0.046817779541015625
2747_0.87_1.0.png,0.039081573486328125,0.0474853515625,-0.008403778076171875,0.051280975341796875,0.0356597900390625,0.0474853515625
2755_0.99_0.79.png,-0.0791778564453125,-0.08055877685546875,0.00138092041015625,-0.07842254638671875,-0.0663299560546875,-0.08055877685546875
2761_0.56_0.8.png,0.24742889404296875,0.23514556884765625,0.0122833251953125,0.2606964111328125,0.24204635620117188,0.23514556884765625
2765_0.99_1.15.png,-0.08098983764648438,-0.08785629272460938,0.006866455078125,-0.09098052978515625,-0.07658004760742188,-0.08785629272460938
2770_0.77_1.63.png,0.18825531005859375,0.191680908203125,-0.00342559814453125,0.24341583251953125,0.1868438720703125,0.191680908203125
2776_0.64_1.73.png,0.2976493835449219,0.3214912414550781,-0.02384185791015625,0.41062164306640625,0.31244659423828125,0.3214912414550781
2781_0.6_1.1.png,0.1683502197265625,0.18036651611328125,-0.01201629638671875,0.2353363037109375,0.16224288940429688,0.18036651611328125
2782_0.87_0.69.png,0.1116485595703125,0.12990570068359375,-0.01825714111328125,0.09622955322265625,0.1133880615234375,0.12990570068359375
2787_0.55_1.38.png,0.5588226318359375,0.5975761413574219,-0.038753509521484375,0.6495170593261719,0.5722503662109375,0.5975761413574219
2788_0.73_1.62.png,0.32472991943359375,0.3458290100097656,-0.021099090576171875,0.3692626953125,0.3107414245605469,0.3458290100097656
2790_0.56_1.84.png,-0.37465667724609375,-0.40740203857421875,0.032745361328125,-0.3915824890136719,-0.3696327209472656,-0.40740203857421875
2792_0.52_0.69.png,-0.34072113037109375,-0.3871116638183594,0.046390533447265625,-0.2953643798828125,-0.3583641052246094,-0.3871116638183594
2793_0.73_0.79.png,0.10525894165039062,0.12584304809570312,-0.0205841064453125,0.12381362915039062,0.1071929931640625,0.12584304809570312
2796_0.8_1.44.png,0.3247566223144531,0.35433197021484375,-0.029575347900390625,0.3328819274902344,0.33956146240234375,0.35433197021484375
2798_0.77_1.6.png,0.11804962158203125,0.1187744140625,-0.00072479248046875,0.13199234008789062,0.1093902587890625,0.1187744140625
2799_0.58_0.59.png,-0.3391761779785156,-0.3893547058105469,0.05017852783203125,-0.3669548034667969,-0.3368110656738281,-0.3893547058105469
27_0.89_0.7.png,0.09700393676757812,0.074249267578125,0.022754669189453125,0.09340667724609375,0.08842086791992188,0.074249267578125
2801_0.81_1.57.png,0.11070632934570312,0.10931015014648438,0.00139617919921875,0.12099838256835938,0.09934234619140625,0.10931015014648438
2810_0.92_1.07.png,-0.0054473876953125,0.01749420166015625,-0.02294158935546875,0.025165557861328125,0.037158966064453125,0.01749420166015625
2813_0.71_1.07.png,0.003864288330078125,0.06636810302734375,-0.06250381469726562,-0.0265350341796875,-0.0006103515625,0.06636810302734375
2815_0.54_0.81.png,-0.11774063110351562,-0.15047073364257812,0.0327301025390625,-0.172515869140625,-0.15747451782226562,-0.15047073364257812
2821_0.92_1.5.png,0.14029312133789062,0.14772415161132812,-0.0074310302734375,0.1149139404296875,0.13796234130859375,0.14772415161132812
2822_0.83_0.63.png,0.0023040771484375,0.00019073486328125,0.00211334228515625,0.01425933837890625,0.010318756103515625,0.00019073486328125
2830_0.75_1.22.png,0.01654815673828125,0.04105377197265625,-0.024505615234375,0.0046234130859375,0.01265716552734375,0.04105377197265625
2832_0.52_0.53.png,-0.33827972412109375,-0.3235015869140625,-0.01477813720703125,-0.31879425048828125,-0.34856414794921875,-0.3235015869140625
2833_0.66_0.5.png,0.271728515625,0.3333892822265625,-0.0616607666015625,0.29209136962890625,0.2979698181152344,0.3333892822265625
2836_0.86_1.64.png,0.12674713134765625,0.1332244873046875,-0.00647735595703125,0.09716033935546875,0.1063232421875,0.1332244873046875
2840_0.79_0.79.png,0.07008743286132812,0.113983154296875,-0.043895721435546875,0.06612014770507812,0.082611083984375,0.113983154296875
2843_0.7_0.5.png,0.12798309326171875,0.20952606201171875,-0.08154296875,0.12931442260742188,0.17273330688476562,0.20952606201171875
2848_0.64_1.91.png,-0.18055343627929688,-0.21463775634765625,0.034084320068359375,-0.19035720825195312,-0.1854248046875,-0.21463775634765625
2849_0.55_1.18.png,0.11754226684570312,0.11647796630859375,0.001064300537109375,0.09421539306640625,0.09105300903320312,0.11647796630859375
2852_0.56_0.74.png,0.20503997802734375,0.23276519775390625,-0.0277252197265625,0.16915512084960938,0.17703628540039062,0.23276519775390625
2854_0.79_1.87.png,0.09886550903320312,0.11781692504882812,-0.018951416015625,0.07207870483398438,0.08936691284179688,0.11781692504882812
2858_0.6_1.11.png,0.18798828125,0.235931396484375,-0.047943115234375,0.235809326171875,0.14406585693359375,0.235931396484375
2864_0.5_1.92.png,-0.4247016906738281,-0.4607658386230469,0.03606414794921875,-0.5182151794433594,-0.43888092041015625,-0.4607658386230469
2868_0.72_1.69.png,-0.09032058715820312,-0.12274169921875,0.032421112060546875,-0.09774017333984375,-0.09635543823242188,-0.12274169921875
2870_0.82_1.39.png,0.07267379760742188,0.10050201416015625,-0.027828216552734375,0.07934188842773438,0.08471298217773438,0.10050201416015625
2871_0.76_1.43.png,0.01390838623046875,0.022319793701171875,-0.008411407470703125,0.0595703125,0.044841766357421875,0.022319793701171875
2872_0.75_1.98.png,0.0263671875,0.047840118408203125,-0.021472930908203125,0.056407928466796875,0.052127838134765625,0.047840118408203125
2873_0.61_1.84.png,0.25688934326171875,0.27617645263671875,-0.019287109375,0.31795501708984375,0.24910736083984375,0.27617645263671875
2880_0.9_0.87.png,-0.063323974609375,-0.10047531127929688,0.037151336669921875,-0.07773971557617188,-0.07283782958984375,-0.10047531127929688
2889_0.82_0.62.png,-0.03448486328125,-0.01638031005859375,-0.01810455322265625,-0.055294036865234375,-0.052890777587890625,-0.01638031005859375
2891_0.75_1.3.png,-0.048694610595703125,-0.08449935913085938,0.03580474853515625,-0.04572296142578125,-0.046001434326171875,-0.08449935913085938
2892_0.76_0.56.png,0.05045318603515625,0.08492279052734375,-0.0344696044921875,0.03205108642578125,0.059417724609375,0.08492279052734375
2898_0.74_1.2.png,0.13172149658203125,0.16191482543945312,-0.030193328857421875,0.11402511596679688,0.14936065673828125,0.16191482543945312
2899_0.92_1.08.png,0.00677490234375,0.01224517822265625,-0.00547027587890625,-0.016143798828125,0.019214630126953125,0.01224517822265625
2902_0.53_1.49.png,0.4016571044921875,0.4408416748046875,-0.0391845703125,0.4412117004394531,0.40055084228515625,0.4408416748046875
2914_0.61_1.26.png,-0.2234344482421875,-0.21344375610351562,-0.009990692138671875,-0.22613143920898438,-0.212615966796875,-0.21344375610351562
2928_0.93_0.58.png,0.01874542236328125,-0.002918243408203125,0.021663665771484375,0.057910919189453125,0.040325164794921875,-0.002918243408203125
2931_0.79_1.74.png,0.09988021850585938,0.16024017333984375,-0.060359954833984375,0.063201904296875,0.06937026977539062,0.16024017333984375
2932_0.9_0.96.png,0.05925750732421875,0.060161590576171875,-0.000904083251953125,0.04238128662109375,0.04248046875,0.060161590576171875
2941_0.7_1.3.png,0.08900833129882812,0.09460830688476562,-0.0055999755859375,0.08697128295898438,0.08556365966796875,0.09460830688476562
2942_0.61_1.83.png,0.008243560791015625,0.00433349609375,0.003910064697265625,-0.02095794677734375,0.0071868896484375,0.00433349609375
2944_0.81_1.6.png,0.10486984252929688,0.11250686645507812,-0.00763702392578125,0.10899734497070312,0.11298370361328125,0.11250686645507812
2953_0.65_1.26.png,-0.032684326171875,-0.0600738525390625,0.0273895263671875,-0.02471923828125,-0.030303955078125,-0.0600738525390625
2959_0.85_0.71.png,0.07135009765625,0.11829757690429688,-0.046947479248046875,0.051837921142578125,0.059490203857421875,0.11829757690429688
2962_0.97_1.66.png,-0.007160186767578125,0.014354705810546875,-0.021514892578125,-0.0009918212890625,0.00263214111328125,0.014354705810546875
2968_0.58_1.48.png,0.013416290283203125,0.00949859619140625,0.003917694091796875,0.02060699462890625,0.0061798095703125,0.00949859619140625
2970_0.99_1.7.png,0.021877288818359375,0.04119873046875,-0.019321441650390625,0.0010986328125,0.036441802978515625,0.04119873046875
2973_0.95_1.29.png,0.12337493896484375,0.10035324096679688,0.023021697998046875,0.042324066162109375,0.1016387939453125,0.10035324096679688
2974_0.69_1.66.png,0.046970367431640625,0.028530120849609375,0.01844024658203125,0.010150909423828125,0.027011871337890625,0.028530120849609375
2978_0.94_1.66.png,0.013484954833984375,0.037578582763671875,-0.0240936279296875,-0.043590545654296875,0.025455474853515625,0.037578582763671875
297_0.85_0.87.png,-0.2730712890625,-0.21417617797851562,-0.058895111083984375,-0.21776580810546875,-0.22757339477539062,-0.21417617797851562
2980_0.93_1.58.png,0.009769439697265625,0.033695220947265625,-0.02392578125,-0.046604156494140625,-0.0267791748046875,0.033695220947265625
2982_0.94_1.69.png,0.14450836181640625,0.16440582275390625,-0.0198974609375,0.11398696899414062,0.14520645141601562,0.16440582275390625
2992_0.95_0.97.png,0.0811614990234375,0.027240753173828125,0.053920745849609375,0.07782363891601562,0.07312393188476562,0.027240753173828125
2997_0.78_0.54.png,-0.10912322998046875,-0.11075592041015625,0.0016326904296875,-0.10828399658203125,-0.1058349609375,-0.11075592041015625
29_0.91_1.09.png,-0.0538787841796875,-0.0062255859375,-0.0476531982421875,-0.18233489990234375,-0.062122344970703125,-0.0062255859375
302_0.67_0.9.png,0.08259963989257812,0.109130859375,-0.026531219482421875,0.12018203735351562,0.08455657958984375,0.109130859375
303_0.68_0.54.png,0.13387680053710938,0.17522048950195312,-0.04134368896484375,0.16232681274414062,0.12067413330078125,0.17522048950195312
306_0.96_1.61.png,0.3114662170410156,0.3226203918457031,-0.0111541748046875,0.2800407409667969,0.2948760986328125,0.3226203918457031
308_0.73_0.91.png,0.20891952514648438,0.2068634033203125,0.002056121826171875,0.22449111938476562,0.1751861572265625,0.2068634033203125
312_0.97_0.58.png,0.033512115478515625,0.06952285766601562,-0.0360107421875,0.00647735595703125,0.05384063720703125,0.06952285766601562
317_0.72_1.67.png,-0.18094253540039062,-0.18482208251953125,0.003879547119140625,-0.2875328063964844,-0.1793212890625,-0.18482208251953125
31_0.54_1.13.png,-0.09479141235351562,-0.053318023681640625,-0.041473388671875,-0.1574249267578125,-0.10190963745117188,-0.053318023681640625
320_0.75_0.76.png,-0.1239471435546875,-0.13206100463867188,0.008113861083984375,-0.19625473022460938,-0.10951995849609375,-0.13206100463867188
340_0.94_1.5.png,0.034038543701171875,0.08621597290039062,-0.05217742919921875,-0.0025177001953125,0.08151626586914062,0.08621597290039062
341_0.51_1.8.png,-0.24080657958984375,-0.24958419799804688,0.008777618408203125,-0.3470344543457031,-0.22375869750976562,-0.24958419799804688
344_0.57_1.11.png,-0.253509521484375,-0.26461029052734375,0.01110076904296875,-0.392852783203125,-0.2279815673828125,-0.26461029052734375
345_0.95_1.78.png,-0.15519332885742188,-0.15236663818359375,-0.002826690673828125,-0.18685150146484375,-0.15473175048828125,-0.15236663818359375
351_0.6_1.91.png,-0.347625732421875,-0.3013191223144531,-0.046306610107421875,-0.3754310607910156,-0.3255882263183594,-0.3013191223144531
356_0.65_0.6.png,0.15729904174804688,0.15073776245117188,0.006561279296875,0.18893051147460938,0.13952255249023438,0.15073776245117188
379_0.78_0.78.png,-0.07684707641601562,-0.101715087890625,0.024868011474609375,-0.17263412475585938,-0.08423995971679688,-0.101715087890625
380_0.72_1.62.png,-0.14180374145507812,-0.15591049194335938,0.01410675048828125,-0.22659683227539062,-0.14783096313476562,-0.15591049194335938
387_0.94_1.5.png,0.1253662109375,0.1540374755859375,-0.0286712646484375,0.0723114013671875,0.11978912353515625,0.1540374755859375
392_0.54_0.67.png,0.03571319580078125,-0.033748626708984375,0.06946182250976562,0.0781097412109375,-0.008571624755859375,-0.033748626708984375
396_0.62_1.94.png,-0.22778701782226562,-0.23790740966796875,0.010120391845703125,-0.33535003662109375,-0.236083984375,-0.23790740966796875
403_0.77_1.7.png,0.050388336181640625,0.04645538330078125,0.003932952880859375,0.06060791015625,0.03760528564453125,0.04645538330078125
409_0.87_1.96.png,0.027845382690429688,0.0064449310302734375,0.02140045166015625,-0.00251007080078125,0.014133453369140625,0.0064449310302734375
412_0.53_1.77.png,0.09274482727050781,0.10080528259277344,-0.008060455322265625,0.09763526916503906,0.09716224670410156,0.10080528259277344
413_0.96_1.25.png,0.04393959045410156,0.022706985473632812,0.02123260498046875,0.032581329345703125,0.04857826232910156,0.022706985473632812
420_0.54_1.64.png,-0.4680137634277344,-0.49654388427734375,0.028530120849609375,-0.4875602722167969,-0.4587669372558594,-0.49654388427734375
431_0.76_1.15.png,0.06938934326171875,0.08840560913085938,-0.019016265869140625,0.10475921630859375,0.08251190185546875,0.08840560913085938
451_0.68_1.78.png,0.1092376708984375,0.09665298461914062,0.012584686279296875,0.15650177001953125,0.10980987548828125,0.09665298461914062
460_0.74_1.47.png,-0.08652496337890625,-0.13296890258789062,0.046443939208984375,-0.10614776611328125,-0.091522216796875,-0.13296890258789062
464_0.71_1.41.png,0.310302734375,0.3361396789550781,-0.025836944580078125,0.4163780212402344,0.3000144958496094,0.3361396789550781
470_0.8_0.94.png,0.012584686279296875,-0.011692047119140625,0.0242767333984375,0.0224151611328125,0.0177764892578125,-0.011692047119140625
471_0.9_1.29.png,0.030048370361328125,-0.001953125,0.032001495361328125,0.01836395263671875,0.033275604248046875,-0.001953125
472_0.68_1.63.png,0.07157516479492188,0.047863006591796875,0.023712158203125,0.08870315551757812,0.06973648071289062,0.047863006591796875
476_0.69_0.56.png,-0.10778045654296875,-0.15877532958984375,0.050994873046875,-0.08116531372070312,-0.10677337646484375,-0.15877532958984375
477_0.53_0.7.png,0.01113128662109375,0.0512847900390625,-0.04015350341796875,-0.018505096435546875,-0.013164520263671875,0.0512847900390625
478_0.53_0.59.png,0.039661407470703125,0.09048080444335938,-0.05081939697265625,-0.002185821533203125,0.001605987548828125,0.09048080444335938
479_0.58_1.54.png,0.10577774047851562,0.1103057861328125,-0.004528045654296875,0.12994766235351562,0.07677078247070312,0.1103057861328125
47_0.86_1.82.png,-0.1595001220703125,-0.14098358154296875,-0.01851654052734375,-0.21845245361328125,-0.15399932861328125,-0.14098358154296875
492_0.61_1.32.png,-0.11733055114746094,-0.06962203979492188,-0.04770851135253906,-0.1420612335205078,-0.11577224731445312,-0.06962203979492188
502_0.56_1.0.png,-0.19734573364257812,-0.12404632568359375,-0.07329940795898438,-0.21883392333984375,-0.17867279052734375,-0.12404632568359375
504_0.77_1.55.png,-0.30339813232421875,-0.2518882751464844,-0.051509857177734375,-0.3169517517089844,-0.269989013671875,-0.2518882751464844
510_0.57_0.99.png,0.21329116821289062,0.227569580078125,-0.014278411865234375,0.15985870361328125,0.24419784545898438,0.227569580078125
511_0.74_0.58.png,-0.2639350891113281,-0.3947181701660156,0.1307830810546875,-0.196807861328125,-0.3001976013183594,-0.3947181701660156
513_0.64_0.75.png,-0.16554641723632812,-0.0765838623046875,-0.08896255493164062,-0.16222000122070312,-0.14696884155273438,-0.0765838623046875
520_0.79_0.94.png,-0.10855865478515625,-0.1363983154296875,0.02783966064453125,-0.09827804565429688,-0.13120651245117188,-0.1363983154296875
523_0.92_1.59.png,0.16561317443847656,0.18822288513183594,-0.022609710693359375,0.16753196716308594,0.15381240844726562,0.18822288513183594
535_0.78_1.25.png,-0.24558639526367188,-0.30327606201171875,0.057689666748046875,-0.3215293884277344,-0.22486495971679688,-0.30327606201171875
54_0.69_1.86.png,-0.421417236328125,-0.31494903564453125,-0.10646820068359375,-0.4479713439941406,-0.43103790283203125,-0.31494903564453125
554_0.79_1.51.png,-0.163055419921875,-0.17620086669921875,0.01314544677734375,-0.19451141357421875,-0.16509246826171875,-0.17620086669921875
556_0.86_1.79.png,-0.07739448547363281,-0.09336471557617188,0.015970230102539062,-0.11037826538085938,-0.08176803588867188,-0.09336471557617188
557_0.89_1.35.png,-0.09334945678710938,-0.07458877563476562,-0.01876068115234375,-0.10206222534179688,-0.055210113525390625,-0.07458877563476562
559_0.81_1.51.png,0.039958953857421875,0.06274032592773438,-0.0227813720703125,-0.007534027099609375,0.05150604248046875,0.06274032592773438
564_0.52_1.02.png,-0.0860137939453125,-0.0323486328125,-0.0536651611328125,-0.07266998291015625,-0.0525970458984375,-0.0323486328125
573_0.78_1.94.png,-0.084197998046875,-0.064971923828125,-0.01922607421875,-0.11395263671875,-0.08821487426757812,-0.064971923828125
575_0.71_1.7.png,-0.033428192138671875,-0.026081085205078125,-0.00734710693359375,-0.0833587646484375,-0.019367218017578125,-0.026081085205078125
580_0.67_1.03.png,-0.04241180419921875,0.10791778564453125,-0.15032958984375,0.00612640380859375,0.0278778076171875,0.10791778564453125
583_0.58_1.41.png,-0.06962394714355469,-0.03133964538574219,-0.0382843017578125,-0.13285446166992188,-0.06585121154785156,-0.03133964538574219
587_0.8_0.51.png,-0.014373779296875,-0.06705474853515625,0.05268096923828125,-0.004611968994140625,-0.02156829833984375,-0.06705474853515625
58_0.53_0.53.png,-0.006847381591796875,0.12140655517578125,-0.12825393676757812,-0.016132354736328125,0.036533355712890625,0.12140655517578125
595_0.78_1.11.png,-0.047847747802734375,-0.1336669921875,0.08581924438476562,-0.10018157958984375,-0.11458587646484375,-0.1336669921875
598_0.8_1.09.png,-0.3462677001953125,-0.3749122619628906,0.028644561767578125,-0.3572502136230469,-0.3487434387207031,-0.3749122619628906
59_0.59_1.43.png,0.17059707641601562,0.24900054931640625,-0.07840347290039062,0.17690277099609375,0.19921493530273438,0.24900054931640625
603_0.67_1.99.png,-0.18799972534179688,-0.119232177734375,-0.06876754760742188,-0.183990478515625,-0.16191864013671875,-0.119232177734375
604_0.92_1.7.png,-0.034210205078125,0.029628753662109375,-0.06383895874023438,-0.038387298583984375,-0.011379241943359375,0.029628753662109375
605_0.58_0.77.png,0.06906509399414062,0.09987640380859375,-0.030811309814453125,0.046802520751953125,0.039203643798828125,0.09987640380859375
609_0.58_1.34.png,-0.62139892578125,-0.6602325439453125,0.0388336181640625,-0.6251792907714844,-0.6239471435546875,-0.6602325439453125
613_0.54_0.81.png,0.17287826538085938,0.2596435546875,-0.08676528930664062,0.15044784545898438,0.23377227783203125,0.2596435546875
615_0.76_1.49.png,0.11307907104492188,0.16865921020507812,-0.05558013916015625,0.08094406127929688,0.10611343383789062,0.16865921020507812
627_0.51_0.54.png,0.5656929016113281,0.6626472473144531,-0.096954345703125,0.6544990539550781,0.5958595275878906,0.6626472473144531
640_0.98_1.87.png,0.10662460327148438,0.08200836181640625,0.024616241455078125,0.09094429016113281,0.10121345520019531,0.08200836181640625
651_0.83_1.45.png,-0.47552490234375,-0.5245590209960938,0.04903411865234375,-0.5594406127929688,-0.48903656005859375,-0.5245590209960938
674_0.93_0.72.png,-0.14342117309570312,-0.07677078247070312,-0.066650390625,-0.17722320556640625,-0.1624755859375,-0.07677078247070312
67_0.67_1.69.png,0.029476165771484375,0.004367828369140625,0.02510833740234375,-0.042087554931640625,0.0233917236328125,0.004367828369140625
682_0.64_0.76.png,0.056659698486328125,0.090301513671875,-0.033641815185546875,-0.024082183837890625,0.03493499755859375,0.090301513671875
688_0.72_0.52.png,-0.3498115539550781,-0.3047943115234375,-0.045017242431640625,-0.41773223876953125,-0.3302421569824219,-0.3047943115234375
68_0.75_1.58.png,0.096649169921875,0.057804107666015625,0.038845062255859375,0.028301239013671875,0.07720947265625,0.057804107666015625
695_0.53_0.7.png,0.36702728271484375,0.363983154296875,0.00304412841796875,0.4944610595703125,0.36139678955078125,0.363983154296875
697_0.89_1.98.png,0.00701141357421875,0.012020111083984375,-0.005008697509765625,-0.02144622802734375,0.01241302490234375,0.012020111083984375
698_0.55_1.7.png,0.21613311767578125,0.2568550109863281,-0.040721893310546875,0.28116607666015625,0.203369140625,0.2568550109863281
69_0.76_0.64.png,-0.23001480102539062,-0.2513542175292969,0.02133941650390625,-0.3798179626464844,-0.22539138793945312,-0.2513542175292969
6_0.57_0.6.png,-0.0191802978515625,0.0494232177734375,-0.068603515625,-0.05944061279296875,-0.00971221923828125,0.0494232177734375
701_0.62_0.85.png,-0.0583953857421875,-0.08501815795898438,0.026622772216796875,-0.09430694580078125,-0.06771087646484375,-0.08501815795898438
70_0.78_1.4.png,-0.05332183837890625,-0.054424285888671875,0.001102447509765625,-0.19676589965820312,-0.041015625,-0.054424285888671875
720_0.62_1.27.png,0.2117919921875,0.2742042541503906,-0.062412261962890625,0.21558380126953125,0.2399139404296875,0.2742042541503906
731_0.85_1.53.png,-0.174041748046875,-0.16693115234375,-0.007110595703125,-0.24851608276367188,-0.18019866943359375,-0.16693115234375
733_0.81_1.12.png,-0.02379608154296875,-0.018413543701171875,-0.005382537841796875,-0.09970474243164062,-0.05861663818359375,-0.018413543701171875
738_0.93_1.46.png,0.024021148681640625,0.0057525634765625,0.018268585205078125,0.04443359375,0.025203704833984375,0.0057525634765625
739_0.97_1.72.png,0.023725509643554688,0.009088516235351562,0.014636993408203125,0.030748367309570312,0.027790069580078125,0.009088516235351562
748_0.79_0.91.png,0.028865814208984375,0.036762237548828125,-0.00789642333984375,-0.090606689453125,0.0360107421875,0.036762237548828125
749_0.79_1.11.png,-0.024066925048828125,-0.0652008056640625,0.041133880615234375,-0.09100723266601562,-0.04462432861328125,-0.0652008056640625
751_0.7_1.66.png,0.11805343627929688,0.06952285766601562,0.04853057861328125,0.072418212890625,0.12270736694335938,0.06952285766601562
758_0.54_1.45.png,0.08253097534179688,0.08394622802734375,-0.001415252685546875,0.04831695556640625,0.06410598754882812,0.08394622802734375
75_0.61_0.9.png,0.38379669189453125,0.3913230895996094,-0.007526397705078125,0.5515899658203125,0.3791770935058594,0.3913230895996094
762_0.76_1.45.png,-0.14090347290039062,-0.1565704345703125,0.015666961669921875,-0.24333572387695312,-0.13578414916992188,-0.1565704345703125
76_0.93_0.69.png,-0.018390655517578125,-0.001293182373046875,-0.01709747314453125,-0.04531097412109375,0.01271820068359375,-0.001293182373046875
773_0.65_0.81.png,0.196380615234375,0.20940017700195312,-0.013019561767578125,0.21939849853515625,0.17608642578125,0.20940017700195312
774_0.55_0.55.png,0.43756103515625,0.45952606201171875,-0.02196502685546875,0.47271728515625,0.4098548889160156,0.45952606201171875
777_0.96_0.95.png,-0.2895393371582031,-0.3388481140136719,0.04930877685546875,-0.2592315673828125,-0.2709693908691406,-0.3388481140136719
77_0.51_0.74.png,0.3376884460449219,0.39704132080078125,-0.059352874755859375,0.4011726379394531,0.3508872985839844,0.39704132080078125
781_0.51_1.6.png,-0.9104804992675781,-0.9391403198242188,0.028659820556640625,-1.0741386413574219,-0.8896713256835938,-0.9391403198242188
783_0.77_1.38.png,-0.017200469970703125,-0.034038543701171875,0.01683807373046875,-0.013580322265625,-0.026798248291015625,-0.034038543701171875
785_0.71_1.08.png,0.39234161376953125,0.4353675842285156,-0.043025970458984375,0.4718780517578125,0.3665657043457031,0.4353675842285156
787_0.88_0.71.png,0.2580375671386719,0.2757759094238281,-0.01773834228515625,0.2560157775878906,0.2528114318847656,0.2757759094238281
788_0.91_1.66.png,0.2831916809082031,0.2923011779785156,-0.0091094970703125,0.2932395935058594,0.2764701843261719,0.2923011779785156
791_0.89_1.37.png,0.1246185302734375,0.14904022216796875,-0.02442169189453125,0.16547393798828125,0.14295578002929688,0.14904022216796875
793_0.71_0.66.png,-0.11542892456054688,-0.14810562133789062,0.03267669677734375,-0.10536956787109375,-0.1170654296875,-0.14810562133789062
799_0.65_0.7.png,0.1892852783203125,0.3580360412597656,-0.16875076293945312,0.08249282836914062,0.1981353759765625,0.3580360412597656
805_0.75_1.2.png,-0.02384185791015625,-0.03981971740722656,0.015977859497070312,-0.03562736511230469,-0.024126052856445312,-0.03981971740722656
806_0.93_1.51.png,0.12984657287597656,0.12369346618652344,0.006153106689453125,0.11442375183105469,0.13179779052734375,0.12369346618652344
808_0.74_0.67.png,-0.08229827880859375,-0.10626602172851562,0.023967742919921875,-0.0957794189453125,-0.08234405517578125,-0.10626602172851562
80_0.99_1.95.png,0.23990440368652344,0.2588062286376953,-0.018901824951171875,0.2303791046142578,0.24055099487304688,0.2588062286376953
815_0.7_1.68.png,0.12337493896484375,0.16376876831054688,-0.040393829345703125,0.13000869750976562,0.121429443359375,0.16376876831054688
819_0.5_1.85.png,-0.3264274597167969,-0.3543586730957031,0.02793121337890625,-0.411529541015625,-0.31436920166015625,-0.3543586730957031
81_0.94_0.63.png,0.056758880615234375,0.035980224609375,0.020778656005859375,0.002780914306640625,0.013507843017578125,0.035980224609375
825_0.61_0.94.png,0.20400238037109375,0.24560928344726562,-0.041606903076171875,0.2672576904296875,0.19841384887695312,0.24560928344726562
827_0.72_1.56.png,0.16688156127929688,0.1911754608154297,-0.024293899536132812,0.2093791961669922,0.1607227325439453,0.1911754608154297
830_0.87_0.66.png,-0.2954864501953125,-0.3514671325683594,0.055980682373046875,-0.3249626159667969,-0.313629150390625,-0.3514671325683594
833_0.95_1.89.png,0.1245880126953125,0.15769577026367188,-0.033107757568359375,0.12444305419921875,0.12113189697265625,0.15769577026367188
839_0.77_1.34.png,0.029668807983398438,0.029706954956054688,-3.814697265625e-05,0.02568817138671875,0.028829574584960938,0.029706954956054688
848_0.71_0.58.png,-0.1883087158203125,-0.13631057739257812,-0.051998138427734375,-0.24950027465820312,-0.1916656494140625,-0.13631057739257812
84_0.89_1.11.png,-0.1240997314453125,-0.09304428100585938,-0.031055450439453125,-0.15082550048828125,-0.14768600463867188,-0.09304428100585938
850_0.57_0.78.png,-0.18832778930664062,-0.11100387573242188,-0.07732391357421875,-0.21896743774414062,-0.16247177124023438,-0.11100387573242188
857_0.54_1.6.png,-0.21123886108398438,-0.191741943359375,-0.019496917724609375,-0.2944793701171875,-0.21456146240234375,-0.191741943359375
85_1.0_1.41.png,0.016576766967773438,0.029264450073242188,-0.01268768310546875,-0.019252777099609375,0.020471572875976562,0.029264450073242188
860_0.73_1.11.png,-0.17564010620117188,-0.14727401733398438,-0.0283660888671875,-0.24787521362304688,-0.1965789794921875,-0.14727401733398438
862_0.69_1.5.png,-0.2861366271972656,-0.3099632263183594,0.02382659912109375,-0.3956871032714844,-0.294342041015625,-0.3099632263183594
865_0.85_1.63.png,-0.16522216796875,-0.18604660034179688,0.020824432373046875,-0.19572830200195312,-0.16974639892578125,-0.18604660034179688
869_0.66_1.74.png,0.2606391906738281,0.308013916015625,-0.047374725341796875,0.334228515625,0.2669219970703125,0.308013916015625
880_0.52_0.56.png,-0.3932914733886719,-0.4748649597167969,0.081573486328125,-0.4096565246582031,-0.3996162414550781,-0.4748649597167969
881_0.6_1.13.png,-0.5545501708984375,-0.5615997314453125,0.007049560546875,-0.7446670532226562,-0.57421875,-0.5615997314453125
883_0.97_0.83.png,0.11150360107421875,0.07340240478515625,0.0381011962890625,0.07475662231445312,0.10028839111328125,0.07340240478515625
886_0.89_0.98.png,-0.2590751647949219,-0.2612457275390625,0.002170562744140625,-0.4159126281738281,-0.23141098022460938,-0.2612457275390625
890_0.68_0.92.png,0.07538223266601562,0.09232330322265625,-0.016941070556640625,0.056488037109375,0.050884246826171875,0.09232330322265625
894_0.83_1.91.png,-0.00095367431640625,0.021076202392578125,-0.022029876708984375,-0.00275421142578125,0.0091552734375,0.021076202392578125
895_0.54_1.27.png,-0.383453369140625,-0.5078659057617188,0.12441253662109375,-0.4158782958984375,-0.4391326904296875,-0.5078659057617188
899_0.93_1.74.png,0.037448883056640625,0.02809906005859375,0.009349822998046875,0.0124969482421875,0.023838043212890625,0.02809906005859375
916_0.57_1.61.png,-0.3114166259765625,-0.324005126953125,0.0125885009765625,-0.41272735595703125,-0.3143196105957031,-0.324005126953125
919_0.53_1.67.png,-0.5445022583007812,-0.5768165588378906,0.032314300537109375,-0.6839447021484375,-0.5347976684570312,-0.5768165588378906
926_0.63_1.94.png,-0.043003082275390625,-0.0720367431640625,0.029033660888671875,-0.06315231323242188,-0.0521697998046875,-0.0720367431640625
935_0.97_1.77.png,-0.2735710144042969,-0.220123291015625,-0.053447723388671875,-0.2657661437988281,-0.2352294921875,-0.220123291015625
93_0.97_1.07.png,-0.042949676513671875,-0.036914825439453125,-0.00603485107421875,-0.09517288208007812,-0.045772552490234375,-0.036914825439453125
945_0.99_1.73.png,0.06428146362304688,0.05228424072265625,0.011997222900390625,0.0096893310546875,0.0598602294921875,0.05228424072265625
94_0.62_1.46.png,0.15401840209960938,0.17448043823242188,-0.0204620361328125,0.19622039794921875,0.1474456787109375,0.17448043823242188
950_0.79_1.26.png,-0.11260604858398438,-0.14630889892578125,0.033702850341796875,-0.1264495849609375,-0.12502288818359375,-0.14630889892578125
957_0.81_1.94.png,-0.02228546142578125,0.01255035400390625,-0.0348358154296875,-0.07646560668945312,-0.0300140380859375,0.01255035400390625
95_0.85_1.33.png,0.05110931396484375,0.05704498291015625,-0.0059356689453125,0.032146453857421875,0.03762054443359375,0.05704498291015625
965_0.67_1.91.png,-0.18213653564453125,-0.2146453857421875,0.03250885009765625,-0.2004852294921875,-0.18893051147460938,-0.2146453857421875
973_0.67_0.98.png,-0.07190322875976562,-0.11143875122070312,0.0395355224609375,-0.144561767578125,-0.08994293212890625,-0.11143875122070312
974_0.77_1.14.png,-0.0424957275390625,-0.01660919189453125,-0.02588653564453125,-0.11653518676757812,-0.04653167724609375,-0.01660919189453125
976_0.64_1.2.png,-0.105194091796875,-0.0651092529296875,-0.0400848388671875,-0.20734405517578125,-0.0697174072265625,-0.0651092529296875
97_0.52_0.61.png,-0.4245338439941406,-0.4640655517578125,0.039531707763671875,-0.5543899536132812,-0.404937744140625,-0.4640655517578125
981_0.61_1.86.png,0.5225753784179688,0.5396308898925781,-0.017055511474609375,0.5843887329101562,0.5046501159667969,0.5396308898925781
982_0.97_0.98.png,0.027637481689453125,0.056636810302734375,-0.02899932861328125,-0.016002655029296875,0.0279388427734375,0.056636810302734375
985_0.85_0.52.png,-0.0399017333984375,0.02123260498046875,-0.06113433837890625,-0.088470458984375,-0.00432586669921875,0.02123260498046875
989_0.59_1.18.png,0.1655120849609375,0.24733352661132812,-0.08182144165039062,0.24463272094726562,0.17364883422851562,0.24733352661132812
993_0.96_1.77.png,-0.06451416015625,-0.0834197998046875,0.0189056396484375,-0.0848846435546875,-0.07335281372070312,-0.0834197998046875
998_0.74_1.7.png,0.4970893859863281,0.5361366271972656,-0.0390472412109375,0.5136604309082031,0.4769744873046875,0.5361366271972656
