key,value
data_dir,/sda/home/wangyuxin/ConvIR-B/datasets/Haze4K/Haze4K
checkpoint,/sda/home/wangyuxin/ConvIR-B/checkpoints/official/Haze4K/haze4k-base.pkl
split_json,/sda/home/wangyuxin/ConvIR-B/repos/ConvIR-B-haze4k-v5-v2c-chd-rm-need-coverage-calibration/experience_docx/experiment_logs/haze4k_v5_chd_rm_v1_data_baseline_lock_20260708/haze4k_internal_split_2400_600.json
v2_thresholds,/sda/home/wangyuxin/ConvIR-B/repos/ConvIR-B-haze4k-v5-v2-chd-rm-density-need-calibration/experience_docx/experiment_logs/haze4k_v5_chd_rm_v2_density_need_calibration_20260708/density_need_thresholds.json
v2b_thresholds,/sda/home/wangyuxin/ConvIR-B/repos/ConvIR-B-haze4k-v5-v2b-chd-rm-need-calibration-repair/experience_docx/experiment_logs/haze4k_v5_chd_rm_v2b_need_calibration_repair_20260708/need_thresholds_v2b.json
v2b_artifact_dir,/sda/home/wangyuxin/ConvIR-B/repos/ConvIR-B-haze4k-v5-v2b-chd-rm-need-calibration-repair/experience_docx/experiment_logs/haze4k_v5_chd_rm_v2b_need_calibration_repair_20260708/artifacts
density_artifact,/sda/home/wangyuxin/ConvIR-B/repos/ConvIR-B-haze4k-v5-v2-chd-rm-density-need-calibration/experience_docx/experiment_logs/haze4k_v5_chd_rm_v2_density_need_calibration_20260708/artifacts/d3_density_only_head.pt
output_dir,/sda/home/wangyuxin/ConvIR-B/repos/ConvIR-B-haze4k-v5-v2d-chd-rm-need-spatial-hard-negative/experience_docx/experiment_logs/haze4k_v5_chd_rm_v2d_need_spatial_hard_negative_20260709
locked_haze4k_test_usage,none
