name,true_delta_psnr,baseline_delta_psnr,depth_surplus_psnr,normal_delta_psnr,shuffle_delta_psnr,zero_delta_psnr
1000_0.74_1.6.png,0.45558929443359375,0.23074722290039062,0.22484207153320312,0.307220458984375,0.29473114013671875,0.23074722290039062
1002_0.73_1.47.png,0.03582000732421875,0.0303497314453125,0.00547027587890625,0.06679153442382812,0.0426025390625,0.0303497314453125
1005_0.74_1.81.png,-0.0673675537109375,-0.019775390625,-0.0475921630859375,-0.056888580322265625,-0.050113677978515625,-0.019775390625
1016_0.8_1.72.png,0.07601165771484375,0.05075836181640625,0.0252532958984375,-0.026485443115234375,0.0066680908203125,0.05075836181640625
1021_0.73_0.84.png,-0.12102508544921875,-0.06934738159179688,-0.051677703857421875,-0.17226791381835938,-0.13411331176757812,-0.06934738159179688
1026_0.77_0.89.png,0.1203155517578125,0.31169891357421875,-0.19138336181640625,0.24525833129882812,0.2786827087402344,0.31169891357421875
1029_0.71_0.56.png,0.142578125,0.3954925537109375,-0.2529144287109375,0.3738059997558594,0.3285102844238281,0.3954925537109375
1031_0.76_0.7.png,0.14506149291992188,0.41074371337890625,-0.2656822204589844,0.3592948913574219,0.2867393493652344,0.41074371337890625
1043_0.68_1.87.png,0.15352249145507812,0.00579071044921875,0.14773178100585938,0.0606231689453125,0.048549652099609375,0.00579071044921875
1044_0.69_0.99.png,0.069793701171875,-0.08480453491210938,0.15459823608398438,0.008838653564453125,-0.01070404052734375,-0.08480453491210938
1046_0.91_1.69.png,-0.03966331481933594,-0.0521392822265625,0.012475967407226562,-0.024278640747070312,-0.04295158386230469,-0.0521392822265625
1053_0.54_1.81.png,0.2821540832519531,0.06594085693359375,0.21621322631835938,0.19312667846679688,0.13148117065429688,0.06594085693359375
1054_0.86_1.22.png,0.11902999877929688,-0.11388397216796875,0.23291397094726562,-0.009540557861328125,-0.0374603271484375,-0.11388397216796875
1060_0.94_1.09.png,0.14743423461914062,0.16727066040039062,-0.01983642578125,0.1740570068359375,0.16486740112304688,0.16727066040039062
1062_0.58_1.51.png,-0.06774139404296875,-0.16828536987304688,0.10054397583007812,-0.11513519287109375,-0.08013534545898438,-0.16828536987304688
1067_0.62_1.35.png,0.108642578125,-0.1205596923828125,0.2292022705078125,-0.07704544067382812,-0.044429779052734375,-0.1205596923828125
1076_0.71_1.18.png,0.12707901000976562,-0.01587677001953125,0.14295578002929688,-0.029628753662109375,0.019962310791015625,-0.01587677001953125
107_0.77_1.67.png,-0.1423797607421875,-0.147125244140625,0.0047454833984375,-0.21255874633789062,-0.1960296630859375,-0.147125244140625
1085_0.71_1.3.png,0.13515090942382812,0.056438446044921875,0.07871246337890625,0.05352020263671875,0.07395172119140625,0.056438446044921875
1086_0.6_0.76.png,0.1650543212890625,0.041332244873046875,0.12372207641601562,0.0613250732421875,0.1575927734375,0.041332244873046875
1091_0.79_1.01.png,-0.07252120971679688,-0.21262359619140625,0.14010238647460938,-0.12677001953125,-0.14865875244140625,-0.21262359619140625
1094_0.77_1.07.png,-0.24953079223632812,-0.3375587463378906,0.0880279541015625,-0.3596611022949219,-0.30670928955078125,-0.3375587463378906
1099_0.54_1.76.png,0.37325286865234375,0.20007705688476562,0.17317581176757812,0.23957061767578125,0.303955078125,0.20007705688476562
109_0.54_0.97.png,-0.13109588623046875,0.13474655151367188,-0.2658424377441406,-0.027004241943359375,-0.0001220703125,0.13474655151367188
1109_0.9_0.79.png,0.032268524169921875,-0.11533355712890625,0.14760208129882812,-0.1241302490234375,-0.10343170166015625,-0.11533355712890625
1111_0.57_1.35.png,0.2749519348144531,0.08003616333007812,0.194915771484375,0.14456939697265625,0.18775558471679688,0.08003616333007812
1117_0.61_0.56.png,-0.17143630981445312,-0.07830429077148438,-0.09313201904296875,-0.074066162109375,-0.126220703125,-0.07830429077148438
1118_0.66_1.66.png,-0.21147537231445312,-0.21955108642578125,0.008075714111328125,-0.20539474487304688,-0.21886825561523438,-0.21955108642578125
1132_0.75_0.84.png,-0.09783935546875,0.03679656982421875,-0.13463592529296875,-0.02095794677734375,-0.07188034057617188,0.03679656982421875
1136_0.96_0.74.png,-0.17714309692382812,-0.09674072265625,-0.08040237426757812,-0.17371368408203125,-0.14984512329101562,-0.09674072265625
1140_0.67_1.42.png,0.5101547241210938,0.3124275207519531,0.19772720336914062,0.3699989318847656,0.3823585510253906,0.3124275207519531
1146_0.89_0.87.png,-0.2640533447265625,-0.4355430603027344,0.17148971557617188,-0.3332557678222656,-0.37188720703125,-0.4355430603027344
1159_0.84_1.51.png,0.19940567016601562,0.09849929809570312,0.1009063720703125,0.07375717163085938,0.09360885620117188,0.09849929809570312
115_0.86_1.29.png,-0.0435638427734375,-0.056812286376953125,0.013248443603515625,-0.10363388061523438,-0.10447311401367188,-0.056812286376953125
1160_0.83_0.65.png,0.5880126953125,0.3549613952636719,0.23305130004882812,0.2990760803222656,0.33701324462890625,0.3549613952636719
1161_0.75_1.93.png,-0.17638397216796875,-0.22080230712890625,0.0444183349609375,-0.10983657836914062,-0.14831924438476562,-0.22080230712890625
1166_0.73_1.03.png,0.018863677978515625,-0.12485504150390625,0.14371871948242188,-0.13689041137695312,-0.12540054321289062,-0.12485504150390625
116_0.64_1.08.png,0.0346527099609375,-0.0079498291015625,0.0426025390625,-0.02741241455078125,-0.0018768310546875,-0.0079498291015625
1175_0.53_1.99.png,0.22567367553710938,0.074188232421875,0.15148544311523438,0.11787796020507812,0.14544296264648438,0.074188232421875
1179_0.56_1.96.png,0.09706497192382812,0.05630683898925781,0.04075813293457031,0.10263633728027344,0.08625030517578125,0.05630683898925781
1181_0.57_1.2.png,-0.03278350830078125,-0.06371307373046875,0.0309295654296875,-0.0982513427734375,-0.09065628051757812,-0.06371307373046875
1184_0.56_0.9.png,0.000392913818359375,-0.21512222290039062,0.21551513671875,-0.20592880249023438,-0.14960479736328125,-0.21512222290039062
1189_0.64_0.88.png,0.0095977783203125,-0.1563262939453125,0.165924072265625,-0.09806442260742188,-0.08456802368164062,-0.1563262939453125
1191_0.97_0.75.png,0.033367156982421875,-0.19567108154296875,0.22903823852539062,-0.15853118896484375,-0.08316802978515625,-0.19567108154296875
1208_0.63_0.83.png,-0.19013595581054688,-0.17059326171875,-0.019542694091796875,-0.16080474853515625,-0.1419219970703125,-0.17059326171875
1210_0.69_0.81.png,0.22247695922851562,0.01726531982421875,0.20521163940429688,0.12152099609375,0.16725540161132812,0.01726531982421875
1218_0.62_2.0.png,0.25386619567871094,0.12856483459472656,0.12530136108398438,0.16098594665527344,0.18803787231445312,0.12856483459472656
1221_0.76_0.69.png,0.2629814147949219,0.5737991333007812,-0.3108177185058594,0.5507164001464844,0.468902587890625,0.5737991333007812
1222_0.92_1.14.png,0.093292236328125,0.33388519287109375,-0.24059295654296875,0.3093109130859375,0.24415206909179688,0.33388519287109375
1229_0.6_0.6.png,0.23778152465820312,0.12155914306640625,0.11622238159179688,0.22514724731445312,0.22223663330078125,0.12155914306640625
1234_0.51_1.28.png,0.14930343627929688,0.17824554443359375,-0.028942108154296875,0.2492218017578125,0.20726776123046875,0.17824554443359375
1238_0.86_1.03.png,-0.07154464721679688,-0.14968109130859375,0.07813644409179688,-0.13544082641601562,-0.1623687744140625,-0.14968109130859375
1241_0.63_0.93.png,0.23237991333007812,0.07913970947265625,0.15324020385742188,0.2555274963378906,0.21309280395507812,0.07913970947265625
1242_0.99_0.57.png,0.17635726928710938,0.38824462890625,-0.21188735961914062,0.27957916259765625,0.2759590148925781,0.38824462890625
1247_0.62_1.15.png,0.059383392333984375,0.053680419921875,0.005702972412109375,-0.0081329345703125,0.013820648193359375,0.053680419921875
1248_0.97_1.88.png,0.19624710083007812,0.20168113708496094,-0.0054340362548828125,0.17218780517578125,0.18667221069335938,0.20168113708496094
1251_0.98_0.8.png,0.07196617126464844,-0.0326080322265625,0.10457420349121094,-0.024705886840820312,0.0015888214111328125,-0.0326080322265625
1253_0.91_1.15.png,0.02037811279296875,-0.07571792602539062,0.09609603881835938,0.054981231689453125,0.0325469970703125,-0.07571792602539062
125_0.77_0.94.png,-0.49538421630859375,-0.47004127502441406,-0.025342941284179688,-0.5352096557617188,-0.5102939605712891,-0.47004127502441406
1260_0.82_1.01.png,0.10482978820800781,-0.025012969970703125,0.12984275817871094,-0.008914947509765625,-0.0124359130859375,-0.025012969970703125
1261_0.52_1.86.png,0.15068817138671875,0.18033599853515625,-0.0296478271484375,0.18030548095703125,0.16961288452148438,0.18033599853515625
1268_0.82_1.47.png,0.34393310546875,0.12828826904296875,0.21564483642578125,0.13114547729492188,0.17020797729492188,0.12828826904296875
1269_0.51_1.67.png,0.21841049194335938,0.19912338256835938,0.019287109375,0.2638397216796875,0.2571144104003906,0.19912338256835938
1274_0.59_0.67.png,0.16040802001953125,-0.08265304565429688,0.24306106567382812,-0.045261383056640625,-0.016803741455078125,-0.08265304565429688
1279_0.87_0.95.png,-0.05188751220703125,0.016872406005859375,-0.06875991821289062,-0.004352569580078125,-0.0300445556640625,0.016872406005859375
1280_0.67_0.76.png,-0.056606292724609375,-0.06983566284179688,0.0132293701171875,-0.0674896240234375,-0.083160400390625,-0.06983566284179688
1281_0.89_0.85.png,0.056209564208984375,-0.07159042358398438,0.12779998779296875,-0.06073760986328125,-0.06103515625,-0.07159042358398438
1282_0.62_0.6.png,0.15464019775390625,0.031780242919921875,0.12285995483398438,0.06860733032226562,0.07365798950195312,0.031780242919921875
1286_0.98_0.99.png,-0.061443328857421875,-0.13654708862304688,0.075103759765625,-0.0919342041015625,-0.11335372924804688,-0.13654708862304688
1296_0.61_1.52.png,0.4177055358886719,0.23658370971679688,0.181121826171875,0.25978851318359375,0.2813835144042969,0.23658370971679688
1297_0.99_0.69.png,-0.023517608642578125,-0.29363250732421875,0.2701148986816406,-0.35306549072265625,-0.2767143249511719,-0.29363250732421875
1299_0.83_1.21.png,-0.11217117309570312,-0.4244232177734375,0.3122520446777344,-0.36994171142578125,-0.3229560852050781,-0.4244232177734375
1302_0.53_1.14.png,0.08223342895507812,-0.08267593383789062,0.16490936279296875,0.002529144287109375,0.00147247314453125,-0.08267593383789062
1308_0.84_1.04.png,-0.2823638916015625,-0.3838958740234375,0.101531982421875,-0.3408470153808594,-0.35997772216796875,-0.3838958740234375
1309_0.83_1.35.png,0.0811920166015625,0.056125640869140625,0.025066375732421875,0.034008026123046875,0.04595184326171875,0.056125640869140625
1317_0.53_1.87.png,-0.07932662963867188,0.00351715087890625,-0.08284378051757812,-0.048007965087890625,-0.0645599365234375,0.00351715087890625
1320_0.7_0.99.png,-0.2795219421386719,-0.11716842651367188,-0.162353515625,-0.26490020751953125,-0.23227310180664062,-0.11716842651367188
1321_0.95_0.81.png,-0.071380615234375,-0.23923873901367188,0.16785812377929688,-0.18711090087890625,-0.18934249877929688,-0.23923873901367188
1322_0.64_1.06.png,-0.02579498291015625,-0.19308090209960938,0.16728591918945312,-0.14863204956054688,-0.13433456420898438,-0.19308090209960938
1327_0.98_0.74.png,-0.2965583801269531,-0.309661865234375,0.013103485107421875,-0.391510009765625,-0.3582916259765625,-0.309661865234375
1331_0.9_1.69.png,0.12460708618164062,0.10429000854492188,0.02031707763671875,0.07384490966796875,0.10223770141601562,0.10429000854492188
1332_0.75_0.69.png,-0.24042892456054688,-0.19883346557617188,-0.041595458984375,-0.21687698364257812,-0.22887039184570312,-0.19883346557617188
1334_0.64_1.51.png,-0.2830238342285156,-0.19808578491210938,-0.08493804931640625,-0.3044166564941406,-0.29158782958984375,-0.19808578491210938
1340_0.84_1.32.png,0.09450531005859375,0.01906585693359375,0.075439453125,0.0128936767578125,0.024322509765625,0.01906585693359375
1344_0.71_0.79.png,0.13159561157226562,-0.02350616455078125,0.15510177612304688,-0.0203857421875,0.004638671875,-0.02350616455078125
1351_0.98_1.46.png,-0.23381996154785156,-0.22008514404296875,-0.013734817504882812,-0.2747650146484375,-0.2564888000488281,-0.22008514404296875
1352_0.7_1.62.png,-0.4200572967529297,-0.41059112548828125,-0.009466171264648438,-0.4711170196533203,-0.44938087463378906,-0.41059112548828125
1355_0.85_0.57.png,0.11684036254882812,-0.04618072509765625,0.16302108764648438,0.02014923095703125,-0.02773284912109375,-0.04618072509765625
1361_0.95_0.66.png,-0.07996749877929688,-0.27816009521484375,0.19819259643554688,-0.1778106689453125,-0.20735549926757812,-0.27816009521484375
1362_0.72_0.84.png,0.007358551025390625,-0.16400146484375,0.17136001586914062,-0.07279205322265625,-0.1065216064453125,-0.16400146484375
1363_0.77_1.15.png,0.02446746826171875,-0.155059814453125,0.17952728271484375,-0.07564926147460938,-0.09981536865234375,-0.155059814453125
1365_0.6_1.68.png,-0.308807373046875,-0.30310821533203125,-0.00569915771484375,-0.2953033447265625,-0.30988311767578125,-0.30310821533203125
1366_0.97_0.87.png,-0.4315299987792969,-0.6879539489746094,0.2564239501953125,-0.6217765808105469,-0.6415672302246094,-0.6879539489746094
1372_0.51_0.74.png,-0.07915115356445312,-0.00040435791015625,-0.07874679565429688,-0.046550750732421875,-0.07912445068359375,-0.00040435791015625
1375_0.91_1.75.png,0.22899627685546875,0.08963775634765625,0.1393585205078125,0.11114501953125,0.12584686279296875,0.08963775634765625
1378_0.56_1.67.png,-0.060596466064453125,-0.05825042724609375,-0.002346038818359375,-0.08282470703125,-0.0837554931640625,-0.05825042724609375
1391_0.87_1.32.png,0.11834716796875,-0.00322723388671875,0.12157440185546875,-0.005218505859375,0.0086517333984375,-0.00322723388671875
1394_0.64_1.0.png,0.21576309204101562,-0.017238616943359375,0.233001708984375,0.050350189208984375,0.08388900756835938,-0.017238616943359375
1402_0.73_0.73.png,-0.005558013916015625,-0.2630653381347656,0.25750732421875,-0.198760986328125,-0.1855621337890625,-0.2630653381347656
1403_0.73_1.26.png,0.009662628173828125,-0.21713638305664062,0.22679901123046875,-0.1722869873046875,-0.12230300903320312,-0.21713638305664062
1407_0.6_1.92.png,0.17955398559570312,0.051586151123046875,0.12796783447265625,0.14553070068359375,0.10228347778320312,0.051586151123046875
1413_0.65_1.47.png,-0.4761161804199219,-0.2706718444824219,-0.2054443359375,-0.3221435546875,-0.3199348449707031,-0.2706718444824219
1429_0.5_1.16.png,-0.21548080444335938,-0.32791900634765625,0.11243820190429688,-0.26102447509765625,-0.2741889953613281,-0.32791900634765625
1430_0.51_1.86.png,-0.20627212524414062,-0.29799461364746094,0.09172248840332031,-0.238983154296875,-0.25751495361328125,-0.29799461364746094
1440_0.65_1.26.png,0.16209983825683594,0.04561805725097656,0.11648178100585938,0.03517723083496094,0.09185600280761719,0.04561805725097656
1448_0.97_1.24.png,-0.21464920043945312,-0.4080314636230469,0.19338226318359375,-0.3583946228027344,-0.3389854431152344,-0.4080314636230469
1453_0.64_1.53.png,0.022960662841796875,0.15608978271484375,-0.13312911987304688,0.10614776611328125,0.1016082763671875,0.15608978271484375
1455_0.79_0.88.png,0.040065765380859375,0.17208099365234375,-0.13201522827148438,0.14282989501953125,0.12765884399414062,0.17208099365234375
1466_0.85_1.61.png,0.052333831787109375,0.07180023193359375,-0.019466400146484375,0.09590911865234375,0.08861923217773438,0.07180023193359375
1469_0.6_1.73.png,-0.7023696899414062,-0.45672607421875,-0.24564361572265625,-0.5239181518554688,-0.5508689880371094,-0.45672607421875
1470_0.63_1.26.png,-0.5409965515136719,-0.2640724182128906,-0.27692413330078125,-0.34272003173828125,-0.43670654296875,-0.2640724182128906
1472_0.95_0.58.png,-0.11024856567382812,-0.20418167114257812,0.09393310546875,-0.2568016052246094,-0.24916839599609375,-0.20418167114257812
1478_0.69_1.36.png,0.08950424194335938,-0.05359458923339844,0.1430988311767578,-0.031902313232421875,-0.022275924682617188,-0.05359458923339844
147_0.85_1.8.png,-0.2808876037597656,-0.2778968811035156,-0.00299072265625,-0.33101654052734375,-0.31842041015625,-0.2778968811035156
1483_0.89_1.89.png,-0.1576080322265625,-0.06655120849609375,-0.09105682373046875,-0.061267852783203125,-0.060955047607421875,-0.06655120849609375
148_0.79_1.94.png,-0.25212860107421875,-0.2610511779785156,0.008922576904296875,-0.3128471374511719,-0.2977867126464844,-0.2610511779785156
1490_0.76_0.64.png,0.22457504272460938,0.14824295043945312,0.07633209228515625,0.09676742553710938,0.14510345458984375,0.14824295043945312
1492_0.97_0.72.png,0.14572525024414062,0.0303192138671875,0.11540603637695312,0.05622100830078125,0.062206268310546875,0.0303192138671875
1496_0.55_1.19.png,0.051319122314453125,0.1828460693359375,-0.13152694702148438,0.15657424926757812,0.11709976196289062,0.1828460693359375
1500_0.87_1.88.png,0.11579132080078125,-0.02490997314453125,0.1407012939453125,0.01706695556640625,0.020847320556640625,-0.02490997314453125
1501_0.82_1.27.png,0.3515472412109375,0.160614013671875,0.1909332275390625,0.18977737426757812,0.18390655517578125,0.160614013671875
1504_0.64_0.94.png,0.4963226318359375,0.083587646484375,0.4127349853515625,0.17134857177734375,0.19495010375976562,0.083587646484375
1506_0.92_1.66.png,0.17954635620117188,0.02269744873046875,0.15684890747070312,0.07811737060546875,0.048122406005859375,0.02269744873046875
1513_0.71_1.67.png,0.01778411865234375,0.031887054443359375,-0.014102935791015625,0.0243072509765625,0.01488494873046875,0.031887054443359375
151_0.85_1.89.png,-0.040920257568359375,-0.23064041137695312,0.18972015380859375,-0.17989349365234375,-0.1334686279296875,-0.23064041137695312
1525_0.91_1.05.png,0.07367324829101562,-0.0904388427734375,0.16411209106445312,-0.06877517700195312,-0.06436920166015625,-0.0904388427734375
1527_0.79_1.5.png,0.16228485107421875,0.0536651611328125,0.10861968994140625,0.06282806396484375,0.056026458740234375,0.0536651611328125
1533_0.88_0.99.png,0.16283416748046875,0.05869293212890625,0.1041412353515625,0.05385589599609375,0.04523468017578125,0.05869293212890625
1536_0.73_1.93.png,-0.14597320556640625,-0.05437469482421875,-0.0915985107421875,-0.07145309448242188,-0.138214111328125,-0.05437469482421875
1541_0.72_1.23.png,0.3310127258300781,0.053272247314453125,0.277740478515625,0.14493560791015625,0.11040115356445312,0.053272247314453125
1542_0.86_0.58.png,0.21669769287109375,-0.05100250244140625,0.2677001953125,0.10412216186523438,0.052219390869140625,-0.05100250244140625
1543_0.92_1.98.png,0.12688064575195312,0.0146331787109375,0.11224746704101562,0.0473480224609375,0.03507232666015625,0.0146331787109375
1545_0.84_1.34.png,0.08687591552734375,0.0499114990234375,0.03696441650390625,0.0523834228515625,0.047977447509765625,0.0499114990234375
154_0.97_0.91.png,0.0183258056640625,-0.047962188720703125,0.06628799438476562,0.09224319458007812,0.08493423461914062,-0.047962188720703125
1561_0.57_1.08.png,0.15613555908203125,0.12833786010742188,0.027797698974609375,0.13298797607421875,0.1516265869140625,0.12833786010742188
1562_1.0_0.93.png,0.054454803466796875,0.21258163452148438,-0.1581268310546875,0.1697235107421875,0.1697998046875,0.21258163452148438
1566_0.94_1.98.png,0.19977951049804688,0.057254791259765625,0.14252471923828125,0.09359359741210938,0.06765365600585938,0.057254791259765625
156_0.57_1.11.png,0.09518051147460938,-0.016162872314453125,0.1113433837890625,0.11272811889648438,0.07309722900390625,-0.016162872314453125
1570_0.76_1.09.png,0.03615570068359375,-0.02428436279296875,0.0604400634765625,-0.07929611206054688,-0.054340362548828125,-0.02428436279296875
1571_0.87_0.66.png,0.13538360595703125,0.00336456298828125,0.13201904296875,-0.0299224853515625,-0.001277923583984375,0.00336456298828125
1572_0.9_1.45.png,0.054080963134765625,0.0046234130859375,0.049457550048828125,-0.03668212890625,-0.011669158935546875,0.0046234130859375
1578_0.57_1.99.png,0.1666717529296875,0.011272430419921875,0.15539932250976562,0.01207733154296875,0.019847869873046875,0.011272430419921875
1580_0.7_1.59.png,0.12705612182617188,-0.0797271728515625,0.20678329467773438,-0.0784759521484375,-0.01639556884765625,-0.0797271728515625
1582_0.68_1.61.png,0.2527656555175781,0.082275390625,0.17049026489257812,0.1046295166015625,0.16587066650390625,0.082275390625
1585_0.59_0.64.png,0.20201492309570312,0.12000274658203125,0.08201217651367188,0.181182861328125,0.19462966918945312,0.12000274658203125
1592_0.54_1.46.png,0.23841094970703125,0.21004867553710938,0.028362274169921875,0.2721214294433594,0.2571144104003906,0.21004867553710938
1595_0.99_1.84.png,-0.06685066223144531,-0.023656845092773438,-0.043193817138671875,-0.031116485595703125,-0.03020477294921875,-0.023656845092773438
1597_0.69_1.45.png,0.3416633605957031,0.106170654296875,0.23549270629882812,0.16514205932617188,0.19191741943359375,0.106170654296875
1600_0.78_1.77.png,0.263519287109375,0.058135986328125,0.20538330078125,0.09159088134765625,0.12712860107421875,0.058135986328125
1615_0.91_1.25.png,0.14601898193359375,-0.08473968505859375,0.2307586669921875,-0.048732757568359375,-0.050136566162109375,-0.08473968505859375
161_0.83_1.56.png,0.04607391357421875,-0.07455635070800781,0.12063026428222656,-0.06095123291015625,-0.045047760009765625,-0.07455635070800781
1620_0.62_0.9.png,0.4287071228027344,-0.00618743896484375,0.4348945617675781,0.15331649780273438,0.13534164428710938,-0.00618743896484375
1635_0.64_0.55.png,-0.26415252685546875,0.066925048828125,-0.33107757568359375,-0.05525970458984375,-0.07648086547851562,0.066925048828125
1636_0.96_1.23.png,0.18939590454101562,0.1932830810546875,-0.003887176513671875,0.10405349731445312,0.15442657470703125,0.1932830810546875
1641_0.97_1.87.png,0.17333221435546875,0.03594970703125,0.13738250732421875,0.038860321044921875,0.06908798217773438,0.03594970703125
1646_0.55_1.55.png,-0.02570343017578125,-0.01020050048828125,-0.0155029296875,0.03797149658203125,-0.02468109130859375,-0.01020050048828125
1650_0.76_1.07.png,0.30068206787109375,0.04915618896484375,0.25152587890625,0.2789268493652344,0.14532470703125,0.04915618896484375
1659_0.8_1.01.png,0.5809593200683594,0.23779296875,0.3431663513183594,0.3671379089355469,0.2641143798828125,0.23779296875
1673_0.63_1.48.png,0.18933868408203125,-0.03450775146484375,0.223846435546875,0.0455780029296875,0.044155120849609375,-0.03450775146484375
167_0.83_0.5.png,-0.06105804443359375,-0.0627593994140625,0.00170135498046875,-0.07244873046875,-0.12670516967773438,-0.0627593994140625
1692_0.67_1.76.png,0.15506744384765625,-0.002552032470703125,0.15761947631835938,0.055515289306640625,0.08111190795898438,-0.002552032470703125
169_0.8_0.81.png,0.0207366943359375,-0.18284225463867188,0.20357894897460938,-0.12912750244140625,-0.08611297607421875,-0.18284225463867188
1700_0.89_1.15.png,-0.032016754150390625,-0.10208511352539062,0.070068359375,-0.03246307373046875,-0.07067108154296875,-0.10208511352539062
1701_0.55_0.71.png,0.18248367309570312,-0.041530609130859375,0.2240142822265625,0.12822341918945312,0.04903411865234375,-0.041530609130859375
1706_0.83_0.85.png,0.2374267578125,0.07163619995117188,0.16579055786132812,0.13858795166015625,0.10589981079101562,0.07163619995117188
1716_0.87_0.59.png,-0.0376129150390625,-0.05934906005859375,0.02173614501953125,-0.036281585693359375,-0.028743743896484375,-0.05934906005859375
1720_0.71_1.73.png,0.12518310546875,-0.034717559814453125,0.15990066528320312,0.01959991455078125,0.02484893798828125,-0.034717559814453125
1734_0.67_0.82.png,0.059574127197265625,-0.21366119384765625,0.2732353210449219,-0.12429046630859375,-0.14846420288085938,-0.21366119384765625
1738_0.58_1.63.png,0.016368865966796875,0.023014068603515625,-0.00664520263671875,-0.003063201904296875,-0.00066375732421875,0.023014068603515625
1740_0.62_1.79.png,0.016254425048828125,-0.014621734619140625,0.03087615966796875,-0.029697418212890625,-0.033687591552734375,-0.014621734619140625
1741_0.52_0.81.png,0.0131378173828125,-0.00128936767578125,0.01442718505859375,0.05480194091796875,0.05329132080078125,-0.00128936767578125
1746_0.86_1.2.png,0.05898284912109375,0.009124755859375,0.04985809326171875,0.015422821044921875,0.021900177001953125,0.009124755859375
1748_0.82_1.35.png,0.11927413940429688,0.012451171875,0.10682296752929688,0.043819427490234375,0.03350830078125,0.012451171875
174_0.89_1.7.png,-0.08799362182617188,-0.17507171630859375,0.08707809448242188,-0.15650558471679688,-0.15793991088867188,-0.17507171630859375
1751_0.55_0.84.png,0.0741424560546875,0.08512115478515625,-0.01097869873046875,0.12375640869140625,0.09186935424804688,0.08512115478515625
1759_0.7_1.38.png,0.006374359130859375,-0.00283050537109375,0.009204864501953125,-0.01424407958984375,-0.0159912109375,-0.00283050537109375
1763_0.58_1.25.png,0.2614250183105469,0.021694183349609375,0.2397308349609375,0.07645416259765625,0.173095703125,0.021694183349609375
1764_0.84_1.26.png,0.2725639343261719,0.08951568603515625,0.18304824829101562,0.11397552490234375,0.13832473754882812,0.08951568603515625
1780_0.81_0.83.png,-0.2777099609375,-0.02658843994140625,-0.25112152099609375,-0.08724212646484375,-0.11147689819335938,-0.02658843994140625
1783_0.8_1.77.png,0.010585784912109375,-0.18172073364257812,0.1923065185546875,-0.16564559936523438,-0.1250762939453125,-0.18172073364257812
1790_0.66_1.46.png,0.027217864990234375,0.004791259765625,0.022426605224609375,0.07452392578125,0.050823211669921875,0.004791259765625
1791_0.92_1.26.png,0.05718994140625,0.049221038818359375,0.007968902587890625,0.10166549682617188,0.045703887939453125,0.049221038818359375
1795_0.99_1.84.png,0.122161865234375,-0.030910491943359375,0.15307235717773438,0.021175384521484375,0.002040863037109375,-0.030910491943359375
179_0.79_1.66.png,0.08331680297851562,-0.06483078002929688,0.1481475830078125,0.01171875,-0.04079437255859375,-0.06483078002929688
1801_0.99_0.78.png,-0.07693862915039062,-0.2439117431640625,0.16697311401367188,-0.19719696044921875,-0.191650390625,-0.2439117431640625
1802_0.98_0.53.png,-0.018970489501953125,-0.23194503784179688,0.21297454833984375,-0.177337646484375,-0.17274093627929688,-0.23194503784179688
1803_0.99_1.79.png,-0.09980392456054688,-0.20739364624023438,0.1075897216796875,-0.17913436889648438,-0.1696014404296875,-0.20739364624023438
1804_0.8_1.29.png,-0.035083770751953125,-0.19798660278320312,0.16290283203125,-0.1534271240234375,-0.1136474609375,-0.19798660278320312
1808_0.8_1.64.png,0.3081398010253906,-0.055652618408203125,0.36379241943359375,-0.007656097412109375,0.06281280517578125,-0.055652618408203125
1811_0.62_1.47.png,0.10836410522460938,0.00018310546875,0.10818099975585938,0.011932373046875,0.01605224609375,0.00018310546875
1815_0.55_0.96.png,-0.09302902221679688,-0.23701095581054688,0.14398193359375,0.036472320556640625,-0.10539627075195312,-0.23701095581054688
1816_0.55_1.84.png,-0.033809661865234375,-0.1384735107421875,0.10466384887695312,0.04645538330078125,-0.04424285888671875,-0.1384735107421875
1818_0.7_1.19.png,0.19548797607421875,0.31622314453125,-0.12073516845703125,0.3402442932128906,0.29798126220703125,0.31622314453125
1821_0.98_1.57.png,0.113494873046875,0.13175201416015625,-0.01825714111328125,0.07978057861328125,0.12488174438476562,0.13175201416015625
1823_0.78_0.96.png,0.0066070556640625,0.03094482421875,-0.0243377685546875,-0.06483840942382812,0.005443572998046875,0.03094482421875
1829_0.55_1.16.png,0.16920089721679688,-0.010944366455078125,0.180145263671875,-0.039585113525390625,0.023166656494140625,-0.010944366455078125
182_0.69_0.53.png,-0.19765853881835938,0.21632003784179688,-0.41397857666015625,0.10760116577148438,0.0811004638671875,0.21632003784179688
1831_0.68_1.19.png,0.2509269714355469,0.06809616088867188,0.182830810546875,0.011810302734375,0.09714889526367188,0.06809616088867188
1833_0.88_1.83.png,0.18566513061523438,-0.0479888916015625,0.23365402221679688,-0.0169830322265625,0.08403396606445312,-0.0479888916015625
1834_0.54_1.06.png,0.228851318359375,-0.2165679931640625,0.4454193115234375,-0.11083984375,-0.101806640625,-0.2165679931640625
1841_0.64_1.79.png,-0.0227813720703125,-0.056247711181640625,0.033466339111328125,0.0009613037109375,0.0010833740234375,-0.056247711181640625
1848_0.98_1.11.png,0.22164154052734375,0.019207000732421875,0.20243453979492188,0.07191848754882812,0.09235000610351562,0.019207000732421875
1853_0.9_0.88.png,0.15631103515625,0.05274200439453125,0.10356903076171875,0.14481353759765625,0.07677459716796875,0.05274200439453125
1859_0.73_1.32.png,0.2361297607421875,0.06174468994140625,0.17438507080078125,0.12732696533203125,0.10967254638671875,0.06174468994140625
185_0.65_1.74.png,-0.36876678466796875,-0.31031036376953125,-0.0584564208984375,-0.3211936950683594,-0.31172943115234375,-0.31031036376953125
1861_0.85_0.51.png,-0.0330810546875,-0.007846832275390625,-0.025234222412109375,-0.01212310791015625,-0.024753570556640625,-0.007846832275390625
1867_0.67_1.54.png,0.016254425048828125,-0.0719146728515625,0.08816909790039062,-0.09763717651367188,-0.056713104248046875,-0.0719146728515625
1869_0.54_1.64.png,0.16513442993164062,-0.016483306884765625,0.18161773681640625,0.07238006591796875,0.07916259765625,-0.016483306884765625
1875_0.95_0.91.png,0.04225921630859375,-0.1693878173828125,0.21164703369140625,-0.10370254516601562,-0.08515167236328125,-0.1693878173828125
1876_0.97_1.69.png,-0.030605316162109375,-0.18793487548828125,0.15732955932617188,-0.1427001953125,-0.13306045532226562,-0.18793487548828125
1889_0.63_0.55.png,0.31790924072265625,0.19826889038085938,0.11964035034179688,0.35883331298828125,0.22397994995117188,0.19826889038085938
1898_0.84_0.98.png,0.26180267333984375,0.13587570190429688,0.12592697143554688,0.1548004150390625,0.15935897827148438,0.13587570190429688
18_0.55_1.6.png,-0.054409027099609375,0.035289764404296875,-0.08969879150390625,-0.0916290283203125,-0.058135986328125,0.035289764404296875
1902_0.89_1.97.png,-0.07544708251953125,-0.12289810180664062,0.047451019287109375,-0.07502365112304688,-0.0967254638671875,-0.12289810180664062
1903_0.54_1.57.png,0.012210845947265625,-0.052951812744140625,0.06516265869140625,0.017169952392578125,0.0222320556640625,-0.052951812744140625
1905_0.76_1.8.png,-0.03546905517578125,-0.0591583251953125,0.02368927001953125,-0.00333404541015625,0.01691436767578125,-0.0591583251953125
1909_0.97_1.74.png,0.15350341796875,0.084716796875,0.06878662109375,0.047031402587890625,0.1150054931640625,0.084716796875
1914_0.81_0.98.png,0.2234649658203125,0.11691665649414062,0.10654830932617188,0.14870834350585938,0.14117813110351562,0.11691665649414062
1916_0.51_0.74.png,-0.46280670166015625,-0.3454742431640625,-0.11733245849609375,-0.3279838562011719,-0.4004364013671875,-0.3454742431640625
191_0.53_1.57.png,-0.04010009765625,-0.23647308349609375,0.19637298583984375,-0.14154052734375,-0.12760162353515625,-0.23647308349609375
1925_0.83_1.92.png,-0.00081634521484375,-0.08388900756835938,0.08307266235351562,-0.0767974853515625,-0.0455322265625,-0.08388900756835938
1929_0.88_1.23.png,0.3252677917480469,0.14812850952148438,0.1771392822265625,0.15932464599609375,0.1737823486328125,0.14812850952148438
1932_0.8_1.59.png,0.250152587890625,0.076873779296875,0.17327880859375,0.09125900268554688,0.10402297973632812,0.076873779296875
1947_0.91_1.85.png,0.00769805908203125,-0.06356048583984375,0.071258544921875,-0.047027587890625,-0.03472137451171875,-0.06356048583984375
1958_0.87_1.08.png,-0.00536346435546875,0.021465301513671875,-0.026828765869140625,0.003505706787109375,0.02339935302734375,0.021465301513671875
1960_0.8_0.62.png,-0.0401611328125,0.12353515625,-0.1636962890625,0.065765380859375,0.0589141845703125,0.12353515625
1971_0.99_1.02.png,0.0614013671875,-0.001556396484375,0.062957763671875,0.00199127197265625,0.03467559814453125,-0.001556396484375
1987_0.88_0.57.png,0.4763908386230469,0.5259933471679688,-0.049602508544921875,0.5313491821289062,0.4188041687011719,0.5259933471679688
1990_0.97_0.51.png,-0.20222091674804688,-0.21384048461914062,0.01161956787109375,-0.2105712890625,-0.22709274291992188,-0.21384048461914062
1995_0.89_1.88.png,0.055217742919921875,-0.06695938110351562,0.1221771240234375,-0.049274444580078125,-0.049388885498046875,-0.06695938110351562
1996_0.77_1.8.png,0.02323150634765625,-0.1216888427734375,0.14492034912109375,-0.09023666381835938,-0.0874786376953125,-0.1216888427734375
2002_0.86_1.83.png,0.007663726806640625,-0.0989837646484375,0.10664749145507812,-0.074859619140625,-0.07347869873046875,-0.0989837646484375
200_0.88_0.55.png,-0.19306182861328125,-0.4419097900390625,0.24884796142578125,-0.3725242614746094,-0.3435020446777344,-0.4419097900390625
2010_0.89_1.17.png,0.0594482421875,-0.13744354248046875,0.19689178466796875,-0.10931015014648438,-0.040313720703125,-0.13744354248046875
2013_1.0_1.78.png,0.1430816650390625,0.12672042846679688,0.016361236572265625,0.053714752197265625,0.12372207641601562,0.12672042846679688
2023_0.82_1.53.png,-0.07435226440429688,-0.18577957153320312,0.11142730712890625,-0.15534210205078125,-0.14636993408203125,-0.18577957153320312
2034_0.77_0.91.png,-0.06647109985351562,-0.039173126220703125,-0.0272979736328125,-0.12009429931640625,-0.08131790161132812,-0.039173126220703125
2038_0.84_1.68.png,0.04329681396484375,0.015079498291015625,0.028217315673828125,-0.001735687255859375,0.002948760986328125,0.015079498291015625
2046_0.76_1.87.png,0.11725616455078125,0.00638580322265625,0.110870361328125,0.01998138427734375,0.044429779052734375,0.00638580322265625
2050_0.8_1.8.png,0.001125335693359375,-0.0329742431640625,0.034099578857421875,-0.018817901611328125,-0.0302734375,-0.0329742431640625
2051_0.92_0.92.png,0.04988861083984375,0.09365463256835938,-0.043766021728515625,0.02916717529296875,0.054508209228515625,0.09365463256835938
205_0.81_0.73.png,0.14696121215820312,0.13639450073242188,0.01056671142578125,0.11772918701171875,0.06465530395507812,0.13639450073242188
2060_0.51_1.57.png,0.24555206298828125,0.16307830810546875,0.0824737548828125,0.22133255004882812,0.18047332763671875,0.16307830810546875
2066_0.95_1.0.png,0.295745849609375,0.0890045166015625,0.2067413330078125,0.1132965087890625,0.10936737060546875,0.0890045166015625
2072_0.87_1.18.png,-0.09625244140625,-0.3243675231933594,0.22811508178710938,-0.2674369812011719,-0.2425079345703125,-0.3243675231933594
2079_0.62_1.17.png,0.011386871337890625,-0.19128799438476562,0.20267486572265625,-0.1683197021484375,-0.15163040161132812,-0.19128799438476562
2084_0.73_1.89.png,0.052494049072265625,0.00594329833984375,0.046550750732421875,-0.021877288818359375,0.036235809326171875,0.00594329833984375
208_0.52_0.53.png,0.061435699462890625,0.04573822021484375,0.015697479248046875,0.08780670166015625,0.059070587158203125,0.04573822021484375
209_0.89_1.85.png,0.23350143432617188,0.2961921691894531,-0.06269073486328125,0.2972221374511719,0.2860832214355469,0.2961921691894531
2101_0.83_1.14.png,0.08537673950195312,-0.029659271240234375,0.1150360107421875,0.011325836181640625,0.009845733642578125,-0.029659271240234375
2108_0.55_1.9.png,0.08188247680664062,-0.06949996948242188,0.1513824462890625,0.01694488525390625,-0.008373260498046875,-0.06949996948242188
210_0.87_0.81.png,0.26708984375,0.4411468505859375,-0.1740570068359375,0.4542961120605469,0.38175201416015625,0.4411468505859375
2110_0.97_1.98.png,0.048053741455078125,-0.043636322021484375,0.0916900634765625,-0.035373687744140625,-0.032833099365234375,-0.043636322021484375
2117_0.76_1.14.png,0.12107086181640625,-0.10895919799804688,0.23003005981445312,-0.06949996948242188,-0.06406402587890625,-0.10895919799804688
2118_0.86_1.55.png,-0.08712005615234375,-0.27191925048828125,0.1847991943359375,-0.23755264282226562,-0.23642730712890625,-0.27191925048828125
2121_0.73_0.63.png,0.47380828857421875,0.12886810302734375,0.344940185546875,0.2895050048828125,0.2786865234375,0.12886810302734375
2125_0.65_0.5.png,0.0347900390625,-0.10269927978515625,0.13748931884765625,-0.15499114990234375,-0.11894989013671875,-0.10269927978515625
2132_0.76_1.7.png,0.3100090026855469,0.07820892333984375,0.23180007934570312,0.11739730834960938,0.1287689208984375,0.07820892333984375
2138_0.88_1.49.png,0.203338623046875,0.08975601196289062,0.11358261108398438,0.10195541381835938,0.11517333984375,0.08975601196289062
2141_0.55_0.57.png,0.4021339416503906,-0.009471893310546875,0.4116058349609375,0.14860916137695312,0.1295623779296875,-0.009471893310546875
2142_0.81_1.58.png,0.05629730224609375,-0.0443572998046875,0.10065460205078125,-0.0396270751953125,-0.0339813232421875,-0.0443572998046875
2150_0.89_1.44.png,0.1026153564453125,0.058933258056640625,0.043682098388671875,0.040012359619140625,0.06863784790039062,0.058933258056640625
2151_0.78_0.51.png,0.2545433044433594,0.02141571044921875,0.23312759399414062,0.14868545532226562,0.1642913818359375,0.02141571044921875
2153_0.61_1.16.png,0.3103141784667969,0.033660888671875,0.2766532897949219,0.0745086669921875,0.18376922607421875,0.033660888671875
2161_0.69_1.35.png,0.3151283264160156,0.06819915771484375,0.24692916870117188,0.10216522216796875,0.17343521118164062,0.06819915771484375
2167_0.55_0.91.png,0.21126556396484375,-0.0129852294921875,0.22425079345703125,0.10578536987304688,0.0969085693359375,-0.0129852294921875
2176_0.54_1.82.png,0.09846115112304688,-0.011989593505859375,0.11045074462890625,0.08225250244140625,0.07874298095703125,-0.011989593505859375
2182_0.83_1.85.png,-0.02459716796875,-0.15326309204101562,0.12866592407226562,-0.1862640380859375,-0.14315414428710938,-0.15326309204101562
2183_0.71_1.28.png,0.16251373291015625,0.030261993408203125,0.13225173950195312,0.058109283447265625,0.10680007934570312,0.030261993408203125
2186_0.56_1.06.png,-0.3384971618652344,-0.04747772216796875,-0.2910194396972656,-0.166473388671875,-0.20673370361328125,-0.04747772216796875
2192_0.68_1.84.png,0.1660614013671875,0.1407928466796875,0.0252685546875,0.08750152587890625,0.10029220581054688,0.1407928466796875
2194_0.94_1.6.png,0.007457733154296875,-0.003292083740234375,0.01074981689453125,-0.0582733154296875,-0.046131134033203125,-0.003292083740234375
2197_0.51_1.2.png,0.1042022705078125,0.11460113525390625,-0.01039886474609375,0.16872406005859375,0.1606292724609375,0.11460113525390625
2198_0.89_1.09.png,0.12228012084960938,0.0309600830078125,0.09132003784179688,0.03203582763671875,0.04876708984375,0.0309600830078125
2199_0.95_1.36.png,0.11151885986328125,0.02446746826171875,0.0870513916015625,0.013072967529296875,0.0841522216796875,0.02446746826171875
21_0.84_0.84.png,0.18555068969726562,0.07013320922851562,0.11541748046875,0.109954833984375,0.11649703979492188,0.07013320922851562
2205_0.53_0.61.png,-0.16962814331054688,0.24274826049804688,-0.41237640380859375,0.11626052856445312,0.1074371337890625,0.24274826049804688
2209_0.83_1.05.png,0.43802642822265625,0.18488311767578125,0.253143310546875,0.23210525512695312,0.2904777526855469,0.18488311767578125
2214_0.86_1.48.png,0.09072494506835938,-0.001201629638671875,0.09192657470703125,0.00460052490234375,0.005336761474609375,-0.001201629638671875
2219_0.78_1.0.png,0.6452102661132812,0.4230461120605469,0.22216415405273438,0.4478607177734375,0.4774284362792969,0.4230461120605469
2221_0.94_1.85.png,0.5977897644042969,0.5809669494628906,0.01682281494140625,0.5467376708984375,0.5900001525878906,0.5809669494628906
2231_0.71_0.89.png,-0.02423095703125,-0.023403167724609375,-0.000827789306640625,-0.05724334716796875,-0.048675537109375,-0.023403167724609375
2237_0.6_1.84.png,-0.12157440185546875,-0.02408599853515625,-0.0974884033203125,-0.1475372314453125,-0.14012527465820312,-0.02408599853515625
2241_0.69_1.9.png,-0.0044708251953125,0.06136322021484375,-0.06583404541015625,0.04787445068359375,0.05004119873046875,0.06136322021484375
2243_0.75_1.64.png,-0.10762405395507812,0.0413055419921875,-0.14892959594726562,0.012237548828125,0.00774383544921875,0.0413055419921875
2248_0.61_0.82.png,-0.07891464233398438,-0.018768310546875,-0.060146331787109375,-0.11182403564453125,-0.0944366455078125,-0.018768310546875
2260_0.94_0.51.png,-0.029876708984375,-0.088592529296875,0.0587158203125,-0.059932708740234375,-0.05892181396484375,-0.088592529296875
2264_0.66_1.54.png,-0.054187774658203125,-0.07339859008789062,0.0192108154296875,-0.02214813232421875,-0.04046630859375,-0.07339859008789062
2267_0.77_1.17.png,-0.05548858642578125,-0.0354156494140625,-0.02007293701171875,-0.000171661376953125,-0.0231781005859375,-0.0354156494140625
2270_0.78_1.2.png,-0.2427215576171875,-0.02513885498046875,-0.21758270263671875,-0.044147491455078125,-0.14095306396484375,-0.02513885498046875
2274_0.51_1.64.png,-0.05304718017578125,-0.20498275756835938,0.15193557739257812,-0.041919708251953125,-0.11592864990234375,-0.20498275756835938
2277_0.69_0.53.png,-0.174072265625,-0.09064102172851562,-0.08343124389648438,-0.09292984008789062,-0.07636260986328125,-0.09064102172851562
2279_0.82_0.88.png,-0.127227783203125,-0.0576171875,-0.069610595703125,-0.089324951171875,-0.07691192626953125,-0.0576171875
2292_0.82_1.71.png,0.10225677490234375,0.0049285888671875,0.09732818603515625,0.0178070068359375,0.0455780029296875,0.0049285888671875
229_0.93_1.79.png,-0.00513458251953125,0.0372772216796875,-0.04241180419921875,0.07509994506835938,0.058460235595703125,0.0372772216796875
2300_0.99_1.84.png,0.08887863159179688,0.11193084716796875,-0.023052215576171875,0.06203460693359375,0.06409454345703125,0.11193084716796875
2323_0.8_0.67.png,0.23915863037109375,0.12436676025390625,0.1147918701171875,0.1435699462890625,0.17735671997070312,0.12436676025390625
2331_0.98_0.96.png,0.09392929077148438,-0.033008575439453125,0.1269378662109375,0.07062149047851562,0.01763916015625,-0.033008575439453125
2332_0.85_1.57.png,0.28981781005859375,0.037593841552734375,0.2522239685058594,0.15418624877929688,0.14135360717773438,0.037593841552734375
2340_0.98_1.97.png,0.2475109100341797,0.14641380310058594,0.10109710693359375,0.1514453887939453,0.1503162384033203,0.14641380310058594
2345_0.9_0.78.png,-0.07081985473632812,0.028163909912109375,-0.0989837646484375,-0.021183013916015625,-0.015110015869140625,0.028163909912109375
2348_0.52_0.95.png,0.503204345703125,0.18718719482421875,0.31601715087890625,0.26818084716796875,0.2706756591796875,0.18718719482421875
2356_0.82_1.97.png,0.04685211181640625,0.09404754638671875,-0.0471954345703125,0.0785369873046875,0.1121368408203125,0.09404754638671875
2358_0.78_1.5.png,0.17599105834960938,0.18701553344726562,-0.01102447509765625,0.18108749389648438,0.14268875122070312,0.18701553344726562
2363_0.66_1.89.png,0.25661468505859375,0.04885101318359375,0.207763671875,0.08162689208984375,0.0782928466796875,0.04885101318359375
2368_0.75_1.39.png,0.1732177734375,-0.02445220947265625,0.19766998291015625,-0.008636474609375,0.05859375,-0.02445220947265625
2370_0.65_1.01.png,0.2418365478515625,-0.007541656494140625,0.24937820434570312,0.045749664306640625,0.06217193603515625,-0.007541656494140625
2372_0.73_1.34.png,0.21024322509765625,-0.03783416748046875,0.248077392578125,0.006740570068359375,0.03903961181640625,-0.03783416748046875
2376_0.81_1.59.png,0.1802978515625,0.011493682861328125,0.16880416870117188,0.04273223876953125,0.07484054565429688,0.011493682861328125
237_0.62_1.11.png,-0.01560211181640625,0.020999908447265625,-0.036602020263671875,-0.040737152099609375,-0.03884124755859375,0.020999908447265625
2388_0.93_0.77.png,-0.24358367919921875,-0.0127105712890625,-0.23087310791015625,-0.18728256225585938,-0.15269851684570312,-0.0127105712890625
2394_0.81_1.27.png,-0.22996902465820312,-0.06569671630859375,-0.16427230834960938,-0.12922286987304688,-0.07255172729492188,-0.06569671630859375
239_0.62_1.87.png,0.025905609130859375,0.052532196044921875,-0.0266265869140625,0.01314544677734375,0.01342010498046875,0.052532196044921875
2400_0.58_0.53.png,0.24903106689453125,-0.039913177490234375,0.2889442443847656,0.14572906494140625,-0.00493621826171875,-0.039913177490234375
2410_0.57_1.09.png,0.1868896484375,0.00861358642578125,0.17827606201171875,0.039112091064453125,0.03376007080078125,0.00861358642578125
2417_0.58_1.91.png,0.09258270263671875,-0.020263671875,0.11284637451171875,0.0667266845703125,0.047435760498046875,-0.020263671875
2419_0.95_0.73.png,0.0491485595703125,-0.044651031494140625,0.09379959106445312,-0.019184112548828125,-0.039577484130859375,-0.044651031494140625
2424_0.59_2.0.png,0.029567718505859375,-0.031673431396484375,0.06124114990234375,-0.054096221923828125,-0.0416259765625,-0.031673431396484375
2432_0.94_1.56.png,-0.04764556884765625,-0.049945831298828125,0.002300262451171875,-0.0545501708984375,-0.06769943237304688,-0.049945831298828125
2440_0.59_0.9.png,0.32601165771484375,-0.06468963623046875,0.3907012939453125,0.02977752685546875,-0.00316619873046875,-0.06468963623046875
2451_0.74_1.66.png,-0.0266265869140625,-0.0367584228515625,0.0101318359375,-0.038425445556640625,-0.047634124755859375,-0.0367584228515625
2455_0.84_0.91.png,-0.07112503051757812,0.0798492431640625,-0.15097427368164062,0.013469696044921875,-0.036468505859375,0.0798492431640625
2456_0.72_0.6.png,-0.100555419921875,0.030200958251953125,-0.13075637817382812,-0.06688308715820312,-0.07558822631835938,0.030200958251953125
2459_0.58_1.6.png,0.09384918212890625,-0.06688308715820312,0.16073226928710938,-0.06751251220703125,0.0010833740234375,-0.06688308715820312
2460_0.51_1.58.png,0.1981353759765625,0.00519561767578125,0.19293975830078125,0.07521438598632812,0.09971237182617188,0.00519561767578125
2461_0.8_0.72.png,-0.053287506103515625,-0.038043975830078125,-0.0152435302734375,-0.06703948974609375,-0.03173065185546875,-0.038043975830078125
2465_0.88_1.38.png,0.047603607177734375,-0.017208099365234375,0.06481170654296875,0.04441070556640625,0.014865875244140625,-0.017208099365234375
2466_0.83_0.85.png,0.03533935546875,-0.07904434204101562,0.11438369750976562,0.049648284912109375,0.06458282470703125,-0.07904434204101562
2468_0.68_1.15.png,0.05663299560546875,-0.14817047119140625,0.204803466796875,0.057636260986328125,0.08427810668945312,-0.14817047119140625
2469_0.52_1.22.png,-0.13614273071289062,0.0706634521484375,-0.20680618286132812,0.024322509765625,-0.05471038818359375,0.0706634521484375
2470_0.7_1.38.png,0.1868896484375,-0.02642822265625,0.21331787109375,0.02895355224609375,0.08449172973632812,-0.02642822265625
2474_0.91_0.84.png,-0.01421356201171875,0.025539398193359375,-0.039752960205078125,-0.0135498046875,-0.051959991455078125,0.025539398193359375
2477_0.71_1.89.png,0.26447296142578125,0.0842132568359375,0.18025970458984375,0.107696533203125,0.13010406494140625,0.0842132568359375
24_0.53_1.21.png,0.046970367431640625,-0.0282440185546875,0.07521438598632812,-0.0069332122802734375,-0.0056858062744140625,-0.0282440185546875
250_0.94_1.08.png,0.052581787109375,0.059467315673828125,-0.006885528564453125,0.08552169799804688,0.08021926879882812,0.059467315673828125
2514_0.72_0.64.png,0.22576904296875,0.068939208984375,0.156829833984375,0.20981979370117188,0.2376556396484375,0.068939208984375
2532_0.74_1.32.png,0.36541748046875,0.0639190673828125,0.3014984130859375,0.13814544677734375,0.15784454345703125,0.0639190673828125
2533_0.78_0.9.png,0.06583404541015625,0.009368896484375,0.05646514892578125,0.010723114013671875,0.01638031005859375,0.009368896484375
2536_1.0_1.41.png,0.15198135375976562,0.022541046142578125,0.1294403076171875,0.020328521728515625,0.01880645751953125,0.022541046142578125
2538_0.89_0.75.png,0.125579833984375,0.027278900146484375,0.09830093383789062,0.06441116333007812,0.054111480712890625,0.027278900146484375
2548_0.9_0.6.png,0.3899116516113281,0.06879043579101562,0.3211212158203125,0.1669921875,0.14709091186523438,0.06879043579101562
254_0.94_0.86.png,-0.12770843505859375,-0.3536415100097656,0.22593307495117188,-0.25785064697265625,-0.277740478515625,-0.3536415100097656
2555_0.9_1.71.png,0.09088516235351562,-0.041889190673828125,0.13277435302734375,-0.01479339599609375,-0.010646820068359375,-0.041889190673828125
2558_0.52_1.06.png,-0.1113433837890625,-0.2440948486328125,0.13275146484375,-0.1490325927734375,-0.1733551025390625,-0.2440948486328125
2562_0.81_1.38.png,-0.0760040283203125,-0.00063323974609375,-0.07537078857421875,0.00621795654296875,-0.003139495849609375,-0.00063323974609375
2574_0.57_1.08.png,0.20641326904296875,-0.08740234375,0.29381561279296875,-0.051090240478515625,-0.0370635986328125,-0.08740234375
2575_0.53_1.08.png,0.12676239013671875,-0.09034347534179688,0.21710586547851562,-0.006946563720703125,-0.027851104736328125,-0.09034347534179688
2576_0.85_1.81.png,0.3623695373535156,0.22434616088867188,0.13802337646484375,0.23006439208984375,0.3287086486816406,0.22434616088867188
2580_0.77_1.33.png,0.1814727783203125,0.08834075927734375,0.09313201904296875,0.02557373046875,0.03680419921875,0.08834075927734375
2581_0.79_1.95.png,0.11375045776367188,-0.08295440673828125,0.19670486450195312,-0.0639801025390625,-0.0955657958984375,-0.08295440673828125
2584_0.84_1.66.png,0.08470916748046875,-0.144287109375,0.22899627685546875,-0.12656784057617188,-0.13911056518554688,-0.144287109375
2587_0.67_1.68.png,-0.09381103515625,-0.038036346435546875,-0.055774688720703125,0.0408172607421875,-0.010890960693359375,-0.038036346435546875
258_0.79_1.8.png,-0.25167083740234375,-0.24793624877929688,-0.003734588623046875,-0.2875823974609375,-0.2852458953857422,-0.24793624877929688
2591_0.78_1.58.png,0.12626266479492188,0.00494384765625,0.12131881713867188,0.0136566162109375,0.002040863037109375,0.00494384765625
2595_0.76_0.72.png,0.02886962890625,-0.07402420043945312,0.10289382934570312,-0.10605239868164062,-0.1067657470703125,-0.07402420043945312
2596_0.54_1.72.png,-0.0482330322265625,-0.0503692626953125,0.00213623046875,-0.09342575073242188,-0.07602691650390625,-0.0503692626953125
25_0.59_1.43.png,-0.037097930908203125,-0.2093658447265625,0.17226791381835938,-0.19106292724609375,-0.17279052734375,-0.2093658447265625
2600_0.72_0.68.png,-0.4530487060546875,-0.07940292358398438,-0.3736457824707031,-0.2667808532714844,-0.216400146484375,-0.07940292358398438
2607_1.0_0.53.png,0.04268646240234375,-0.1265106201171875,0.16919708251953125,-0.12652587890625,-0.07556533813476562,-0.1265106201171875
2608_0.68_1.54.png,-0.04976654052734375,-0.06388473510742188,0.014118194580078125,-0.11927032470703125,-0.06982421875,-0.06388473510742188
260_0.65_1.07.png,-0.2768230438232422,-0.2783031463623047,0.0014801025390625,-0.317230224609375,-0.31905555725097656,-0.2783031463623047
2610_0.81_1.15.png,-0.19836044311523438,-0.06871414184570312,-0.12964630126953125,-0.11257171630859375,-0.09540939331054688,-0.06871414184570312
2613_0.76_1.52.png,-0.27497100830078125,0.00754547119140625,-0.2825164794921875,-0.06867599487304688,-0.022136688232421875,0.00754547119140625
2625_0.88_1.86.png,0.2920722961425781,0.17175674438476562,0.1203155517578125,0.17839431762695312,0.24390029907226562,0.17175674438476562
2628_0.86_1.01.png,0.15979766845703125,0.09960174560546875,0.0601959228515625,0.089324951171875,0.20184707641601562,0.09960174560546875
262_0.94_1.35.png,-0.06427001953125,-0.14912033081054688,0.08485031127929688,-0.16417694091796875,-0.16370773315429688,-0.14912033081054688
2632_0.92_1.01.png,0.2598724365234375,0.09888839721679688,0.16098403930664062,0.10220718383789062,0.11681747436523438,0.09888839721679688
2638_0.62_1.93.png,-0.15506362915039062,-0.15435028076171875,-0.000713348388671875,-0.1878814697265625,-0.20074844360351562,-0.15435028076171875
2642_0.86_1.21.png,0.0247039794921875,-0.22649002075195312,0.2511940002441406,-0.20599746704101562,-0.10937118530273438,-0.22649002075195312
2645_0.78_0.85.png,-0.00936126708984375,-0.0171051025390625,0.00774383544921875,-0.079833984375,0.05094146728515625,-0.0171051025390625
2649_0.59_0.63.png,0.5601425170898438,0.0869140625,0.47322845458984375,0.27558135986328125,0.17501068115234375,0.0869140625
2651_0.74_1.04.png,0.3449897766113281,0.07330703735351562,0.2716827392578125,0.14563369750976562,0.17293930053710938,0.07330703735351562
2652_0.85_1.34.png,-0.009288787841796875,-0.06562042236328125,0.056331634521484375,-0.023509979248046875,-0.034610748291015625,-0.06562042236328125
2665_0.85_1.17.png,0.0191192626953125,0.046329498291015625,-0.027210235595703125,0.003910064697265625,-0.036426544189453125,0.046329498291015625
2668_0.91_1.54.png,0.03179168701171875,0.013042449951171875,0.018749237060546875,-0.00740814208984375,-0.0298309326171875,0.013042449951171875
2673_0.77_1.49.png,0.032588958740234375,0.06516647338867188,-0.0325775146484375,0.08080673217773438,0.06281661987304688,0.06516647338867188
2680_0.94_1.89.png,0.01740264892578125,-0.0517578125,0.06916046142578125,-0.058887481689453125,-0.026927947998046875,-0.0517578125
2682_0.96_1.39.png,-0.04799652099609375,-0.2797813415527344,0.23178482055664062,-0.22134017944335938,-0.1602325439453125,-0.2797813415527344
268_0.79_1.15.png,0.19003677368164062,0.05566978454589844,0.1343669891357422,0.0684814453125,0.07352447509765625,0.05566978454589844
2690_0.97_1.47.png,0.13315200805664062,0.060405731201171875,0.07274627685546875,0.06264495849609375,0.06800079345703125,0.060405731201171875
2692_0.71_1.87.png,0.11096954345703125,-0.11692047119140625,0.2278900146484375,-0.05117034912109375,-0.07574462890625,-0.11692047119140625
2698_0.98_1.85.png,0.05768585205078125,0.00859832763671875,0.0490875244140625,0.00855255126953125,0.02436065673828125,0.00859832763671875
2702_0.74_0.63.png,0.18154144287109375,0.022480010986328125,0.15906143188476562,0.0369110107421875,0.043231964111328125,0.022480010986328125
2705_0.68_1.36.png,0.14117050170898438,-0.013134002685546875,0.15430450439453125,0.051486968994140625,0.041248321533203125,-0.013134002685546875
2708_0.72_1.57.png,0.13143157958984375,-0.009426116943359375,0.14085769653320312,0.06872177124023438,0.048183441162109375,-0.009426116943359375
2715_0.89_1.78.png,0.05574798583984375,-0.07006072998046875,0.1258087158203125,-0.029186248779296875,-0.040142059326171875,-0.07006072998046875
2716_0.62_1.67.png,0.21274948120117188,0.08712387084960938,0.1256256103515625,0.20234298706054688,0.16251754760742188,0.08712387084960938
2735_0.59_1.44.png,-0.012668609619140625,0.0168609619140625,-0.029529571533203125,-0.005584716796875,-0.02962493896484375,0.0168609619140625
2738_0.64_1.94.png,-0.149688720703125,-0.2235107421875,0.073822021484375,-0.16101837158203125,-0.158447265625,-0.2235107421875
2748_0.57_0.6.png,0.06653976440429688,0.01629638671875,0.050243377685546875,-0.00972747802734375,0.02526092529296875,0.01629638671875
2749_0.89_1.8.png,-0.028064727783203125,-0.13798141479492188,0.10991668701171875,-0.12179183959960938,-0.12990951538085938,-0.13798141479492188
2751_0.51_0.98.png,0.045166015625,0.07656097412109375,-0.03139495849609375,0.1005401611328125,0.09492874145507812,0.07656097412109375
2757_0.77_0.72.png,-0.3796272277832031,-0.3349723815917969,-0.04465484619140625,-0.37761688232421875,-0.4325714111328125,-0.3349723815917969
2758_0.51_1.22.png,0.08100509643554688,-0.054355621337890625,0.1353607177734375,0.028728485107421875,0.031566619873046875,-0.054355621337890625
2762_0.59_1.16.png,-0.012119293212890625,-0.17589950561523438,0.16378021240234375,-0.18069839477539062,-0.09850692749023438,-0.17589950561523438
2773_0.7_0.71.png,0.4518470764160156,0.11569595336914062,0.336151123046875,0.18126296997070312,0.18187332153320312,0.11569595336914062
2774_0.98_0.56.png,0.4815177917480469,0.21781158447265625,0.2637062072753906,0.2817878723144531,0.3024406433105469,0.21781158447265625
2775_0.9_0.66.png,0.5835990905761719,0.3136482238769531,0.26995086669921875,0.37406158447265625,0.39913177490234375,0.3136482238769531
2780_0.82_0.68.png,0.13061141967773438,0.08015060424804688,0.0504608154296875,0.07342147827148438,0.06433868408203125,0.08015060424804688
2804_0.51_1.83.png,-0.2781410217285156,-0.35326385498046875,0.07512283325195312,-0.347564697265625,-0.338897705078125,-0.35326385498046875
2814_0.59_1.03.png,0.3899993896484375,0.12862014770507812,0.2613792419433594,0.21215438842773438,0.17268753051757812,0.12862014770507812
2819_0.97_0.52.png,0.3000679016113281,0.27828216552734375,0.021785736083984375,0.21142959594726562,0.27562713623046875,0.27828216552734375
2824_0.6_0.54.png,-0.02977752685546875,0.040019989013671875,-0.06979751586914062,0.06365203857421875,0.04915618896484375,0.040019989013671875
2825_0.98_0.83.png,-0.12469482421875,-0.04560089111328125,-0.07909393310546875,-0.07795333862304688,-0.06303024291992188,-0.04560089111328125
2837_0.85_0.64.png,-0.03928375244140625,-0.053985595703125,0.01470184326171875,-0.014537811279296875,-0.02679443359375,-0.053985595703125
2842_0.9_1.38.png,0.21968460083007812,0.13572311401367188,0.08396148681640625,0.18331527709960938,0.1120452880859375,0.13572311401367188
2846_0.54_1.41.png,-0.42380523681640625,-0.21838760375976562,-0.20541763305664062,-0.3081932067871094,-0.322509765625,-0.21838760375976562
284_0.57_0.69.png,0.4603233337402344,0.18733596801757812,0.27298736572265625,0.28258514404296875,0.1998443603515625,0.18733596801757812
2856_0.88_1.68.png,-0.013172149658203125,-0.012882232666015625,-0.0002899169921875,-0.017589569091796875,-0.01300048828125,-0.012882232666015625
2874_0.53_1.21.png,0.20734405517578125,-0.009876251220703125,0.21722030639648438,0.007381439208984375,0.004657745361328125,-0.009876251220703125
2875_0.87_1.33.png,-0.13725662231445312,-0.0853118896484375,-0.051944732666015625,-0.1270904541015625,-0.10986709594726562,-0.0853118896484375
2877_0.98_1.2.png,-0.13191986083984375,-0.10425186157226562,-0.027667999267578125,-0.16151046752929688,-0.137969970703125,-0.10425186157226562
2884_0.65_1.22.png,0.061351776123046875,-0.1102752685546875,0.17162704467773438,-0.052356719970703125,-0.0679779052734375,-0.1102752685546875
2885_0.97_1.56.png,-0.002094268798828125,-0.08399581909179688,0.08190155029296875,-0.0850830078125,-0.11064910888671875,-0.08399581909179688
2893_0.66_0.92.png,0.16423797607421875,0.0026702880859375,0.16156768798828125,0.12717819213867188,0.04535675048828125,0.0026702880859375
289_0.83_1.16.png,-0.0332794189453125,0.032001495361328125,-0.06528091430664062,-0.0702362060546875,-0.06946563720703125,0.032001495361328125
2905_0.99_0.96.png,0.013599395751953125,0.003692626953125,0.009906768798828125,-0.026519775390625,-0.027759552001953125,0.003692626953125
290_0.6_1.14.png,-0.09535980224609375,-0.20600128173828125,0.1106414794921875,-0.22477340698242188,-0.2795295715332031,-0.20600128173828125
2917_0.55_0.86.png,0.3294792175292969,0.01181793212890625,0.3176612854003906,0.12432098388671875,0.1564178466796875,0.01181793212890625
2923_0.53_0.64.png,-0.395782470703125,-0.08200454711914062,-0.3137779235839844,-0.25896453857421875,-0.15269088745117188,-0.08200454711914062
292_0.67_0.61.png,-0.3164253234863281,-0.1824188232421875,-0.13400650024414062,-0.3726654052734375,-0.35643768310546875,-0.1824188232421875
2933_0.98_1.9.png,-0.000331878662109375,-0.060699462890625,0.060367584228515625,-0.058837890625,-0.035675048828125,-0.060699462890625
2936_0.98_1.9.png,-0.000331878662109375,-0.060699462890625,0.060367584228515625,-0.058837890625,-0.03304290771484375,-0.060699462890625
2943_0.94_1.06.png,0.014202117919921875,-0.04496002197265625,0.059162139892578125,-0.0174407958984375,-0.0462799072265625,-0.04496002197265625
2947_0.91_0.89.png,0.17466354370117188,0.0793304443359375,0.09533309936523438,0.09346771240234375,0.15003204345703125,0.0793304443359375
2952_0.56_0.89.png,-0.15561676025390625,-0.049160003662109375,-0.10645675659179688,-0.172332763671875,-0.0832366943359375,-0.049160003662109375
2957_0.86_1.61.png,0.18251419067382812,0.049835205078125,0.13267898559570312,0.10205459594726562,0.12191009521484375,0.049835205078125
2965_0.87_0.95.png,0.24139022827148438,0.15067291259765625,0.09071731567382812,0.13279342651367188,0.17737579345703125,0.15067291259765625
2985_0.62_1.93.png,-0.1103668212890625,-0.08926773071289062,-0.021099090576171875,-0.049457550048828125,-0.111541748046875,-0.08926773071289062
2986_0.78_1.67.png,-0.13218307495117188,-0.11770248413085938,-0.0144805908203125,-0.08211517333984375,-0.15367507934570312,-0.11770248413085938
2991_0.88_1.4.png,0.2500457763671875,0.30846405029296875,-0.05841827392578125,0.20441055297851562,0.21033477783203125,0.30846405029296875
2995_0.98_1.88.png,0.042659759521484375,-0.025768280029296875,0.06842803955078125,-0.037021636962890625,-0.035732269287109375,-0.025768280029296875
2_0.59_1.95.png,-0.051422119140625,-0.00679779052734375,-0.04462432861328125,0.015027999877929688,-0.009637832641601562,-0.00679779052734375
309_0.52_0.96.png,0.14231491088867188,-0.037921905517578125,0.18023681640625,0.08256149291992188,0.09772872924804688,-0.037921905517578125
325_0.68_1.71.png,-0.37575531005859375,-0.3562278747558594,-0.019527435302734375,-0.3288917541503906,-0.353363037109375,-0.3562278747558594
326_0.56_0.94.png,-0.3497886657714844,-0.2536506652832031,-0.09613800048828125,-0.2562446594238281,-0.2819175720214844,-0.2536506652832031
329_0.57_1.97.png,-0.03220367431640625,-0.022979736328125,-0.00922393798828125,-0.002735137939453125,-0.007648468017578125,-0.022979736328125
333_0.84_1.98.png,-0.33704376220703125,-0.47266197204589844,0.1356182098388672,-0.4384193420410156,-0.43255615234375,-0.47266197204589844
337_0.55_1.95.png,0.06531143188476562,-0.0359954833984375,0.10130691528320312,0.0114593505859375,-0.045108795166015625,-0.0359954833984375
342_0.98_1.92.png,-0.07024765014648438,-0.20123291015625,0.13098526000976562,-0.1635589599609375,-0.1714019775390625,-0.20123291015625
354_0.87_0.68.png,0.05800628662109375,-0.09615325927734375,0.1541595458984375,-0.12310791015625,-0.09597396850585938,-0.09615325927734375
35_0.97_0.83.png,-0.1749725341796875,-0.15074920654296875,-0.02422332763671875,-0.20160675048828125,-0.20384597778320312,-0.15074920654296875
364_0.81_1.57.png,0.15477752685546875,0.030773162841796875,0.12400436401367188,0.07427215576171875,0.06250762939453125,0.030773162841796875
368_0.53_1.11.png,-0.2559700012207031,-0.002971649169921875,-0.25299835205078125,-0.13731002807617188,-0.12134552001953125,-0.002971649169921875
369_0.78_1.42.png,-0.12171173095703125,-0.18963623046875,0.06792449951171875,-0.24777603149414062,-0.24867630004882812,-0.18963623046875
372_0.85_0.74.png,-0.025440216064453125,-0.17403030395507812,0.148590087890625,-0.1240234375,-0.14894485473632812,-0.17403030395507812
376_0.72_1.61.png,-0.31060791015625,-0.1216888427734375,-0.1889190673828125,-0.194091796875,-0.2080078125,-0.1216888427734375
384_0.87_0.82.png,0.035793304443359375,0.0018768310546875,0.033916473388671875,-0.0582733154296875,-0.06683731079101562,0.0018768310546875
386_0.91_1.27.png,0.19140243530273438,-0.07944869995117188,0.27085113525390625,-0.0404052734375,-0.02500152587890625,-0.07944869995117188
388_0.82_1.27.png,0.12893295288085938,-0.17795944213867188,0.30689239501953125,-0.1257781982421875,-0.1046142578125,-0.17795944213867188
390_0.53_0.96.png,-0.17249298095703125,-0.023448944091796875,-0.14904403686523438,-0.17713546752929688,-0.15826034545898438,-0.023448944091796875
395_0.5_1.02.png,-0.37538909912109375,-0.18632888793945312,-0.18906021118164062,-0.19576263427734375,-0.320098876953125,-0.18632888793945312
399_0.91_1.91.png,-0.015272140502929688,-0.08920860290527344,0.07393646240234375,-0.08976173400878906,-0.05751800537109375,-0.08920860290527344
39_0.85_1.11.png,0.2139892578125,0.03356170654296875,0.18042755126953125,0.037067413330078125,0.10705184936523438,0.03356170654296875
400_0.99_1.08.png,0.054080963134765625,-0.033397674560546875,0.0874786376953125,-0.03781700134277344,-0.024974822998046875,-0.033397674560546875
407_0.59_0.69.png,0.16265487670898438,0.0051422119140625,0.15751266479492188,0.23807144165039062,0.1100616455078125,0.0051422119140625
40_0.65_1.78.png,0.2936058044433594,0.20798110961914062,0.08562469482421875,0.16122055053710938,0.186248779296875,0.20798110961914062
410_0.96_1.32.png,-0.22472190856933594,-0.2358875274658203,0.011165618896484375,-0.28040504455566406,-0.2680397033691406,-0.2358875274658203
411_0.78_1.03.png,-0.11009979248046875,-0.12109947204589844,0.010999679565429688,-0.18415069580078125,-0.16897964477539062,-0.12109947204589844
416_0.76_0.72.png,0.01230621337890625,0.14295578002929688,-0.13064956665039062,0.06874465942382812,0.0603485107421875,0.14295578002929688
419_0.74_1.36.png,-0.33614349365234375,-0.314727783203125,-0.02141571044921875,-0.39772796630859375,-0.3950042724609375,-0.314727783203125
422_0.82_1.34.png,-0.11221694946289062,-0.06658172607421875,-0.045635223388671875,-0.10294723510742188,-0.09177398681640625,-0.06658172607421875
427_0.64_1.21.png,0.21547698974609375,0.11921310424804688,0.09626388549804688,0.11792755126953125,0.15102767944335938,0.11921310424804688
434_0.76_1.58.png,0.06349945068359375,-0.08524703979492188,0.14874649047851562,-0.08104324340820312,-0.03282928466796875,-0.08524703979492188
438_0.58_0.61.png,0.13640213012695312,0.010204315185546875,0.12619781494140625,0.16457748413085938,0.12052536010742188,0.010204315185546875
439_0.95_1.86.png,0.05517768859863281,-0.021192550659179688,0.0763702392578125,-0.0062046051025390625,-0.001369476318359375,-0.021192550659179688
440_0.72_1.73.png,-0.1244659423828125,-0.261993408203125,0.1375274658203125,-0.19820404052734375,-0.19913101196289062,-0.261993408203125
442_0.83_1.12.png,-0.06310272216796875,-0.027973175048828125,-0.035129547119140625,-0.049083709716796875,-0.08221817016601562,-0.027973175048828125
443_0.57_0.87.png,0.02890777587890625,0.08375167846679688,-0.054843902587890625,0.084259033203125,0.08120346069335938,0.08375167846679688
444_0.78_0.52.png,-0.3275146484375,-0.22427749633789062,-0.10323715209960938,-0.36017608642578125,-0.3404426574707031,-0.22427749633789062
445_0.81_1.45.png,-0.031421661376953125,-0.22745895385742188,0.19603729248046875,-0.20048141479492188,-0.18883514404296875,-0.22745895385742188
453_0.76_1.67.png,-0.34252357482910156,-0.34674644470214844,0.004222869873046875,-0.3961811065673828,-0.3940105438232422,-0.34674644470214844
455_0.55_1.99.png,0.07927703857421875,0.011325836181640625,0.06795120239257812,0.032161712646484375,0.019268035888671875,0.011325836181640625
456_0.84_1.7.png,-0.2687549591064453,-0.2724723815917969,0.0037174224853515625,-0.3136558532714844,-0.3111724853515625,-0.2724723815917969
462_0.65_1.65.png,0.33158111572265625,0.16178512573242188,0.16979598999023438,0.19733047485351562,0.238433837890625,0.16178512573242188
465_0.97_1.62.png,-0.0573883056640625,-0.12352943420410156,0.06614112854003906,-0.12673377990722656,-0.1098785400390625,-0.12352943420410156
466_0.7_1.58.png,0.203582763671875,0.004467010498046875,0.19911575317382812,0.030727386474609375,0.07901763916015625,0.004467010498046875
475_0.64_1.59.png,-0.143157958984375,-0.00540924072265625,-0.13774871826171875,-0.0580596923828125,-0.0677337646484375,-0.00540924072265625
480_0.96_1.82.png,-0.0497589111328125,-0.053432464599609375,0.003673553466796875,-0.09220504760742188,-0.10055923461914062,-0.053432464599609375
483_0.88_1.16.png,0.18829727172851562,0.0282745361328125,0.16002273559570312,-0.01171112060546875,0.04622650146484375,0.0282745361328125
487_0.51_1.74.png,0.1148681640625,-0.04141998291015625,0.15628814697265625,-0.0080718994140625,0.0241241455078125,-0.04141998291015625
495_0.89_1.26.png,0.145599365234375,0.038204193115234375,0.10739517211914062,0.09629058837890625,0.07639694213867188,0.038204193115234375
500_0.56_0.68.png,0.2811431884765625,-0.06731033325195312,0.3484535217285156,0.0835723876953125,0.11013412475585938,-0.06731033325195312
506_0.58_1.19.png,0.03456878662109375,-0.12509918212890625,0.15966796875,-0.06447219848632812,-0.043487548828125,-0.12509918212890625
509_0.63_1.2.png,0.27344512939453125,0.13776397705078125,0.13568115234375,0.1783905029296875,0.16666412353515625,0.13776397705078125
516_0.68_1.23.png,0.0365753173828125,-0.047283172607421875,0.08385848999023438,0.0594024658203125,0.012119293212890625,-0.047283172607421875
518_0.95_1.66.png,-0.05417633056640625,-0.1556568145751953,0.10148048400878906,-0.16341400146484375,-0.15686607360839844,-0.1556568145751953
521_0.93_1.49.png,0.13933181762695312,-0.01720428466796875,0.15653610229492188,0.01290130615234375,0.02527618408203125,-0.01720428466796875
528_0.63_0.99.png,-0.5132675170898438,-0.5136680603027344,0.000400543212890625,-0.520477294921875,-0.5320091247558594,-0.5136680603027344
536_0.73_1.23.png,-0.316131591796875,-0.10955429077148438,-0.20657730102539062,-0.19242477416992188,-0.194854736328125,-0.10955429077148438
537_0.67_1.66.png,0.157073974609375,0.004833221435546875,0.15224075317382812,0.020061492919921875,0.02283477783203125,0.004833221435546875
538_0.92_1.61.png,0.14617538452148438,0.014430999755859375,0.131744384765625,0.034275054931640625,0.04597282409667969,0.014430999755859375
541_0.62_1.42.png,-0.056812286376953125,-0.17259979248046875,0.11578750610351562,-0.07738494873046875,-0.10718536376953125,-0.17259979248046875
543_0.51_0.66.png,0.16656875610351562,-0.12229156494140625,0.2888603210449219,0.0273284912109375,-0.006046295166015625,-0.12229156494140625
545_0.7_0.92.png,-0.4278068542480469,-0.2775764465332031,-0.15023040771484375,-0.3762092590332031,-0.40203094482421875,-0.2775764465332031
546_0.73_0.63.png,-0.4401512145996094,-0.21099472045898438,-0.229156494140625,-0.3414878845214844,-0.34738922119140625,-0.21099472045898438
547_0.79_1.67.png,-0.1252288818359375,-0.09263992309570312,-0.032588958740234375,-0.13547515869140625,-0.13879776000976562,-0.09263992309570312
561_0.77_0.8.png,-0.020725250244140625,-0.08464431762695312,0.0639190673828125,-0.08118820190429688,-0.09540176391601562,-0.08464431762695312
562_0.93_1.27.png,0.05841827392578125,0.01441192626953125,0.04400634765625,0.0279388427734375,0.02812957763671875,0.01441192626953125
565_0.76_1.56.png,0.054157257080078125,0.04294586181640625,0.011211395263671875,-0.001003265380859375,-0.0003509521484375,0.04294586181640625
566_0.6_1.1.png,-0.062000274658203125,-0.04026031494140625,-0.021739959716796875,-0.09785842895507812,-0.09659957885742188,-0.04026031494140625
56_0.78_1.27.png,-0.12781906127929688,-0.2707366943359375,0.14291763305664062,-0.14214324951171875,-0.18373870849609375,-0.2707366943359375
570_0.79_1.59.png,-0.12432098388671875,-0.14873123168945312,0.024410247802734375,-0.16536712646484375,-0.1650390625,-0.14873123168945312
577_0.51_0.99.png,0.09613037109375,-0.046611785888671875,0.14274215698242188,0.11417388916015625,0.032238006591796875,-0.046611785888671875
578_0.73_1.04.png,0.147216796875,-0.05031585693359375,0.19753265380859375,0.16802978515625,0.05757904052734375,-0.05031585693359375
57_0.61_1.69.png,0.23964691162109375,0.12299728393554688,0.11664962768554688,0.20247650146484375,0.14639663696289062,0.12299728393554688
588_0.66_1.55.png,0.059040069580078125,0.09757232666015625,-0.038532257080078125,0.07426071166992188,0.07889938354492188,0.09757232666015625
592_0.61_0.98.png,-0.034732818603515625,0.013713836669921875,-0.0484466552734375,-0.040699005126953125,-0.04754638671875,0.013713836669921875
600_0.89_1.63.png,0.0512542724609375,0.07316780090332031,-0.021913528442382812,0.025360107421875,0.027332305908203125,0.07316780090332031
602_0.76_1.57.png,0.12690353393554688,0.019283294677734375,0.1076202392578125,0.17919540405273438,0.0815582275390625,0.019283294677734375
608_0.55_1.73.png,0.1630401611328125,0.03035736083984375,0.13268280029296875,0.06231689453125,0.0684356689453125,0.03035736083984375
60_0.58_1.79.png,0.15275955200195312,0.09985733032226562,0.0529022216796875,0.15941619873046875,0.1403656005859375,0.09985733032226562
610_0.58_0.89.png,-0.1338348388671875,0.09508895874023438,-0.22892379760742188,-0.010608673095703125,0.023357391357421875,0.09508895874023438
614_0.95_0.72.png,-0.24258041381835938,-0.30914306640625,0.06656265258789062,-0.3509407043457031,-0.3244171142578125,-0.30914306640625
616_0.88_1.72.png,0.0763092041015625,-0.0608978271484375,0.13720703125,0.0084075927734375,-0.01702117919921875,-0.0608978271484375
617_0.73_1.62.png,-0.0726165771484375,-0.2342376708984375,0.16162109375,-0.19693756103515625,-0.16119766235351562,-0.2342376708984375
621_0.65_0.87.png,0.405242919921875,0.1917724609375,0.213470458984375,0.23021697998046875,0.279815673828125,0.1917724609375
624_0.88_1.47.png,0.3365898132324219,0.17449569702148438,0.1620941162109375,0.18941879272460938,0.19659423828125,0.17449569702148438
626_0.66_1.13.png,0.05227851867675781,-0.09018135070800781,0.14245986938476562,-0.043643951416015625,-0.03614616394042969,-0.09018135070800781
628_0.64_1.31.png,0.0674591064453125,-0.08372879028320312,0.15118789672851562,-0.03473663330078125,-0.047916412353515625,-0.08372879028320312
631_0.94_0.86.png,0.004985809326171875,-0.12891769409179688,0.13390350341796875,-0.11213302612304688,-0.14919662475585938,-0.12891769409179688
632_0.91_1.4.png,0.075775146484375,-0.03536224365234375,0.11113739013671875,0.000560760498046875,-0.0109100341796875,-0.03536224365234375
63_0.86_1.5.png,-0.06426239013671875,-0.10452651977539062,0.040264129638671875,-0.15450286865234375,-0.13738632202148438,-0.10452651977539062
644_0.87_1.08.png,0.039440155029296875,-0.09922409057617188,0.13866424560546875,-0.05560302734375,-0.09477996826171875,-0.09922409057617188
645_0.92_0.79.png,0.16267013549804688,0.078369140625,0.08430099487304688,0.13631057739257812,0.08521270751953125,0.078369140625
647_0.58_1.05.png,0.25443267822265625,0.3027687072753906,-0.048336029052734375,0.3553428649902344,0.35337066650390625,0.3027687072753906
657_0.8_1.55.png,-0.04706573486328125,-0.003376007080078125,-0.043689727783203125,0.043212890625,0.04872894287109375,-0.003376007080078125
661_0.6_1.84.png,0.22214126586914062,0.15471267700195312,0.0674285888671875,0.10980987548828125,0.16715240478515625,0.15471267700195312
668_0.88_1.12.png,0.104522705078125,0.048702239990234375,0.055820465087890625,0.03730010986328125,0.061061859130859375,0.048702239990234375
66_0.83_0.66.png,-0.12997817993164062,-0.09926223754882812,-0.0307159423828125,-0.20032882690429688,-0.17687225341796875,-0.09926223754882812
670_0.89_1.66.png,-0.033802032470703125,0.08443450927734375,-0.11823654174804688,0.0584869384765625,0.0329437255859375,0.08443450927734375
673_0.55_0.68.png,-0.014415740966796875,0.053264617919921875,-0.06768035888671875,0.069366455078125,0.05318450927734375,0.053264617919921875
684_0.67_1.46.png,-0.1763153076171875,-0.3034400939941406,0.12712478637695312,-0.2530975341796875,-0.2537689208984375,-0.3034400939941406
690_0.54_1.0.png,-0.5050506591796875,-0.38074493408203125,-0.12430572509765625,-0.43517303466796875,-0.4198417663574219,-0.38074493408203125
691_0.81_1.41.png,0.08220291137695312,0.06941604614257812,0.012786865234375,0.01912689208984375,-0.0052947998046875,0.06941604614257812
699_0.77_1.57.png,0.3143501281738281,0.1081695556640625,0.20618057250976562,0.11725997924804688,0.11140060424804688,0.1081695556640625
706_0.58_1.34.png,0.2983283996582031,0.32557106018066406,-0.027242660522460938,0.3477973937988281,0.36232566833496094,0.32557106018066406
707_0.94_1.48.png,0.23511123657226562,0.29388427734375,-0.058773040771484375,0.29283905029296875,0.3051719665527344,0.29388427734375
711_0.71_1.84.png,-0.16408157348632812,-0.2770957946777344,0.11301422119140625,-0.2627754211425781,-0.2520103454589844,-0.2770957946777344
717_0.67_1.02.png,0.3414764404296875,0.09861373901367188,0.24286270141601562,0.14257049560546875,0.1801910400390625,0.09861373901367188
71_0.9_0.93.png,-0.003692626953125,0.06746673583984375,-0.07115936279296875,0.027362823486328125,-0.0225067138671875,0.06746673583984375
722_0.64_0.65.png,0.02046966552734375,0.21713638305664062,-0.19666671752929688,0.14749908447265625,0.13091659545898438,0.21713638305664062
723_0.77_1.08.png,0.007808685302734375,-0.024974822998046875,0.03278350830078125,-0.056285858154296875,-0.042606353759765625,-0.024974822998046875
725_0.64_0.72.png,-0.04109954833984375,0.2693138122558594,-0.3104133605957031,0.14200592041015625,0.13879013061523438,0.2693138122558594
72_0.7_1.07.png,0.15587997436523438,-0.10603713989257812,0.2619171142578125,-0.11796188354492188,-0.06682205200195312,-0.10603713989257812
735_0.5_1.46.png,-0.03135490417480469,-0.10750961303710938,0.07615470886230469,-0.04021644592285156,-0.009796142578125,-0.10750961303710938
736_0.78_1.76.png,-0.051799774169921875,-0.11061859130859375,0.058818817138671875,-0.1093902587890625,-0.09235763549804688,-0.11061859130859375
740_0.94_0.76.png,-0.001739501953125,-0.005619049072265625,0.003879547119140625,-0.056488037109375,-0.0504150390625,-0.005619049072265625
741_0.81_1.91.png,0.02579498291015625,-0.054141998291015625,0.07993698120117188,-0.022327423095703125,0.00287628173828125,-0.054141998291015625
755_0.86_0.67.png,0.02318572998046875,-0.038055419921875,0.06124114990234375,-0.06904220581054688,-0.07493972778320312,-0.038055419921875
757_0.87_1.78.png,0.15690994262695312,-0.009021759033203125,0.16593170166015625,0.002422332763671875,0.0099029541015625,-0.009021759033203125
770_0.88_1.68.png,-0.10752296447753906,-0.1944732666015625,0.08695030212402344,-0.1338520050048828,-0.1293811798095703,-0.1944732666015625
771_0.77_1.91.png,-0.09351921081542969,-0.16194534301757812,0.06842613220214844,-0.10995864868164062,-0.10507583618164062,-0.16194534301757812
779_0.72_1.2.png,-0.3511161804199219,-0.19009017944335938,-0.1610260009765625,-0.3243827819824219,-0.32232666015625,-0.19009017944335938
784_0.73_1.21.png,0.07068634033203125,0.018096923828125,0.05258941650390625,-0.037982940673828125,-0.02967071533203125,0.018096923828125
789_0.83_0.77.png,0.039676666259765625,-0.15370941162109375,0.19338607788085938,-0.10632705688476562,-0.13443756103515625,-0.15370941162109375
797_0.56_1.33.png,0.12371063232421875,-0.07336044311523438,0.19707107543945312,0.07529830932617188,0.059795379638671875,-0.07336044311523438
802_0.9_1.9.png,0.23129653930664062,0.11609268188476562,0.115203857421875,0.11940765380859375,0.14838790893554688,0.11609268188476562
807_0.72_0.62.png,-0.11792373657226562,-0.0516357421875,-0.06628799438476562,-0.13711166381835938,-0.13074111938476562,-0.0516357421875
812_0.59_0.82.png,-0.3587646484375,-0.21363449096679688,-0.14513015747070312,-0.32273101806640625,-0.28635406494140625,-0.21363449096679688
818_0.72_0.52.png,-0.10935592651367188,-0.10714340209960938,-0.0022125244140625,-0.2404022216796875,-0.22570419311523438,-0.10714340209960938
823_0.63_1.96.png,-0.15130233764648438,-0.12099838256835938,-0.030303955078125,-0.17767715454101562,-0.16096115112304688,-0.12099838256835938
828_0.72_1.9.png,0.08816719055175781,-0.017549514770507812,0.10571670532226562,0.003696441650390625,0.0015621185302734375,-0.017549514770507812
835_0.98_1.98.png,-0.05138397216796875,-0.18795013427734375,0.136566162109375,-0.15536880493164062,-0.13119125366210938,-0.18795013427734375
83_0.64_1.88.png,-0.051116943359375,-0.230621337890625,0.17950439453125,-0.1626434326171875,-0.14408111572265625,-0.230621337890625
842_0.93_0.69.png,-0.06679534912109375,0.00011444091796875,-0.0669097900390625,-0.07064056396484375,-0.08285140991210938,0.00011444091796875
843_0.99_1.9.png,-0.1786937713623047,-0.2888927459716797,0.110198974609375,-0.2724952697753906,-0.2610149383544922,-0.2888927459716797
849_0.55_0.6.png,-0.5264625549316406,-0.3815460205078125,-0.14491653442382812,-0.302703857421875,-0.3316154479980469,-0.3815460205078125
851_0.78_0.98.png,-0.1502838134765625,-0.12412643432617188,-0.026157379150390625,-0.10749435424804688,-0.10891342163085938,-0.12412643432617188
856_0.91_1.72.png,0.4800834655761719,0.31789398193359375,0.16218948364257812,0.3483085632324219,0.3372764587402344,0.31789398193359375
867_0.89_1.83.png,0.0108184814453125,0.08340072631835938,-0.07258224487304688,0.055515289306640625,0.046459197998046875,0.08340072631835938
86_0.74_0.98.png,0.15764999389648438,0.08456039428710938,0.073089599609375,0.07155227661132812,0.08146286010742188,0.08456039428710938
879_0.76_1.47.png,-0.2228546142578125,-0.25537872314453125,0.03252410888671875,-0.3251533508300781,-0.2957801818847656,-0.25537872314453125
887_0.59_1.65.png,-0.25975799560546875,-0.20267486572265625,-0.0570831298828125,-0.22234725952148438,-0.22040557861328125,-0.20267486572265625
888_0.91_0.73.png,0.174713134765625,0.296661376953125,-0.1219482421875,0.2986030578613281,0.28607177734375,0.296661376953125
889_0.9_0.87.png,0.18053817749023438,-0.019809722900390625,0.200347900390625,-0.0102081298828125,-0.004261016845703125,-0.019809722900390625
892_0.84_0.9.png,0.184326171875,-0.023708343505859375,0.20803451538085938,-0.0106201171875,0.0347747802734375,-0.023708343505859375
8_0.96_0.8.png,-0.058834075927734375,-0.23748016357421875,0.17864608764648438,-0.17331314086914062,-0.22592544555664062,-0.23748016357421875
913_0.54_1.24.png,-0.3097953796386719,-0.2840614318847656,-0.02573394775390625,-0.3594474792480469,-0.3614387512207031,-0.2840614318847656
91_0.86_1.21.png,0.3666343688964844,0.0866241455078125,0.2800102233886719,0.1225738525390625,0.17423629760742188,0.0866241455078125
922_0.74_0.99.png,0.09085845947265625,-0.0991363525390625,0.18999481201171875,-0.11101531982421875,-0.04235076904296875,-0.0991363525390625
924_0.77_0.94.png,0.12313079833984375,-0.06357955932617188,0.18671035766601562,-0.08180999755859375,-0.0130767822265625,-0.06357955932617188
927_0.73_1.45.png,0.018428802490234375,0.09447479248046875,-0.07604598999023438,0.021617889404296875,0.011943817138671875,0.09447479248046875
931_0.97_1.4.png,-0.19927978515625,-0.37646484375,0.17718505859375,-0.3424949645996094,-0.3528404235839844,-0.37646484375
932_0.81_1.54.png,-0.21821975708007812,-0.322479248046875,0.10425949096679688,-0.27577972412109375,-0.3133659362792969,-0.322479248046875
936_0.91_0.66.png,9.1552734375e-05,-0.07686996459960938,0.07696151733398438,-0.12439727783203125,-0.08686065673828125,-0.07686996459960938
938_0.96_0.78.png,-0.050395965576171875,-0.307525634765625,0.2571296691894531,-0.16817474365234375,-0.229766845703125,-0.307525634765625
939_0.79_1.3.png,-0.07360076904296875,-0.23369979858398438,0.16009902954101562,-0.15586471557617188,-0.1744384765625,-0.23369979858398438
941_0.53_1.08.png,-0.06293869018554688,-0.11507034301757812,0.05213165283203125,-0.24480819702148438,-0.13392257690429688,-0.11507034301757812
942_0.98_1.21.png,0.06523513793945312,-0.04886627197265625,0.11410140991210938,-0.08066940307617188,-0.0545654296875,-0.04886627197265625
943_0.6_1.91.png,-0.4136466979980469,-0.5141067504882812,0.10046005249023438,-0.5794448852539062,-0.4909400939941406,-0.5141067504882812
946_0.8_0.84.png,0.02027130126953125,-0.12259674072265625,0.1428680419921875,-0.1398468017578125,-0.10066986083984375,-0.12259674072265625
956_0.55_1.4.png,-0.024776458740234375,0.040435791015625,-0.06521224975585938,0.0606842041015625,0.000308990478515625,0.040435791015625
961_0.77_1.5.png,-0.15006256103515625,-0.23142242431640625,0.08135986328125,-0.29119873046875,-0.23162460327148438,-0.23142242431640625
966_0.66_0.6.png,-0.0558929443359375,0.14766693115234375,-0.20355987548828125,0.02558135986328125,-0.043994903564453125,0.14766693115234375
968_0.54_1.0.png,-0.051204681396484375,0.11702346801757812,-0.1682281494140625,-0.00838470458984375,0.038166046142578125,0.11702346801757812
96_0.82_0.62.png,0.1763458251953125,0.014141082763671875,0.16220474243164062,0.0153350830078125,0.0091400146484375,0.014141082763671875
980_0.58_0.68.png,-0.18374252319335938,-0.20718765258789062,0.02344512939453125,-0.3741569519042969,-0.3000030517578125,-0.20718765258789062
984_0.67_1.7.png,0.27671051025390625,0.053318023681640625,0.22339248657226562,0.07324600219726562,0.10846710205078125,0.053318023681640625
98_0.97_1.56.png,-0.0386810302734375,-0.114288330078125,0.0756072998046875,-0.12215805053710938,-0.091705322265625,-0.114288330078125
